Date,SPY,QQQ,IWM,EFA,EEM,TLT,GLD,DBC
2007-01-03,98.8694839477539,37.038883209228516,60.278072357177734,41.08803939819336,25.692623138427734,48.42681884765625,62.279998779296875,19.330032348632812
2007-01-04,99.07929229736328,37.74128723144531,60.440006256103516,40.97066116333008,25.337818145751953,48.720375061035156,61.650001525878906,18.826475143432617
2007-01-05,98.28900146484375,37.56138610839844,59.17522048950195,40.35582733154297,24.596988677978516,48.508365631103516,60.16999816894531,18.76150131225586
2007-01-08,98.7436294555664,37.587100982666016,58.94387435913086,40.411712646484375,24.775510787963867,48.5953369140625,60.47999954223633,18.858964920043945
2007-01-09,98.6596908569336,37.775543212890625,59.4991340637207,40.45083999633789,24.22211265563965,48.5953369140625,60.849998474121094,18.69652557373047
2007-01-10,98.98837280273438,38.22097396850586,59.961875915527344,40.14342498779297,24.166330337524414,48.37787628173828,60.59000015258789,18.420385360717773
2007-01-11,99.42198944091797,38.6150016784668,60.33203125,40.400535583496094,24.472036361694336,48.095088958740234,60.630001068115234,18.396015167236328
2007-01-12,100.17729187011719,38.812007904052734,60.91044616699219,40.8588752746582,24.969642639160156,47.87217330932617,62.16999816894531,18.826475143432617
2007-01-16,99.98149871826172,38.78630828857422,60.5017204284668,40.80857849121094,25.058897018432617,47.975486755371094,61.970001220703125,18.396015167236328
2007-01-17,100.02345275878906,38.46937942504883,60.23951721191406,40.83094024658203,24.95401954650879,47.828651428222656,62.63999938964844,18.558456420898438
2007-01-18,99.6877670288086,37.75840759277344,59.73822021484375,40.69120788574219,24.690717697143555,47.975486755371094,62.2599983215332,18.3635311126709
2007-01-19,99.88356018066406,37.83551025390625,59.96957778930664,41.18864822387695,25.134767532348633,47.844970703125,63.0,18.63967514038086
2007-01-22,99.57588958740234,37.42433547973633,59.529998779296875,40.98183822631836,25.10576057434082,47.95915985107422,62.720001220703125,18.655916213989258
2007-01-23,99.86961364746094,37.330116271972656,60.09297180175781,41.345149993896484,25.6770076751709,47.643768310546875,64.2300033569336,19.24881362915039
2007-01-24,100.67387390136719,37.946861267089844,60.74850845336914,41.61345291137695,25.900144577026367,47.63836669921875,64.33000183105469,19.086374282836914
2007-01-25,99.49188995361328,37.4586067199707,59.98500442504883,40.9371223449707,25.103532791137695,47.295738220214844,64.05999755859375,18.915815353393555
2007-01-26,99.40105438232422,37.32155227661133,60.208648681640625,41.015384674072266,25.257497787475586,47.25770568847656,64.16999816894531,19.151350021362305
2007-01-29,99.34503936767578,37.35581970214844,60.733089447021484,41.060089111328125,24.92278289794922,47.15442657470703,63.77000045776367,18.76150131225586
2007-01-30,99.86255645751953,37.372947692871094,61.06470489501953,41.339561462402344,25.308820724487305,47.20876693725586,64.22000122070312,19.28129768371582
2007-01-31,100.53402709960938,37.749855041503906,61.19579315185547,41.49607467651367,25.505176544189453,47.605716705322266,64.83000183105469,19.484346389770508
2007-02-01,101.13542938232422,37.68987274169922,61.8513298034668,41.84261703491211,25.817583084106445,47.548370361328125,65.22000122070312,19.4112491607666
2007-02-02,101.27530670166016,37.82693099975586,61.889915466308594,41.75877380371094,25.739477157592773,47.60844802856445,64.27999877929688,19.663026809692383
2007-02-05,101.30327606201172,37.79267883300781,61.88216018676758,41.62462615966797,25.764026641845703,47.67395782470703,64.30999755859375,19.598052978515625
2007-02-06,101.33129119873047,37.74128723144531,62.03641891479492,41.94881057739258,26.018409729003906,47.936065673828125,64.79000091552734,19.500593185424805
2007-02-07,101.55506134033203,38.08392333984375,62.60712814331055,42.066192626953125,25.917999267578125,48.07796859741211,64.62999725341797,19.26505470275879
2007-02-08,101.42219543457031,38.07535934448242,62.50690460205078,41.89850616455078,25.779647827148438,48.116214752197266,65.5199966430664,19.711759567260742
2007-02-09,100.66688537597656,37.587100982666016,61.936161041259766,41.71964645385742,25.471708297729492,47.84318923950195,66.12000274658203,19.83358383178711
2007-02-12,100.3241958618164,37.44148254394531,61.76649475097656,41.557552337646484,25.297658920288086,47.73401641845703,65.66999816894531,19.45998191833496
2007-02-13,101.17037963867188,37.56996536254883,62.22148132324219,42.08854675292969,25.699323654174805,47.63026428222656,65.83999633789062,19.817344665527344
2007-02-14,101.83483123779297,38.20384979248047,62.314056396484375,42.65866470336914,26.25271224975586,48.083412170410156,66.37000274658203,19.549320220947266
2007-02-15,101.9677505493164,38.42655563354492,62.36033248901367,42.708980560302734,26.268333435058594,48.225372314453125,66.41000366210938,19.549320220947266
2007-02-16,101.91876983642578,38.298072814941406,62.59944152832031,42.69221496582031,26.328580856323242,48.3946418762207,66.36000061035156,19.890438079833984
2007-02-20,102.13557434082031,38.58930587768555,63.20094299316406,42.753692626953125,26.397762298583984,48.50387954711914,65.30999755859375,19.6711483001709
2007-02-21,102.09358978271484,38.70922088623047,63.316650390625,42.53570556640625,26.475858688354492,48.42195129394531,67.3499984741211,20.093486785888672
2007-02-22,102.0166015625,38.9062385559082,63.540306091308594,42.72575759887695,26.408912658691406,48.15987777709961,67.1500015258789,20.36962890625
2007-02-23,101.61798095703125,38.769203186035156,63.20094299316406,42.85988235473633,26.219240188598633,48.50387954711914,67.72000122070312,20.49958038330078
2007-02-26,101.52708435058594,38.580726623535156,63.15471649169922,42.88225555419922,26.208084106445312,48.825950622558594,68.0999984741211,20.556432723999023
2007-02-27,97.5616683959961,36.99603271484375,60.19322204589844,41.15510940551758,24.077072143554688,49.442909240722656,65.41000366210938,20.166582107543945
2007-02-28,98.56175231933594,37.11597442626953,60.79478073120117,41.44575881958008,24.679563522338867,49.21904373168945,66.4800033569336,20.4752140045166
2007-03-01,98.2680435180664,36.944671630859375,60.47854995727539,41.020957946777344,24.32476043701172,49.187843322753906,65.81999969482422,20.32901954650879
2007-03-02,96.981201171875,36.38785171508789,59.275489807128906,40.46760177612305,24.09938621520996,49.43442153930664,63.709999084472656,20.1422176361084
2007-03-05,96.05804443359375,36.10520935058594,57.97216033935547,39.62919235229492,23.481285095214844,49.516624450683594,62.93000030517578,19.841711044311523
2007-03-06,97.70157623291016,36.70481872558594,59.55312728881836,40.8588752746582,24.512195587158203,49.368682861328125,64.1500015258789,20.02851104736328
2007-03-07,97.60366821289062,36.55918884277344,59.360347747802734,40.87005615234375,24.362688064575195,49.56050109863281,64.30000305175781,20.304655075073242
2007-03-08,98.42887115478516,36.80762481689453,59.8076171875,41.350746154785156,24.991952896118164,49.516624450683594,64.4800033569336,20.337142944335938
2007-03-09,98.45689392089844,36.773353576660156,60.29348373413086,41.41781997680664,25.03658676147461,48.99599075317383,64.25,20.069120407104492
2007-03-12,98.60371398925781,37.0131950378418,60.463165283203125,41.686119079589844,25.15931510925293,49.187843322753906,64.37000274658203,19.8823184967041
2007-03-13,96.68743133544922,36.293636322021484,58.91300964355469,40.69120788574219,24.427410125732422,49.483802795410156,63.720001220703125,19.728002548217773
2007-03-14,97.40779876708984,36.824729919433594,59.5377082824707,40.70796203613281,24.628238677978516,49.25905227661133,63.939998626708984,19.768613815307617
2007-03-15,97.54071044921875,36.73908233642578,60.000423431396484,40.89241409301758,24.829063415527344,49.25357437133789,63.97999954223633,19.646785736083984
2007-03-16,97.26756286621094,36.71079635620117,59.5916748046875,40.94270324707031,24.617076873779297,49.24266052246094,64.62000274658203,19.695514678955078
2007-03-19,98.4401626586914,37.08794021606445,60.33203125,41.5743293762207,25.157089233398438,49.13847732543945,64.73999786376953,19.792978286743164
2007-03-20,98.98079681396484,37.353641510009766,60.81019592285156,41.92644500732422,25.32221031188965,49.16586685180664,65.2699966430664,19.817344665527344
2007-03-21,100.6097412109375,38.073612213134766,61.905311584472656,42.82075881958008,26.080890655517578,49.187843322753906,65.81999969482422,19.849830627441406
2007-03-22,100.5324935913086,37.936485290527344,61.905311584472656,42.65866470336914,25.96932029724121,48.798709869384766,65.76000213623047,20.174705505371094
2007-03-23,100.67998504638672,37.81647491455078,62.00113296508789,42.75928497314453,26.089818954467773,48.661678314208984,65.1500015258789,20.182828903198242
2007-03-26,100.54656219482422,37.97076416015625,61.86977767944336,42.776058197021484,26.074199676513672,48.72195816040039,65.83999633789062,20.272167205810547
2007-03-27,100.30785369873047,37.705055236816406,61.58390426635742,42.58600997924805,25.958168029785156,48.639774322509766,65.69999694824219,20.32901954650879
2007-03-28,99.57760620117188,37.30220413208008,61.158905029296875,42.211509704589844,25.494029998779297,48.54115295410156,66.05000305175781,20.523948669433594
2007-03-29,99.68293762207031,37.345054626464844,61.23617935180664,42.5804328918457,26.00055503845215,48.4753532409668,65.6500015258789,20.92191505432129
2007-03-30,99.70397186279297,37.31078338623047,61.390682220458984,42.64749526977539,25.99610137939453,48.38218688964844,65.73999786376953,20.613285064697266
2007-04-02,99.81635284423828,37.36220932006836,61.54525375366211,42.75928497314453,26.17461585998535,48.46244812011719,65.8499984741211,20.41023826599121
2007-04-03,100.89064025878906,37.85075378417969,62.202049255371094,43.11700439453125,26.603046417236328,48.40198516845703,65.83000183105469,20.32901954650879
2007-04-04,101.00296783447266,38.00504684448242,62.194332122802734,43.29587173461914,26.770401000976562,48.45146179199219,66.80999755859375,20.556432723999023
2007-04-05,101.27680206298828,38.19361114501953,62.15566635131836,43.45237731933594,26.794952392578125,48.26997375488281,66.86000061035156,20.5970401763916
2007-04-09,101.417236328125,38.09933090209961,62.24066925048828,43.41883087158203,26.948915481567383,47.950897216796875,66.52999877929688,20.38587188720703
2007-04-10,101.53658294677734,38.296470642089844,62.43383026123047,43.74303436279297,27.07611083984375,48.093910217285156,67.16000366210938,20.670143127441406
2007-04-11,101.12232971191406,37.89363479614258,62.047550201416016,43.530635833740234,26.826190948486328,48.06093215942383,67.08000183105469,20.637651443481445
2007-04-12,101.5716552734375,38.19361114501953,62.464778900146484,43.821292877197266,27.274702072143555,48.07193374633789,66.98999786376953,20.759477615356445
2007-04-13,102.03510284423828,38.2707633972168,62.866539001464844,43.966609954833984,27.40859031677246,47.923404693603516,67.83999633789062,20.873186111450195
2007-04-16,103.00408935546875,38.62218475341797,63.73200225830078,44.4305305480957,27.734376907348633,48.187442779541016,68.4000015258789,20.71074867248535
2007-04-17,103.27786254882812,38.7078971862793,63.538814544677734,44.43611145019531,27.584869384765625,48.45700454711914,68.0,20.49958038330078
2007-04-18,103.40425109863281,38.579322814941406,63.16791534423828,44.419334411621094,27.379575729370117,48.69902801513672,68.37999725341797,20.507701873779297
2007-04-19,103.37621307373047,38.6993293762207,62.866539001464844,44.25167465209961,27.158672332763672,48.616477966308594,67.52999877929688,20.450849533081055
2007-04-20,104.35213470458984,38.91359329223633,63.600616455078125,44.76031494140625,27.48223304748535,48.48998260498047,68.69999694824219,20.7351131439209
2007-04-23,103.95893096923828,38.973609924316406,63.53108596801758,44.3243408203125,27.372888565063477,48.666019439697266,68.26000213623047,20.873186111450195
2007-04-24,104.0011215209961,39.17074203491211,63.50019454956055,44.29639434814453,27.36842155456543,48.847564697265625,67.7300033569336,20.58892059326172
2007-04-25,104.95604705810547,39.693607330322266,63.6778678894043,44.70999526977539,27.707599639892578,48.676979064941406,67.88999938964844,20.995012283325195
2007-04-26,105.07534790039062,39.899288177490234,64.0333480834961,44.50318908691406,27.633956909179688,48.324954986572266,66.87000274658203,20.84882164001465
2007-04-27,104.99114227294922,39.91644287109375,63.76285171508789,44.40816879272461,27.49561309814453,48.31396484375,67.55999755859375,20.95440673828125
2007-04-30,104.12047576904297,39.39360809326172,62.387516021728516,44.246089935302734,26.96453094482422,48.82003402709961,67.08999633789062,20.76759910583496
2007-05-01,104.38729858398438,39.35929870605469,62.6424446105957,44.20136260986328,27.07164764404297,48.855342864990234,66.69000244140625,20.80821418762207
2007-05-02,104.99815368652344,39.787879943847656,63.47700119018555,44.53672790527344,27.60941505432129,48.82780456542969,66.66000366210938,20.645774841308594
2007-05-03,105.56684112548828,39.93356704711914,63.5928955078125,44.59822082519531,27.84147834777832,48.71735382080078,67.48999786376953,20.743236541748047
2007-05-04,105.96707153320312,39.967872619628906,63.99470520019531,45.017425537109375,27.83256721496582,48.91609573364258,68.19000244140625,20.702627182006836
2007-05-07,105.98808288574219,39.967872619628906,63.809268951416016,45.084503173828125,28.013303756713867,49.048606872558594,68.25,20.605161666870117
2007-05-08,105.84770965576172,40.0535888671875,63.58514404296875,44.71559143066406,27.64959144592285,48.93818664550781,67.87999725341797,20.4752140045166
2007-05-09,106.13565063476562,40.139312744140625,63.84016799926758,44.961517333984375,28.095870971679688,48.74497604370117,67.44999694824219,20.36962890625
2007-05-10,105.02619934082031,39.59075164794922,63.0519905090332,44.07279968261719,27.40859031677246,48.86088562011719,66.0,20.288410186767578
2007-05-11,105.92495727539062,40.096458435058594,63.62377166748047,44.81619644165039,28.10479164123535,48.68975067138672,66.44999694824219,20.58892059326172
2007-05-14,105.69328308105469,39.8221549987793,63.06747055053711,44.64851760864258,27.82586097717285,48.562744140625,66.27999877929688,20.515823364257812
2007-05-15,105.7213363647461,39.51359558105469,62.5651969909668,44.72676467895508,27.859333038330078,48.546199798583984,66.54000091552734,20.718870162963867
2007-05-16,106.44452667236328,39.899288177490234,62.90523910522461,44.79385757446289,28.26323127746582,48.5130729675293,65.5999984741211,20.515823364257812
2007-05-17,106.23389434814453,39.710731506347656,62.41841506958008,44.56467056274414,28.16057014465332,48.314327239990234,65.05999755859375,20.686382293701172
2007-05-18,107.16067504882812,40.03645324707031,63.152488708496094,44.905635833740234,28.305622100830078,47.994110107421875,65.5199966430664,20.653894424438477
2007-05-21,107.10452270507812,40.2935676574707,63.94834518432617,44.698829650878906,28.35694694519043,48.13764953613281,65.66999816894531,20.856937408447266
2007-05-22,107.02029418945312,40.3278694152832,64.3424072265625,44.73794174194336,28.361417770385742,47.889183044433594,65.19999694824219,20.556432723999023
2007-05-23,107.03433990478516,40.139312744140625,64.17243194580078,44.967132568359375,28.316783905029297,47.751216888427734,65.54000091552734,20.653894424438477
2007-05-24,106.06539154052734,39.56501770019531,63.330223083496094,44.53672790527344,27.63619041442871,47.79536819458008,64.75,20.540189743041992
2007-05-25,106.50775146484375,39.813594818115234,63.73967742919922,44.82179260253906,28.06016731262207,47.6849250793457,64.94000244140625,20.791969299316406
2007-05-29,106.8939208984375,40.12216567993164,64.32695007324219,44.87767791748047,27.96421241760254,47.67942428588867,65.06999969482422,20.337142944335938
2007-05-30,107.76453399658203,40.44785690307617,64.7596435546875,45.06774139404297,28.249841690063477,47.77881622314453,64.72000122070312,20.532066345214844
2007-05-31,107.65223693847656,40.63643264770508,65.1150894165039,45.29130554199219,28.330169677734375,47.69048309326172,65.54000091552734,20.718870162963867
2007-06-01,108.18583679199219,40.66213607788086,65.44739532470703,45.58754348754883,29.037532806396484,47.439937591552734,66.44000244140625,20.873186111450195
2007-06-04,108.19991302490234,40.78215026855469,65.51692962646484,45.71052932739258,28.908111572265625,47.65608596801758,66.54000091552734,21.05998992919922
2007-06-05,107.77157592773438,40.78215026855469,65.25420379638672,45.47574234008789,28.807689666748047,47.35678482055664,66.37000274658203,20.978771209716797
2007-06-06,106.6130599975586,40.34499740600586,64.52787017822266,44.82179260253906,28.082473754882812,47.334617614746094,66.41000366210938,20.970645904541016
2007-06-07,104.68924713134766,39.71931457519531,63.191043853759766,44.056026458740234,27.64959144592285,46.4865608215332,65.26000213623047,21.076231002807617
2007-06-08,106.05135345458984,40.2078742980957,64.01788330078125,44.53672790527344,28.138273239135742,46.44778823852539,64.22000122070312,20.702627182006836
2007-06-11,106.23389434814453,40.13072204589844,64.0333480834961,44.68765640258789,28.37925148010254,46.31475067138672,64.69999694824219,21.10059928894043
2007-06-12,105.07534790039062,39.89073181152344,62.974708557128906,43.89393615722656,27.8861141204834,45.644065856933594,64.0999984741211,21.043743133544922
2007-06-13,106.64813995361328,40.3278694152832,63.81696319580078,44.46406936645508,28.4439754486084,46.18723678588867,64.52999877929688,21.311765670776367
2007-06-14,107.32926177978516,40.593597412109375,64.39647674560547,44.79385757446289,28.89026641845703,46.07088851928711,64.5999984741211,21.51481056213379
2007-06-15,107.93990325927734,40.96843338012695,65.1614761352539,45.15715789794922,29.548526763916016,46.38679885864258,64.8499984741211,21.644763946533203
2007-06-18,107.81300354003906,40.977020263671875,65.03782653808594,45.40867233276367,29.57529640197754,46.29256820678711,64.94999694824219,21.644763946533203
2007-06-19,108.0809555053711,40.96843338012695,65.20781707763672,45.45340347290039,29.608760833740234,46.724891662597656,65.4800033569336,21.43359375
2007-06-20,106.57892608642578,40.582420349121094,64.07970428466797,44.91682434082031,29.356626510620117,46.34800720214844,64.70999908447266,21.457958221435547
2007-06-21,107.17129516601562,40.951290130615234,64.58196258544922,45.3248291015625,29.72257423400879,46.12630844116211,64.55999755859375,21.360496520996094
2007-06-22,106.16287994384766,40.56528091430664,64.07195281982422,44.698829650878906,29.32984733581543,46.425594329833984,64.77999877929688,21.311765670776367
2007-06-25,105.65518188476562,40.393714904785156,63.73967742919922,44.68765640258789,29.1066951751709,46.68056869506836,64.43000030517578,21.230546951293945
2007-06-26,104.5692367553711,40.162105560302734,63.268394470214844,44.46406936645508,28.852319717407227,46.691654205322266,63.619998931884766,20.986892700195312
2007-06-27,106.05709075927734,40.77973556518555,64.58963775634766,44.78268051147461,29.262907028198242,46.736000061035156,63.66999816894531,20.95440673828125
2007-06-28,106.04302215576172,40.762577056884766,64.58114624023438,44.81619644165039,29.269590377807617,46.724891662597656,64.26000213623047,20.889429092407227
2007-06-29,106.07830047607422,40.831199645996094,64.17857360839844,45.14598846435547,29.372234344482422,47.207115173339844,64.2699966430664,20.873186111450195
2007-07-02,107.03733825683594,41.20005416870117,65.00698852539062,45.799949645996094,29.968034744262695,47.45526885986328,65.0199966430664,21.003135681152344
2007-07-03,107.42513275146484,41.44022750854492,65.31661224365234,46.017948150634766,30.206790924072266,47.16595458984375,64.73999786376953,21.027498245239258
2007-07-05,107.31230926513672,41.74045944213867,65.42501068115234,45.78877639770508,30.34068489074707,46.63737106323242,64.41999816894531,21.22242546081543
2007-07-06,107.87645721435547,41.912017822265625,65.64950561523438,46.11854934692383,30.860599517822266,46.448204040527344,64.95999908447266,21.401105880737305
2007-07-09,107.9610595703125,41.937747955322266,65.58757781982422,46.230323791503906,31.15960693359375,46.6151123046875,65.37999725341797,21.352375030517578
2007-07-10,106.423828125,41.58604431152344,64.51148986816406,45.66580581665039,30.545970916748047,47.405181884765625,65.61000061035156,21.506690979003906
2007-07-11,107.17832946777344,41.869144439697266,64.89855194091797,46.096187591552734,30.798124313354492,46.91557312011719,65.44000244140625,21.555423736572266
2007-07-12,108.87077331542969,42.5124626159668,65.66498565673828,46.73898696899414,31.474241256713867,46.754215240478516,66.0199966430664,21.612276077270508
2007-07-13,109.19508361816406,42.80413055419922,65.72696685791016,46.70543670654297,31.864736557006836,46.88219451904297,66.02999877929688,21.644763946533203
2007-07-16,109.18106079101562,42.761234283447266,65.40177154541016,46.59923553466797,31.55234718322754,47.332862854003906,65.81999969482422,21.26303482055664
2007-07-17,109.12462615966797,43.08720016479492,65.4482192993164,46.44272994995117,31.52779769897461,47.23273468017578,65.75,21.13308334350586
2007-07-18,108.92717742919922,43.03572463989258,65.23921966552734,46.280635833740234,31.141759872436523,47.41075897216797,66.62000274658203,21.376741409301758
2007-07-19,109.35026550292969,43.164398193359375,65.42501068115234,46.54332733154297,31.451929092407227,47.39963150024414,67.01000213623047,21.449838638305664
2007-07-20,108.24319458007812,42.93278503417969,64.44954681396484,46.062660217285156,31.2354736328125,47.82804870605469,67.58000183105469,21.44171714782715
2007-07-23,108.57454681396484,42.94995880126953,64.20954895019531,46.34211730957031,32.13920211791992,47.75017547607422,67.47000122070312,21.344253540039062
2007-07-24,106.69176483154297,42.315189361572266,62.707679748535156,45.64344024658203,31.039113998413086,47.928218841552734,67.47000122070312,21.18181610107422
2007-07-25,106.91038513183594,42.37522888183594,62.47540283203125,45.52047348022461,31.217634201049805,48.022769927978516,66.9000015258789,21.368616104125977
2007-07-26,104.37879943847656,42.014949798583984,60.8032341003418,44.005733489990234,29.626623153686523,48.42341232299805,65.6500015258789,21.141206741333008
2007-07-27,102.32678985595703,41.165733337402344,59.3245735168457,43.396480560302734,29.242826461791992,48.56248474121094,65.41000366210938,21.344253540039062
2007-07-30,103.92750549316406,41.646121978759766,60.35419464111328,44.167823791503906,30.200103759765625,48.42341232299805,65.7699966430664,21.10059928894043
2007-07-31,102.75691986083984,40.771141052246094,59.68842315673828,44.11193084716797,29.581995010375977,48.77396011352539,65.79000091552734,21.271156311035156
2007-08-01,103.25761413574219,41.08852767944336,60.0135498046875,44.184600830078125,29.46596336364746,48.668365478515625,65.93000030517578,21.23866844177246
2007-08-02,104.08263397216797,41.46596145629883,60.48579788208008,44.31874084472656,29.791744232177734,48.79125213623047,65.88999938964844,21.271156311035156
2007-08-03,101.40299224853516,40.67676544189453,58.33361053466797,43.519447326660156,28.50644874572754,49.115230560302734,66.69000244140625,21.03562355041504
2007-08-06,103.10246276855469,41.148563385009766,58.86005783081055,43.99455261230469,29.01522445678711,48.75774383544922,66.5199966430664,20.743236541748047
2007-08-07,104.20256042480469,41.44022750854492,59.765804290771484,44.14547348022461,29.231670379638672,48.71867752075195,66.4800033569336,20.856937408447266
2007-08-08,105.65518188476562,41.894866943359375,61.561912536621094,44.860923767089844,30.213491439819336,48.126564025878906,66.7699966430664,20.824453353881836
2007-08-09,102.52426147460938,40.92555618286133,60.14518356323242,43.5809326171875,28.96388816833496,48.193580627441406,65.45999908447266,20.662015914916992
2007-08-10,102.04470825195312,40.55669403076172,60.43161392211914,42.83195495605469,28.461828231811523,48.08184051513672,66.56999969482422,20.7351131439209
2007-08-13,102.41141510009766,40.831199645996094,60.10647964477539,42.91578674316406,28.74297523498535,48.22153854370117,66.26000213623047,20.58892059326172
2007-08-14,100.84595489501953,40.13638687133789,59.07684326171875,42.50217819213867,27.999906539916992,48.349971771240234,66.29000091552734,20.653894424438477
2007-08-15,99.45672607421875,39.372928619384766,58.21751022338867,41.50725173950195,26.89982795715332,48.17683029174805,66.12999725341797,20.80821418762207
2007-08-16,100.20423126220703,38.98693084716797,59.510345458984375,41.328392028808594,26.442384719848633,48.673980712890625,64.68000030517578,20.450849533081055
2007-08-17,102.04470825195312,39.724639892578125,60.70257568359375,41.70846939086914,27.27916717529297,48.478458404541016,65.01000213623047,20.434602737426758
2007-08-20,101.99542236328125,39.91333770751953,60.7490348815918,41.84261703491211,27.334943771362305,48.50638961791992,65.12000274658203,20.491455078125
2007-08-21,102.19991302490234,40.33367919921875,60.919349670410156,41.81465530395508,27.23453712463379,48.74098205566406,65.06999969482422,20.458969116210938
2007-08-22,103.41277313232422,40.88264465332031,61.64706802368164,42.80399703979492,28.406034469604492,48.66279602050781,65.4000015258789,20.507701873779297
2007-08-23,103.32105255126953,40.771141052246094,60.85737609863281,42.99403762817383,28.55108070373535,48.83034896850586,65.30999755859375,20.572677612304688
2007-08-24,104.59739685058594,41.34587860107422,61.64706802368164,43.74303436279297,29.231670379638672,49.07054901123047,66.11000061035156,20.81633186340332
2007-08-27,103.6242904663086,41.07137680053711,60.79549026489258,43.27910614013672,29.36556053161621,49.32746887207031,65.9800033569336,20.840700149536133
2007-08-28,101.34663391113281,40.09347915649414,59.26259994506836,42.407169342041016,28.17173957824707,49.41123962402344,65.58999633789062,20.62140655517578
2007-08-29,103.3351821899414,41.24293518066406,60.81867218017578,43.37970733642578,29.28744888305664,49.277217864990234,66.06999969482422,20.81633186340332
2007-08-30,103.0601577758789,41.457393646240234,60.40840148925781,43.077884674072266,29.13794708251953,49.60676193237305,65.80000305175781,20.856937408447266
2007-08-31,104.07560729980469,41.920589447021484,60.95803451538086,43.832462310791016,29.889938354492188,49.6458625793457,66.5199966430664,20.86506462097168
2007-09-04,105.12631225585938,42.61540603637695,61.739986419677734,44.23490524291992,30.39422607421875,49.66944885253906,67.44000244140625,21.10059928894043
2007-09-05,104.21662902832031,42.18650817871094,61.16707992553711,43.592105865478516,29.934558868408203,50.06764221191406,67.55999755859375,21.141206741333008
2007-09-06,104.45642852783203,42.152198791503906,61.182552337646484,43.75419616699219,30.168859481811523,49.93865203857422,68.86000061035156,21.05998992919922
2007-09-07,103.00374603271484,41.371585845947266,60.176116943359375,43.22321319580078,29.488279342651367,50.64533996582031,69.38999938964844,21.19805908203125
2007-09-10,102.8062744140625,41.34587860107422,59.340030670166016,43.044342041015625,29.510589599609375,51.03791427612305,69.62000274658203,21.344253540039062
2007-09-11,104.00508880615234,41.9720458984375,60.37741470336914,43.787750244140625,30.10638999938965,50.99867248535156,70.5199966430664,21.392982482910156
2007-09-12,104.27301025390625,41.98063659667969,59.998104095458984,43.832462310791016,30.213491439819336,50.80794143676758,70.45999908447266,21.620397567749023
2007-09-13,105.00642395019531,42.18650817871094,60.14518356323242,44.01691436767578,30.548206329345703,50.353675842285156,70.08000183105469,21.457958221435547
2007-09-14,104.99937438964844,42.220802307128906,60.454833984375,43.759788513183594,30.60845375061035,50.42660140991211,69.98999786376953,21.474205017089844
2007-09-17,104.43524169921875,41.869144439697266,59.789039611816406,43.14495849609375,30.41431999206543,50.667728424072266,70.97000122070312,21.725982666015625
2007-09-18,107.50981140136719,42.924217224121094,62.33610534667969,44.54790496826172,31.887054443359375,50.286354064941406,71.69999694824219,21.807199478149414
2007-09-19,108.14442443847656,43.03572463989258,63.17216110229492,44.95034408569336,32.03209686279297,49.82086181640625,71.43000030517578,21.994003295898438
2007-09-20,107.38282012939453,42.9156379699707,62.54508972167969,44.91120910644531,31.931686401367188,48.87858581542969,72.72000122070312,22.335119247436523
2007-09-21,107.67266082763672,43.221168518066406,62.67668151855469,45.106849670410156,32.355655670166016,49.293643951416016,72.33999633789062,22.48943519592285
2007-09-24,107.47421264648438,43.418556213378906,62.19672775268555,45.20745849609375,32.75731658935547,49.43384552001953,72.27999877929688,22.448827743530273
2007-09-25,107.2617416381836,43.83052444458008,61.94450378417969,45.26336669921875,32.63459014892578,49.2600212097168,72.33000183105469,22.286392211914062
2007-09-26,107.82852935791016,44.04508590698242,62.48775863647461,45.4869270324707,33.0697135925293,49.304874420166016,72.0,22.318876266479492
2007-09-27,108.46613311767578,44.268226623535156,62.86023712158203,46.090599060058594,33.56061935424805,49.646995544433594,72.69999694824219,22.903650283813477
2007-09-28,108.10479736328125,44.1223258972168,62.11524200439453,46.16326141357422,33.34864044189453,49.7591667175293,73.51000213623047,22.830554962158203
2007-10-01,109.32347869873047,44.628684997558594,63.65958786010742,46.755733489990234,34.39741516113281,50.04349136352539,73.9000015258789,22.59501838684082
2007-10-02,109.1746597290039,44.637271881103516,64.07089233398438,46.63835525512695,34.631710052490234,50.20115280151367,72.3499984741211,22.14019775390625
2007-10-03,108.95498657226562,44.328311920166016,63.892398834228516,46.42595672607422,33.582942962646484,50.05475997924805,71.9000015258789,22.16456413269043
2007-10-04,109.1250991821289,44.4312858581543,63.993282318115234,46.58805847167969,33.91765594482422,50.246185302734375,72.87000274658203,22.47319221496582
2007-10-05,110.42166900634766,45.33244705200195,65.28929138183594,47.06314468383789,35.048988342285156,49.70570755004883,73.4000015258789,22.538164138793945
2007-10-08,109.83356475830078,45.61568832397461,64.80036163330078,46.62717819213867,34.676334381103516,49.66629409790039,72.52999877929688,22.06709861755371
2007-10-09,110.86803436279297,45.81306838989258,65.32808685302734,47.147003173828125,35.216346740722656,49.60431671142578,73.08999633789062,22.22141456604004
2007-10-10,110.68385314941406,45.92464065551758,65.27376556396484,47.05757141113281,35.263206481933594,49.63250732421875,73.36000061035156,22.481311798095703
2007-10-11,110.15239715576172,45.19512939453125,64.53649139404297,47.27556610107422,34.953025817871094,49.58177185058594,73.91000366210938,22.733091354370117
2007-10-12,110.76171875,45.94182205200195,65.04875946044922,47.48236846923828,35.59122085571289,49.33971405029297,74.58999633789062,22.83867835998535
2007-10-15,109.8265151977539,45.58991622924805,64.29595947265625,47.09668731689453,35.15610122680664,49.350948333740234,75.13999938964844,23.228527069091797
2007-10-16,108.95498657226562,45.37537384033203,63.558677673339844,46.37007141113281,34.504512786865234,49.36786651611328,75.12000274658203,23.25288963317871
2007-10-17,109.28800964355469,45.95896911621094,63.807044982910156,46.861942291259766,35.301151275634766,49.90837860107422,74.5,23.131059646606445
2007-10-18,108.89128112792969,46.15635299682617,63.6518440246582,46.973731994628906,35.47965621948242,50.18428421020508,76.0,23.545276641845703
2007-10-19,106.04300689697266,45.006324768066406,61.377994537353516,45.93967819213867,33.96228790283203,50.933143615722656,75.69999694824219,23.480302810668945
2007-10-22,106.65941619873047,45.547000885009766,62.67402267456055,45.88376998901367,34.207740783691406,50.93876266479492,74.5999984741211,23.415328979492188
2007-10-23,107.5238037109375,46.49966049194336,63.1551399230957,46.53215789794922,35.15610122680664,50.87117385864258,75.2300033569336,23.25288963317871
2007-10-24,107.3254165649414,46.14780044555664,62.7515983581543,46.43156051635742,34.92625427246094,51.2484016418457,75.5199966430664,23.334110260009766
2007-10-25,107.58048248291016,45.529842376708984,62.59636306762695,46.64396286010742,35.37030792236328,51.07390594482422,76.02999877929688,23.878273010253906
2007-10-26,108.84162902832031,46.285091400146484,63.64409637451172,47.48796081542969,36.37223434448242,50.95564270019531,77.69000244140625,24.243757247924805
2007-10-29,109.2030258178711,46.47391891479492,63.5742073059082,47.834510803222656,37.20900344848633,51.15269088745117,78.12000274658203,24.641727447509766
2007-10-30,108.44490051269531,46.568336486816406,63.06972885131836,47.454437255859375,36.50611114501953,51.12459182739258,77.3499984741211,24.089441299438477
2007-10-31,109.57144165039062,47.22918701171875,63.8846435546875,48.12515640258789,37.30720520019531,50.6628303527832,78.62000274658203,24.771678924560547
2007-11-01,107.00665283203125,46.345184326171875,61.416778564453125,47.11346435546875,35.80098342895508,51.32114791870117,77.93000030517578,24.454927444458008
2007-11-02,107.1270980834961,46.70563888549805,61.719451904296875,47.37617111206055,36.00403594970703,51.485130310058594,79.83000183105469,24.98284912109375
2007-11-05,106.31226348876953,46.40525436401367,60.904571533203125,46.62160873413086,34.7522087097168,51.46247100830078,79.75,24.820409774780273
2007-11-06,107.74343872070312,46.92879867553711,62.05315399169922,47.325862884521484,36.07097244262695,51.21367645263672,81.43000030517578,25.47015953063965
2007-11-07,104.79606628417969,45.787330627441406,60.1285400390625,46.504215240478516,34.92180252075195,51.304176330566406,82.23999786376953,25.340211868286133
2007-11-08,104.26464080810547,44.39696502685547,60.30704116821289,46.58805847167969,35.10031509399414,51.21367645263672,82.2300033569336,25.27523422241211
2007-11-09,102.83345794677734,42.91217803955078,59.639652252197266,45.68256378173828,34.27467727661133,51.64911651611328,82.18000030517578,25.26711082458496
2007-11-12,101.81321716308594,41.82222366333008,59.06535720825195,44.93357849121094,32.37797927856445,51.835750579833984,78.30000305175781,24.714826583862305
2007-11-13,104.91651916503906,43.54730224609375,60.92012023925781,46.14089584350586,34.66518020629883,51.643470764160156,79.12000274658203,24.243757247924805
2007-11-14,104.62602233886719,42.989437103271484,60.57087707519531,46.068233489990234,34.69865036010742,51.7000617980957,80.27999877929688,24.787921905517578
2007-11-15,103.11687469482422,42.757720947265625,59.70946502685547,45.30805587768555,33.899810791015625,52.18635177612305,77.94999694824219,24.544267654418945
2007-11-16,103.29397583007812,43.15251541137695,59.205047607421875,45.45340347290039,34.31932067871094,52.25990676879883,77.75,24.625484466552734
2007-11-19,101.85569763183594,42.65473556518555,57.924522399902344,44.25167465209961,32.73722457885742,52.59919738769531,77.23999786376953,24.812288284301758
2007-11-20,102.47928619384766,42.826377868652344,58.258270263671875,45.24100112915039,33.636497497558594,52.54266357421875,79.47000122070312,25.429548263549805
2007-11-21,100.38201904296875,42.31999588012695,57.03985595703125,44.21813201904297,31.94283676147461,52.84803771972656,79.36000061035156,25.462038040161133
2007-11-23,102.11786651611328,42.7748908996582,58.25050354003906,45.33042526245117,32.88673782348633,53.006412506103516,81.25,25.697568893432617
2007-11-26,99.86481475830078,42.03680419921875,56.72941970825195,44.62057113647461,31.58134651184082,54.052581787109375,81.30000305175781,25.380817413330078
2007-11-27,101.01261901855469,42.87787628173828,57.38908004760742,45.22422790527344,32.79078674316406,53.5379524230957,80.0999984741211,25.17777442932129
2007-11-28,104.24342346191406,44.182403564453125,59.65513229370117,46.50980758666992,34.58708190917969,53.176025390625,79.56999969482422,24.869142532348633
2007-11-29,104.27888488769531,44.371212005615234,59.1429328918457,46.12973403930664,34.16311264038086,53.63411331176758,78.27999877929688,24.925994873046875
2007-11-30,105.32746887207031,44.0365104675293,59.484405517578125,46.381256103515625,34.45320129394531,53.373958587646484,77.31999969482422,24.61736297607422
2007-12-03,104.63312530517578,43.667484283447266,58.785953521728516,46.207969665527344,34.154170989990234,53.79753875732422,78.27999877929688,24.796043395996094
2007-12-04,103.69789123535156,43.48722839355469,58.16514205932617,45.91733169555664,34.0649299621582,53.79184341430664,79.4000015258789,24.909751892089844
2007-12-05,105.4337387084961,44.268226623535156,59.32142639160156,46.448326110839844,35.57783508300781,53.15024948120117,78.62999725341797,24.72294807434082
2007-12-06,106.9428482055664,44.903316497802734,60.72609329223633,46.889888763427734,36.1379280090332,52.68468475341797,79.37000274658203,25.16965103149414
2007-12-07,106.92160034179688,44.91192626953125,60.91236114501953,46.70543670654297,35.70948791503906,52.094181060791016,78.5999984741211,25.08843231201172
2007-12-10,107.75055694580078,45.09214401245117,61.39350509643555,47.186119079589844,35.72064208984375,51.7818717956543,80.0,25.072189331054688
2007-12-11,104.79606628417969,44.04508590698242,59.2515754699707,45.95644760131836,34.207740783691406,52.79823303222656,78.83999633789062,25.29147720336914
2007-12-12,105.83045959472656,44.43987274169922,59.68619918823242,46.878700256347656,35.23419189453125,52.253177642822266,80.48999786376953,25.981834411621094
2007-12-13,105.61088562011719,44.19955825805664,59.360252380371094,45.92292404174805,34.2657585144043,51.685359954833984,78.5,25.705692291259766
2007-12-14,104.27175903320312,43.74470138549805,58.20391845703125,44.68204879760742,33.44905090332031,51.44687271118164,78.5199966430664,25.52701187133789
2007-12-17,102.78386688232422,42.68046188354492,57.311466217041016,43.731849670410156,32.023170471191406,51.90683364868164,78.12999725341797,25.40216636657715
2007-12-18,103.3577651977539,42.81779098510742,58.33587646484375,44.279605865478516,32.90236282348633,52.24180221557617,79.25,25.29396629333496
2007-12-19,103.3577651977539,42.80921936035156,58.74713134765625,43.916297912597656,33.1165771484375,52.934513092041016,79.23999786376953,25.53533363342285
2007-12-20,104.00959014892578,43.68464660644531,59.63186264038086,44.229312896728516,33.29731369018555,52.82095718383789,78.66999816894531,25.427135467529297
2007-12-21,105.50896453857422,44.546348571777344,60.99772644042969,44.860923767089844,34.30146408081055,52.048744201660156,80.0999984741211,25.726764678955078
2007-12-24,106.29244995117188,44.881385803222656,61.4400634765625,45.04435729980469,34.88161849975586,51.804622650146484,80.13999938964844,25.918197631835938
2007-12-26,106.52037811279297,45.10479736328125,61.72723388671875,45.17047119140625,35.06241989135742,51.35041427612305,81.5199966430664,26.226154327392578
2007-12-27,105.18130493164062,44.56353759765625,60.260982513427734,44.89531326293945,34.25331497192383,51.91019058227539,81.55999755859375,26.31770896911621
2007-12-28,104.91776275634766,44.52054977416992,59.614681243896484,45.27937698364258,34.382137298583984,52.719703674316406,83.0,26.234477996826172
2007-12-31,104.1413803100586,44.005069732666016,59.10078430175781,44.99849319458008,33.96855545043945,53.03888702392578,82.45999908447266,26.26776695251465
2008-01-02,103.2297134399414,43.309181213378906,58.524539947509766,44.83797073364258,33.40805435180664,53.80281448364258,84.86000061035156,26.991880416870117
2008-01-03,103.17982482910156,43.48958206176758,57.878273010253906,44.912498474121094,33.708641052246094,53.72868728637695,85.56999969482422,27.199960708618164
2008-01-04,100.65126037597656,41.582305908203125,56.134033203125,43.89216232299805,32.696144104003906,53.74007797241211,85.12999725341797,27.04182243347168
2008-01-07,100.56578063964844,41.38471603393555,56.25862121582031,43.93802261352539,32.935707092285156,53.973846435546875,84.7699966430664,26.550756454467773
2008-01-08,98.94178771972656,40.3107795715332,54.5222053527832,43.6915283203125,32.680320739746094,53.91115951538086,86.77999877929688,26.792125701904297
2008-01-09,99.98174285888672,41.16992950439453,55.0750732421875,44.006797790527344,33.751583099365234,54.01375198364258,86.55000305175781,26.525787353515625
2008-01-10,100.63695526123047,41.23005676269531,55.83036422729492,43.96095275878906,34.149356842041016,53.284061431884766,88.25,26.40093994140625
2008-01-11,99.82498168945312,40.422481536865234,54.67791748046875,43.08391571044922,33.188838958740234,53.70026397705078,88.58000183105469,26.642309188842773
2008-01-14,100.62985229492188,41.126953125,55.12957763671875,43.77178955078125,33.6770133972168,53.89970779418945,89.54000091552734,26.97523307800293
2008-01-15,98.41472625732422,39.99290084838867,54.117313385009766,42.350162506103516,32.15373992919922,54.503963470458984,87.98999786376953,26.642309188842773
2008-01-16,97.56708526611328,39.56333541870117,54.17182159423828,41.496055603027344,30.81578254699707,54.110679626464844,86.69999694824219,26.392616271972656
2008-01-17,95.03854370117188,39.013484954833984,52.855873107910156,40.87125015258789,29.918546676635742,54.811832427978516,86.5,26.051368713378906
2008-01-18,94.06275177001953,38.961944580078125,52.341949462890625,41.10626220703125,30.60108184814453,54.43559646606445,87.41999816894531,26.1512451171875
2008-01-22,93.10829162597656,37.95673751831055,51.96816635131836,39.95981216430664,29.832660675048828,55.017032623291016,88.16999816894531,26.0596923828125
2008-01-23,95.34483337402344,37.81070327758789,53.743534088134766,39.72478103637695,30.02251434326172,54.8916015625,87.88999938964844,25.568626403808594
2008-01-24,96.14969635009766,38.58391571044922,53.704620361328125,41.117733001708984,30.605592727661133,53.791404724121094,90.08000183105469,26.20118522644043
2008-01-25,94.76074981689453,37.79349136352539,53.3152961730957,40.52157974243164,30.140037536621094,54.697853088378906,90.30000305175781,26.78380584716797
2008-01-28,96.3277359008789,38.08561325073242,54.44436264038086,40.97443771362305,30.885845184326172,54.49261474609375,91.75,26.90865135192871
2008-01-29,96.80496978759766,38.15435028076172,54.58449935913086,41.220909118652344,30.73442268371582,54.12207794189453,91.1500015258789,27.133373260498047
2008-01-30,96.09273529052734,38.11997985839844,53.899269104003906,41.03173828125,30.329866409301758,53.76858901977539,92.05999755859375,26.900327682495117
2008-01-31,97.84490966796875,38.77293395996094,55.238582611083984,41.4673957824707,30.937829971313477,54.150543212890625,91.4000015258789,27.033496856689453
2008-02-01,99.41902923583984,39.16814041137695,56.53895950317383,42.161014556884766,31.554824829101562,54.47604751586914,89.3499984741211,26.55908203125
2008-02-04,98.1654052734375,38.61827850341797,55.90045166015625,41.731109619140625,31.652002334594727,53.91538619995117,89.0999984741211,27.025175094604492
2008-02-05,95.53714752197266,37.518558502197266,54.46770095825195,39.81650161743164,29.947927474975586,54.3272705078125,87.68000030517578,26.80044937133789
2008-02-06,94.76789093017578,36.77973175048828,53.743534088134766,39.7821044921875,29.457494735717773,54.16142272949219,88.94999694824219,26.67560386657715
2008-02-07,95.39466094970703,37.0374641418457,54.59228515625,39.58148956298828,29.956968307495117,52.99446105957031,89.8499984741211,27.00020408630371
2008-02-08,94.78211212158203,37.45844650268555,54.24967956542969,39.17448806762695,29.90047264099121,53.6008186340332,91.0,27.80754852294922
2008-02-11,95.26647186279297,37.86224365234375,54.27305603027344,39.38084411621094,30.2711124420166,53.823917388916016,91.33000183105469,27.99065589904785
2008-02-12,96.14969635009766,37.64745330810547,54.701316833496094,40.229225158691406,30.759275436401367,53.50355911254883,89.33000183105469,27.424686431884766
2008-02-13,97.13260650634766,38.47224807739258,55.93937683105469,40.504371643066406,31.450847625732422,52.937225341796875,89.44000244140625,27.6494083404541
2008-02-14,96.27787017822266,37.776329040527344,54.64678955078125,40.3209342956543,31.046314239501953,52.15925598144531,89.70999908447266,28.207056045532227
2008-02-15,96.25651550292969,37.64745330810547,54.4054069519043,40.4699821472168,31.267789840698242,52.5596923828125,89.1500015258789,28.073884963989258
2008-02-19,96.52719116210938,37.5787353515625,55.0750732421875,40.865509033203125,31.676860809326172,52.027706146240234,91.58000183105469,28.989431381225586
2008-02-20,96.8121109008789,37.750553131103516,55.10620880126953,40.653419494628906,31.941287994384766,52.388065338134766,93.23999786376953,29.139245986938477
2008-02-21,96.00721740722656,37.38970947265625,54.05500030517578,40.57889938354492,31.493797302246094,52.94294357299805,93.25,28.981107711791992
2008-02-22,96.59841918945312,37.527183532714844,54.05500030517578,41.09479904174805,31.916427612304688,52.63978576660156,93.38999938964844,29.380617141723633
2008-02-25,97.81639862060547,37.7161865234375,55.10620880126953,41.748291015625,32.51081848144531,52.10204315185547,92.73999786376953,29.663599014282227
2008-02-26,98.55008697509766,37.86224365234375,55.6201171875,42.36738204956055,32.94023895263672,52.11921691894531,93.70999908447266,30.296161651611328
2008-02-27,98.45030975341797,38.051239013671875,55.59678268432617,42.504947662353516,33.21821594238281,52.16496276855469,94.77999877929688,30.254539489746094
2008-02-28,97.48875427246094,37.905189514160156,54.75580596923828,42.09794616699219,32.861122131347656,53.091644287109375,95.98999786376953,30.545852661132812
2008-02-29,95.31632232666016,36.90000534057617,53.618961334228516,41.04320526123047,31.554824829101562,53.90400314331055,96.18000030517578,30.046466827392578
2008-03-03,95.08838653564453,36.659446716308594,53.10503387451172,41.16358184814453,31.72658920288086,53.765052795410156,97.23999786376953,30.487592697143555
2008-03-04,94.72518920898438,36.86564636230469,52.7935791015625,40.53877639770508,30.989803314208984,53.24256134033203,95.18000030517578,30.379390716552734
2008-03-05,95.32343292236328,37.04603576660156,53.299686431884766,41.02602005004883,31.640703201293945,52.60520935058594,97.72000122070312,31.045242309570312
2008-03-06,93.3504409790039,36.2298698425293,51.52433395385742,40.44132614135742,30.555870056152344,52.88656234741211,96.5,31.278287887573242
2008-03-07,92.38890838623047,36.14396286010742,51.36082077026367,39.965545654296875,30.133255004882812,52.95548629760742,96.08999633789062,30.96200942993164
2008-03-10,91.17089080810547,35.44805908203125,50.22398376464844,39.764915466308594,29.60439682006836,53.736351013183594,95.87000274658203,31.544626235961914
2008-03-11,94.44734954833984,36.796913146972656,52.40422821044922,41.020286560058594,31.59550666809082,53.277000427246094,95.98999786376953,32.03569793701172
2008-03-12,93.56414794921875,36.69379806518555,51.796871185302734,41.020286560058594,31.01014518737793,54.30479049682617,97.01000213623047,32.38526916503906
2008-03-13,93.77068328857422,36.977325439453125,52.832496643066406,41.08906936645508,30.72764778137207,53.8798713684082,98.33999633789062,32.418556213378906
2008-03-14,92.31768798828125,36.298614501953125,51.5009765625,40.097389221191406,29.63829231262207,54.54594039916992,98.70999908447266,32.3769416809082
2008-03-17,91.38456726074219,35.63706588745117,50.66002655029297,39.48976135253906,28.90604591369629,54.96504211425781,99.16999816894531,31.07853126525879
2008-03-18,95.1810302734375,37.22648620605469,52.988243103027344,40.699275970458984,30.408966064453125,54.75260543823242,96.5,31.769350051879883
2008-03-19,92.82339477539062,36.30720520019531,51.66450881958008,39.22608184814453,28.58284568786621,55.65980911254883,93.04000091552734,30.396041870117188
2008-03-20,94.54271697998047,37.04921340942383,52.544403076171875,39.81650161743164,29.06424331665039,55.7976188659668,89.91000366210938,29.17254066467285
2008-03-24,96.43245697021484,38.330345153808594,54.58782196044922,40.54450607299805,30.17845916748047,54.71818161010742,90.0999984741211,29.705217361450195
2008-03-25,96.52549743652344,38.54528045654297,54.767208099365234,41.13492202758789,30.641756057739258,54.94784927368164,92.7300033569336,30.00484848022461
2008-03-26,95.34445190429688,38.433509826660156,54.31486129760742,41.13492202758789,30.39316177368164,54.71818161010742,93.80000305175781,30.903749465942383
2008-03-27,95.04375457763672,37.58230209350586,53.815696716308594,41.10052490234375,30.24625587463379,54.3334846496582,93.45999908447266,31.244993209838867
2008-03-28,94.13469696044922,37.39315414428711,53.18394470214844,41.06614303588867,30.19200897216797,54.86172103881836,91.87999725341797,30.504243850708008
2008-03-31,94.46395874023438,37.59090805053711,53.26191711425781,41.215179443359375,30.37055778503418,55.05692672729492,90.41000366210938,29.771799087524414
2008-04-01,97.7853012084961,39.19874572753906,55.21180725097656,42.51641082763672,31.53675079345703,54.16083526611328,86.86000061035156,29.60533905029297
2008-04-02,97.8497085571289,39.11275100708008,55.34436798095703,42.60813522338867,31.559328079223633,54.27619552612305,89.2699966430664,30.487592697143555
2008-04-03,98.0930404663086,39.19874572753906,55.515953063964844,42.734249114990234,31.943553924560547,54.39727020263672,89.41999816894531,30.654052734375
2008-04-04,97.98573303222656,39.430885314941406,55.50038146972656,42.87753677368164,31.814739227294922,54.893157958984375,90.25,30.870454788208008
2008-04-07,98.03585052490234,39.34490966796875,55.40677261352539,43.141231536865234,32.23736572265625,54.6048583984375,91.16999816894531,31.203384399414062
2008-04-08,97.93560028076172,39.043975830078125,55.3521842956543,42.688377380371094,32.06106948852539,54.41457748413086,90.3499984741211,31.328227996826172
2008-04-09,97.22693634033203,38.60546875,54.447452545166016,42.33871078491211,31.56159782409668,54.97965621948242,92.29000091552734,31.852582931518555
2008-04-10,97.36296081542969,39.15575408935547,55.02458572387695,42.20686721801758,32.013607025146484,54.79513168334961,91.7699966430664,31.711088180541992
2008-04-11,95.4732666015625,38.0723762512207,53.61290740966797,41.639373779296875,31.491548538208008,55.16417694091797,91.30000305175781,31.586246490478516
2008-04-14,95.15113830566406,37.90043258666992,53.44911575317383,41.731109619140625,31.41695785522461,54.84131622314453,91.11000061035156,31.802644729614258
2008-04-15,95.37303161621094,37.952030181884766,53.792293548583984,42.023441314697266,31.78534507751465,54.16083526611328,91.66000366210938,32.18550109863281
2008-04-16,97.95706939697266,39.00957489013672,55.53154754638672,43.34757995605469,32.72552490234375,53.630367279052734,93.2699966430664,32.493465423583984
2008-04-17,98.10023498535156,38.92359924316406,55.313167572021484,42.86607360839844,32.488216400146484,53.53813171386719,92.55999755859375,32.343650817871094
2008-04-18,99.12384796142578,40.161739349365234,55.89812088012695,43.169891357421875,32.978660583496094,53.49203109741211,90.62000274658203,32.36029815673828
2008-04-21,99.17391967773438,40.44544982910156,55.905914306640625,43.50810241699219,33.14590835571289,53.70534896850586,90.25,32.40190887451172
2008-04-22,98.73727416992188,39.84358596801758,54.884220123291016,43.05524444580078,32.838539123535156,53.88987350463867,90.2699966430664,32.601661682128906
2008-04-23,98.57984161376953,40.2820930480957,55.02458572387695,43.27880859375,33.31087875366211,53.71110916137695,89.22000122070312,32.29370880126953
2008-04-24,99.00932312011719,40.643218994140625,55.554954528808594,42.99791717529297,32.88372802734375,53.255577087402344,87.22000122070312,31.752708435058594
2008-04-25,99.9255142211914,40.540035247802734,56.077510833740234,43.35333251953125,33.12556076049805,52.9442138671875,87.2699966430664,32.335323333740234
2008-04-28,99.94701385498047,40.61742401123047,56.45186996459961,43.60554504394531,33.06227111816406,53.105674743652344,87.69000244140625,32.41023254394531
2008-04-29,99.5533447265625,40.92695999145508,55.952720642089844,43.22148513793945,32.47691345214844,53.3074951171875,85.80999755859375,31.62786293029785
2008-04-30,98.9663314819336,40.591636657714844,55.687557220458984,43.456512451171875,33.14590835571289,53.68805694580078,86.6500015258789,31.569595336914062
2008-05-01,101.01355743408203,41.872737884521484,56.646888732910156,43.72018051147461,33.49846649169922,53.69151306152344,83.98999786376953,30.837160110473633
2008-05-02,101.29269409179688,41.93292999267578,56.58446502685547,43.84056091308594,33.81938934326172,53.01445770263672,84.58000183105469,31.61954116821289
2008-05-05,100.80597686767578,41.81254959106445,56.36606216430664,43.915096282958984,33.794525146484375,53.01445770263672,86.2699966430664,32.27706527709961
2008-05-06,101.67921447753906,42.07052230834961,56.82625198364258,44.24184036254883,34.171958923339844,52.63248062133789,86.62999725341797,32.701541900634766
2008-05-07,99.86824798583984,41.30527877807617,55.81232452392578,43.46797180175781,33.15494155883789,52.85821533203125,85.81999969482422,32.759803771972656
2008-05-08,99.61053466796875,41.61479187011719,55.929325103759766,43.8463020324707,33.49620819091797,53.33277130126953,87.23999786376953,33.292484283447266
2008-05-09,99.42445373535156,41.45143127441406,55.76554870605469,43.49662780761719,33.22273254394531,53.52948760986328,87.41999816894531,33.80851364135742
2008-05-12,100.5411148071289,42.208091735839844,56.99006271362305,43.93229293823242,33.64990234375,53.4484977722168,86.98999786376953,33.234222412109375
2008-05-13,100.55543518066406,42.31985092163086,57.317604064941406,43.78324508666992,33.81035232543945,52.86397933959961,85.38999938964844,33.417327880859375
2008-05-14,100.76300811767578,42.22526550292969,57.24742889404297,43.78324508666992,33.891719818115234,52.88711929321289,85.19999694824219,32.87632751464844
2008-05-15,102.02281951904297,42.964698791503906,57.36439895629883,44.528446197509766,34.61266326904297,53.36748504638672,87.0,33.25086975097656
2008-05-16,102.11585998535156,42.99910354614258,57.67639923095703,45.009944915771484,35.05338668823242,53.14756774902344,89.0999984741211,33.73360824584961
2008-05-19,102.39503479003906,42.68956756591797,57.69203186035156,44.8265266418457,35.06017303466797,53.21696090698242,89.38999938964844,33.78355026245117
2008-05-20,101.56471252441406,42.36282730102539,57.48139190673828,44.41379165649414,34.45220947265625,53.49478530883789,90.9000015258789,34.24964141845703
2008-05-21,99.8468017578125,41.4256477355957,56.66246032714844,43.90935134887695,34.101905822753906,53.50632858276367,91.95999908447266,35.2484130859375
2008-05-22,99.86109924316406,41.57182693481445,57.06800842285156,44.41953659057617,34.20134735107422,52.87556076049805,90.9800033569336,34.7407112121582
2008-05-23,98.5225601196289,41.44283676147461,56.31928634643555,43.915096282958984,33.60468673706055,53.107032775878906,91.2300033569336,34.807289123535156
2008-05-27,99.2527084350586,42.17369079589844,57.18501281738281,43.8291130065918,33.55044937133789,52.74824142456055,89.36000061035156,34.24964141845703
2008-05-28,99.7107925415039,42.34562683105469,57.45022201538086,43.82337188720703,34.00244903564453,52.27949905395508,89.13999938964844,34.466041564941406
2008-05-29,100.21179962158203,42.723968505859375,58.0351676940918,43.72591781616211,34.0770378112793,51.90336227416992,86.51000213623047,33.52552795410156
2008-05-30,100.46238708496094,42.99910354614258,58.237953186035156,43.97240447998047,34.194557189941406,52.24475860595703,87.44999694824219,33.7502555847168
2008-06-02,99.42445373535156,42.474609375,57.70756912231445,43.51382827758789,33.787757873535156,52.4462890625,87.95999908447266,34.199703216552734
2008-06-03,98.84468078613281,42.242469787597656,57.590599060058594,43.42210388183594,33.17755126953125,52.82383728027344,86.87999725341797,33.392356872558594
2008-06-04,98.79458618164062,42.784149169921875,57.94935607910156,43.169891357421875,32.888248443603516,52.353416442871094,86.6500015258789,32.892974853515625
2008-06-05,100.7701644897461,43.46339416503906,59.43122482299805,43.88643264770508,33.934654235839844,52.03971862792969,86.44999694824219,34.141441345214844
2008-06-06,97.55622863769531,42.1564826965332,57.65299606323242,42.625335693359375,32.70518112182617,52.7134895324707,89.05999755859375,35.0153694152832
2008-06-09,97.79240417480469,41.93292999267578,57.46581268310547,42.56800842285156,32.6215705871582,52.7134895324707,87.98999786376953,35.373260498046875
2008-06-10,97.30569458007812,41.73517608642578,57.04462814331055,41.845733642578125,31.86896324157715,52.37082290649414,85.55000305175781,35.231773376464844
2008-06-11,95.87411499023438,40.72919464111328,56.05413055419922,41.31263732910156,31.39209747314453,52.24885559082031,87.0199966430664,36.53017807006836
2008-06-12,96.23917388916016,40.77219009399414,56.171138763427734,41.1693229675293,31.57516860961914,51.726139068603516,85.5999984741211,36.52185821533203
2008-06-13,97.45601654052734,41.588993072509766,57.18501281738281,41.54765319824219,31.916427612304688,51.61576461791992,85.83000183105469,36.28880310058594
2008-06-16,97.51326751708984,41.95873260498047,57.54379653930664,41.75974655151367,32.02490997314453,51.62739181518555,87.01000213623047,36.255516052246094
2008-06-17,97.04086303710938,41.73517608642578,57.497013092041016,41.8858642578125,32.1605224609375,51.73196029663086,87.25,36.62173080444336
2008-06-18,96.09600067138672,41.28806686401367,57.036834716796875,41.541908264160156,32.00456237792969,52.16756057739258,88.27999877929688,37.121116638183594
2008-06-19,96.21770477294922,41.93292999267578,57.512603759765625,41.461673736572266,32.054283142089844,51.85971450805664,88.41999816894531,36.255516052246094
2008-06-20,94.65591430664062,40.80061721801758,56.600067138671875,40.55595016479492,31.00788116455078,52.16173553466797,88.94999694824219,36.50520706176758
2008-06-23,94.56238555908203,40.48229217529297,56.06971740722656,40.550228118896484,31.098289489746094,52.272071838378906,87.08999633789062,36.763221740722656
2008-06-24,94.3753662109375,40.275794982910156,55.14157485961914,40.36680603027344,30.960426330566406,52.62055206298828,87.47000122070312,36.77154541015625
2008-06-25,94.82138061523438,40.92969512939453,55.76554870605469,40.79785919189453,31.580385208129883,52.643795013427734,87.41999816894531,36.63005447387695
2008-06-26,92.24598693847656,39.2776985168457,54.33046340942383,39.7640380859375,30.496841430664062,52.99808883666992,90.61000061035156,37.84523010253906
2008-06-27,91.74241638183594,39.2776985168457,54.38505172729492,39.86916732788086,30.791732788085938,53.61953353881836,91.47000122070312,37.945106506347656
2008-06-30,92.06613159179688,38.86470413208008,53.854679107666016,40.108638763427734,31.02488899230957,53.63116455078125,91.4000015258789,37.27093505859375
2008-07-01,92.35391998291016,39.415382385253906,53.893672943115234,39.676422119140625,30.47169303894043,53.50407791137695,92.66000366210938,37.928466796875
2008-07-02,90.77129364013672,38.468929290771484,52.36479949951172,39.045623779296875,29.603029251098633,53.78389358520508,93.16999816894531,38.65257263183594
2008-07-03,90.8647689819336,38.400089263916016,52.082969665527344,39.29677200317383,29.518444061279297,53.66731643676758,92.05999755859375,38.635929107666016
2008-07-07,89.93677520751953,38.632408142089844,51.42536544799805,38.958003997802734,29.413297653198242,53.9120979309082,91.2300033569336,38.111572265625
2008-07-08,91.5337905883789,39.55303955078125,53.28853225708008,39.16244125366211,29.774473190307617,54.26183319091797,90.86000061035156,36.72993469238281
2008-07-09,89.77133178710938,38.50334167480469,51.86376953125,38.65427780151367,29.17327308654785,54.50083923339844,91.5,36.70496368408203
2008-07-10,90.13822174072266,38.959373474121094,52.372623443603516,38.987205505371094,29.701324462890625,54.4949951171875,93.52999877929688,37.703731536865234
2008-07-11,89.08790588378906,38.3398551940918,52.662269592285156,38.37392807006836,29.5024471282959,53.719783782958984,95.16000366210938,38.22809982299805
2008-07-14,88.28219604492188,38.05592346191406,51.79330825805664,38.29215621948242,29.46588134765625,54.19188690185547,95.91000366210938,38.24473571777344
2008-07-15,87.03765106201172,38.06453323364258,51.57411193847656,37.67888259887695,28.974397659301758,54.1744384765625,96.16999816894531,37.029563903808594
2008-07-16,89.17426300048828,39.010990142822266,53.468597412109375,38.37392807006836,29.81106185913086,53.19517517089844,94.44000244140625,36.46359634399414
2008-07-17,90.0662612915039,39.26911163330078,53.546897888183594,38.958003997802734,29.95049476623535,52.92118453979492,94.22000122070312,35.6063117980957
2008-07-18,90.62742614746094,38.36567687988281,53.92265319824219,39.20915222167969,29.692184448242188,52.72298812866211,94.16999816894531,34.998722076416016
2008-07-21,90.67774963378906,38.529144287109375,54.580257415771484,39.43695068359375,30.060216903686523,52.927001953125,95.12000274658203,35.42320251464844
2008-07-22,91.70645141601562,38.529144287109375,55.950252532958984,39.5713005065918,30.07849884033203,52.664730072021484,93.05999755859375,34.64915466308594
2008-07-23,92.20281982421875,39.036800384521484,56.310340881347656,39.717315673828125,30.12193489074707,52.559791564941406,90.56999969482422,33.86677932739258
2008-07-24,90.28929138183594,38.45171356201172,54.88557052612305,38.99304962158203,29.008682250976562,53.07275390625,91.33000183105469,33.89175033569336
2008-07-25,90.26769256591797,38.95075607299805,55.331783294677734,39.0748291015625,29.20755958557129,52.54231262207031,91.69000244140625,33.46726989746094
2008-07-28,88.94403076171875,38.219398498535156,54.392372131347656,38.4206657409668,28.71380043029785,53.07275390625,91.7300033569336,33.63372802734375
2008-07-29,90.84321594238281,39.010990142822266,55.72319030761719,38.80030822753906,30.30481719970703,52.8570556640625,90.58999633789062,33.25086975097656
2008-07-30,92.4617919921875,39.20886993408203,56.05983352661133,39.16244125366211,29.989356994628906,52.909507751464844,89.5199966430664,33.90839767456055
2008-07-31,91.23887634277344,39.11423110961914,55.83281326293945,38.77694320678711,29.317293167114258,53.43414306640625,90.08000183105469,33.62541198730469
2008-08-01,90.75688171386719,38.615196228027344,55.90326690673828,38.198707580566406,29.118412017822266,53.55230712890625,89.56999969482422,33.25086975097656
2008-08-04,89.9151840209961,38.22801208496094,55.386566162109375,37.83656692504883,28.226884841918945,53.42945098876953,88.13999938964844,32.152217864990234
2008-08-05,92.33949279785156,39.51863098144531,56.33384704589844,38.79447555541992,28.590351104736328,53.031654357910156,86.08000183105469,31.927494049072266
2008-08-06,92.74954223632812,40.120914459228516,56.61564254760742,38.8061408996582,29.159563064575195,52.81517028808594,86.63999938964844,31.586246490478516
2008-08-07,91.36835479736328,39.811161041259766,55.770172119140625,38.029327392578125,28.158321380615234,53.675174713134766,86.08999633789062,31.761030197143555
2008-08-08,93.06607055664062,40.71459197998047,57.24192810058594,38.1870231628418,28.226884841918945,53.821414947509766,84.43000030517578,30.870454788208008
2008-08-11,94.03007507324219,41.084571838378906,58.61190414428711,38.1519775390625,27.932004928588867,53.30662536621094,81.12999725341797,30.837160110473633
2008-08-12,93.05171203613281,41.12757873535156,58.17351531982422,37.877464294433594,27.698835372924805,53.80388641357422,80.5199966430664,30.570825576782227
2008-08-13,92.49058532714844,41.04155731201172,58.38488006591797,37.281700134277344,27.691980361938477,53.61666488647461,81.55999755859375,31.594560623168945
2008-08-14,93.18838500976562,41.51477813720703,58.94854736328125,37.13568115234375,28.055444717407227,53.961830139160156,79.3499984741211,31.319910049438477
2008-08-15,93.6415786743164,41.43733215332031,58.791969299316406,36.89037322998047,27.61654281616211,54.4297981262207,77.62999725341797,30.895423889160156
2008-08-18,92.36107635498047,40.955501556396484,58.03261947631836,36.70346450805664,27.15020751953125,54.64632034301758,78.80000305175781,31.070215225219727
2008-08-19,91.35396575927734,40.44786834716797,57.06970977783203,36.28877258300781,26.923887252807617,54.43569564819336,80.43000030517578,31.55295181274414
2008-08-20,91.77840423583984,40.51668930053711,57.14799499511719,36.5048828125,27.609682083129883,54.58777618408203,80.05999755859375,31.802644729614258
2008-08-21,91.9366683959961,40.327415466308594,56.49040222167969,36.65089416503906,27.56853675842285,54.488365173339844,82.30000305175781,33.16763687133789
2008-08-22,93.26753997802734,40.86085891723633,57.68033218383789,36.82027816772461,27.547964096069336,54.453216552734375,81.08000183105469,32.04401397705078
2008-08-25,91.37555694580078,40.00045394897461,56.41210174560547,36.24203872680664,26.978761672973633,54.99728012084961,80.93000030517578,31.860904693603516
2008-08-26,91.64171600341797,39.948822021484375,56.498252868652344,36.42311477661133,27.026765823364258,55.04410171508789,81.2300033569336,31.877548217773438
2008-08-27,92.53375244140625,40.20696258544922,57.17148971557617,36.767723083496094,27.602827072143555,55.13771438598633,81.36000061035156,32.17718505859375
2008-08-28,93.6559829711914,40.533931732177734,58.330108642578125,37.24081802368164,27.794851303100586,55.143558502197266,82.18000030517578,31.544626235961914
2008-08-29,92.64881896972656,39.68210220336914,57.8290901184082,37.12984085083008,27.46567153930664,54.89785385131836,81.70999908447266,31.4281005859375
2008-09-02,92.07331085205078,39.19166564941406,57.81343460083008,36.55744552612305,26.6358699798584,55.40867233276367,79.19999694824219,30.612436294555664
2008-09-03,91.99420928955078,38.821685791015625,58.048248291015625,36.40559005737305,26.196971893310547,55.64349365234375,78.88999938964844,30.437650680541992
2008-09-04,89.2245864868164,37.565494537353516,56.224246978759766,34.846107482910156,24.98998260498047,56.08976745605469,78.38999938964844,30.00484848022461
2008-09-05,89.50517272949219,37.38479995727539,56.083335876464844,34.71759796142578,25.346595764160156,56.060394287109375,78.9800033569336,29.705217361450195
2008-09-08,91.35396575927734,37.315975189208984,56.740901947021484,35.49441909790039,25.662052154541016,56.29523849487305,78.86000061035156,29.638633728027344
2008-09-09,88.64190673828125,36.52438735961914,55.43355941772461,34.34379196166992,24.22190284729004,56.85303497314453,76.48999786376953,28.556629180908203
2008-09-10,89.00157165527344,36.82554244995117,55.950252532958984,34.67671585083008,24.612802505493164,56.5007209777832,74.22000122070312,28.59824562072754
2008-09-11,90.28929138183594,37.51387023925781,56.30253601074219,34.600791931152344,24.249343872070312,56.471397399902344,73.08000183105469,28.35687255859375
2008-09-12,90.70652770996094,37.36759948730469,56.56084442138672,35.2783203125,25.058568954467773,55.74333572387695,75.55000305175781,28.548303604125977
2008-09-15,86.39026641845703,36.2060432434082,54.02444076538086,33.77723693847656,23.090364456176758,57.551761627197266,77.55999755859375,27.424686431884766
2008-09-16,87.83619689941406,36.489986419677734,55.58229064941406,33.52608108520508,23.28923988342285,57.539955139160156,76.79000091552734,26.867033004760742
2008-09-17,83.8868179321289,34.597076416015625,53.07718276977539,32.2469482421875,21.63650131225586,57.827659606933594,85.45999908447266,27.674375534057617
2008-09-18,86.37584686279297,35.76724624633789,56.208580017089844,33.71299362182617,23.46068572998047,56.98219299316406,82.80000305175781,27.72431755065918
2008-09-19,89.80615997314453,36.93646240234375,58.713687896728516,36.10186767578125,26.382129669189453,55.173824310302734,85.9800033569336,28.63985824584961
2008-09-22,87.7730484008789,35.197265625,56.32600402832031,34.86945724487305,24.66080665588379,55.167930603027344,89.18000030517578,29.630313873291016
2008-09-23,85.77604675292969,34.93036651611328,55.57445526123047,34.37882995605469,23.89273452758789,54.956546783447266,88.31999969482422,29.338998794555664
2008-09-24,86.05099487304688,35.171451568603516,54.868412017822266,34.47813415527344,24.167049407958984,55.19728469848633,86.70999908447266,29.097623825073242
2008-09-25,87.39678192138672,35.73109436035156,55.150856018066406,35.272464752197266,25.408315658569336,55.08575439453125,86.44999694824219,29.60533905029297
2008-09-26,87.44019317626953,35.36946487426758,55.409732818603516,34.89867401123047,24.544227600097656,55.48501205444336,86.63999938964844,29.255769729614258
2008-09-29,80.58821105957031,32.56264877319336,51.032188415527344,31.002866744995117,21.677648544311523,57.099609375,89.56999969482422,27.441329956054688
2008-09-30,83.92377471923828,33.5011100769043,53.346473693847656,32.88359069824219,23.433258056640625,55.70809555053711,85.06999969482422,28.207056045532227
2008-10-01,83.97443389892578,33.148094177246094,52.577659606933594,32.63827896118164,23.71442413330078,56.40898513793945,85.97000122070312,27.549530029296875
2008-10-02,80.9283218383789,31.641376495361328,49.878944396972656,31.213134765625,21.63650131225586,56.8624153137207,82.33000183105469,26.026397705078125
2008-10-03,79.83573913574219,31.150619506835938,49.18858337402344,31.090476989746094,21.067296981811523,57.363040924072266,82.58999633789062,25.418811798095703
2008-10-06,75.76943969726562,30.014102935791016,46.85073471069336,29.332393646240234,19.483135223388672,58.40544509887695,84.27999877929688,24.336803436279297
2008-10-07,72.37600708007812,28.111326217651367,43.7755012512207,27.959819793701172,17.967552185058594,58.22879409790039,87.2699966430664,24.63644027709961
2008-10-08,70.55269622802734,27.887447357177734,42.724246978759766,27.334856033325195,17.967552185058594,57.39247131347656,89.41999816894531,24.99433135986328
2008-10-09,65.62535095214844,27.13840103149414,39.21750259399414,25.699434280395508,16.64398956298828,56.90953826904297,89.9000015258789,23.82909393310547
2008-10-10,64.03358459472656,26.966201782226562,41.147396087646484,24.74154281616211,16.836009979248047,56.509056091308594,83.22000122070312,22.77206039428711
2008-10-13,73.33113861083984,30.24657440185547,44.70119857788086,28.672395706176758,20.66954803466797,55.7846565246582,81.98999786376953,24.037174224853516
2008-10-14,72.24578857421875,28.937868118286133,43.445987701416016,28.082481384277344,19.640869140625,55.42544174194336,82.19999694824219,23.596046447753906
2008-10-15,65.13336944580078,26.346284866333008,39.54698944091797,25.08615493774414,16.465686798095703,55.95545196533203,83.30999755859375,22.52236557006836
2008-10-16,67.84662628173828,27.77553367614746,42.1358757019043,26.563867568969727,17.274911880493164,55.66685104370117,79.29000091552734,22.097885131835938
2008-10-17,67.44145202636719,27.809974670410156,40.951263427734375,25.997310638427734,16.733137130737305,55.28409194946289,77.20999908447266,22.347579956054688
2008-10-20,71.49331665039062,28.584863662719727,42.90468215942383,27.656099319458008,17.90583610534668,55.725772857666016,78.5,22.797027587890625
2008-10-21,69.35885620117188,27.103954315185547,41.72006607055664,26.096607208251953,16.479408264160156,56.02030563354492,76.02999877929688,21.98136329650879
2008-10-22,65.58195495605469,26.35489845275879,39.609764099121094,24.192514419555664,14.744366645812988,57.15694046020508,71.70999908447266,20.94097137451172
2008-10-23,66.34166717529297,26.2515811920166,38.4329948425293,24.724029541015625,15.155838012695312,57.58094787597656,70.6500015258789,21.024202346801758
2008-10-24,62.97719192504883,25.40781021118164,37.005184173583984,23.1236515045166,13.592247009277344,56.96848678588867,72.20999908447266,20.18356704711914
2008-10-27,60.74143981933594,24.70180320739746,35.19297409057617,21.90876579284668,13.235640525817871,57.009674072265625,72.18000030517578,20.033748626708984
2008-10-28,67.83941650390625,27.431140899658203,38.00935745239258,24.928447723388672,16.00621223449707,56.17924880981445,73.79000091552734,20.58307647705078
2008-10-29,67.34738159179688,27.362253189086914,38.20549392700195,24.98685646057129,15.498727798461914,55.89656066894531,74.0,21.798254013061523
2008-10-30,69.67721557617188,28.274906158447266,40.34718322753906,25.862977981567383,17.59037208557129,55.390113830566406,72.70999908447266,20.89935874938965
2008-10-31,70.06069946289062,28.317964553833008,42.167236328125,26.032352447509766,17.439498901367188,54.67156982421875,71.33999633789062,21.132402420043945
2008-11-03,70.26327514648438,28.257688522338867,42.22216033935547,26.13749122619629,17.28177833557129,54.81939697265625,71.0999984741211,20.89935874938965
2008-11-04,72.65097045898438,29.05840492248535,42.70855712890625,27.930614471435547,18.859071731567383,55.848262786865234,75.4800033569336,21.848194122314453
2008-11-05,69.59762573242188,27.54306411743164,40.472694396972656,26.412010192871094,16.45882797241211,56.51047897338867,72.80000305175781,21.28221893310547
2008-11-06,65.7411117553711,26.31184196472168,38.9036979675293,24.706506729125977,15.6290283203125,56.10248947143555,72.22000122070312,20.35003089904785
2008-11-07,67.91175079345703,26.854270935058594,39.71174621582031,26.102449417114258,16.897733688354492,55.735897064208984,72.5,20.375
2008-11-10,67.02179718017578,26.49265480041504,38.79386520385742,25.711111068725586,17.055465698242188,56.00791549682617,73.58000183105469,20.50817108154297
2008-11-11,64.95246887207031,25.91579818725586,37.95444869995117,24.86419677734375,15.992491722106934,56.17348098754883,72.05000305175781,20.116985321044922
2008-11-12,62.094482421875,24.71901512145996,35.74212646484375,23.52666664123535,14.806089401245117,56.534114837646484,70.0,19.52604103088379
2008-11-13,65.96540832519531,26.225753784179688,38.68402862548828,25.530052185058594,16.85658836364746,55.18003463745117,72.1500015258789,19.89225959777832
2008-11-14,62.67329025268555,24.95148277282715,35.804893493652344,24.064014434814453,15.238131523132324,56.273948669433594,73.30000305175781,19.767412185668945
2008-11-17,61.84123229980469,24.4262752532959,35.49894332885742,23.625953674316406,14.984390258789062,56.5223503112793,72.6500015258789,19.317964553833008
2008-11-18,63.006160736083984,24.400447845458984,35.326332092285156,23.666837692260742,14.764936447143555,57.24964904785156,72.51000213623047,19.026655197143555
2008-11-19,58.96876525878906,23.126178741455078,32.44721221923828,22.083984375,13.489380836486816,58.716060638427734,72.26000213623047,18.810251235961914
2008-11-20,54.591339111328125,22.006895065307617,30.22705841064453,20.869110107421875,12.522427558898926,61.749481201171875,73.44999694824219,17.85309600830078
2008-11-21,57.53614807128906,22.962594985961914,31.88235855102539,22.3526668548584,14.32603645324707,60.85651397705078,78.8499984741211,18.161048889160156
2008-11-24,61.52287673950195,24.366018295288086,34.12605667114258,23.69020652770996,15.19698715209961,59.90457534790039,80.91000366210938,19.40951919555664
2008-11-25,61.978702545166016,24.25407600402832,34.69089889526367,24.122425079345703,14.908955574035645,61.666656494140625,80.87000274658203,18.760316848754883
2008-11-26,64.37359619140625,25.270050048828125,36.76984405517578,24.38526153564453,16.0473575592041,61.749481201171875,80.37999725341797,19.359577178955078
2008-11-28,65.18402862548828,25.072023391723633,37.138545989990234,24.373579025268555,15.738751411437988,62.5122184753418,80.30999755859375,18.51894187927246
2008-12-01,59.41010284423828,23.186452865600586,32.964988708496094,22.381872177124023,14.223170280456543,64.90612030029297,75.6500015258789,17.94464874267578
2008-12-02,61.6965217590332,23.96134376525879,34.69873809814453,23.59674835205078,15.12154769897461,65.15531158447266,76.94999694824219,17.952970504760742
2008-12-03,63.179786682128906,24.64152717590332,35.74996566772461,23.91214942932129,15.244991302490234,65.33928680419922,76.18000030517578,17.74489402770996
2008-12-04,61.718231201171875,23.944128036499023,34.56537628173828,23.17620849609375,14.593493461608887,66.62670135498047,75.5,16.812705993652344
2008-12-05,63.621158599853516,24.91704750061035,36.165775299072266,23.4682559967041,15.457586288452148,65.54690551757812,74.5199966430664,16.396547317504883
2008-12-08,65.84243774414062,25.898576736450195,37.76615905761719,24.583845138549805,16.445114135742188,65.40451049804688,76.19999694824219,17.15395164489746
2008-12-09,64.75708770751953,25.83831214904785,36.59724426269531,24.356050491333008,16.218807220458984,66.69786071777344,76.33000183105469,16.7794132232666
2008-12-10,65.1984634399414,25.7522029876709,37.4602165222168,24.99854278564453,17.185758590698242,66.5376968383789,79.75,17.287120819091797
2008-12-11,63.62840270996094,25.046194076538086,35.56170654296875,24.8875675201416,16.74686050415039,66.66816711425781,80.6500015258789,17.83644676208496
2008-12-12,64.3880844116211,25.554182052612305,36.785526275634766,25.132877349853516,16.98002052307129,66.66816711425781,80.80999755859375,18.22763442993164
2008-12-15,63.490901947021484,25.10647201538086,35.60091781616211,25.197132110595703,16.753711700439453,67.42765808105469,82.5999984741211,17.711917877197266
2008-12-16,66.47913360595703,26.31184196472168,37.91521072387695,26.64563751220703,18.090993881225586,69.0947494506836,84.45999908447266,17.96554946899414
2008-12-17,65.835205078125,25.993274688720703,38.260414123535156,26.511306762695312,17.775531768798828,70.96956634521484,85.43000030517578,17.72037124633789
2008-12-18,64.6052017211914,25.536964416503906,38.01719665527344,25.699434280395508,17.384634017944336,72.45872497558594,83.87000274658203,17.449832916259766
2008-12-19,64.32727813720703,25.74648094177246,38.20549392700195,25.32563018798828,17.446353912353516,72.535888671875,82.62999725341797,17.331470489501953
2008-12-22,63.50300598144531,25.18602752685547,37.468048095703125,25.150400161743164,16.79486083984375,71.97820281982422,83.45999908447266,16.841115951538086
2008-12-23,62.84657287597656,25.05669403076172,36.92341232299805,24.961715698242188,16.655771255493164,71.88322448730469,82.62999725341797,16.90875244140625
2008-12-24,63.21128845214844,25.125669479370117,37.05778884887695,25.29296112060547,16.77400016784668,71.7289810180664,83.45999908447266,16.64666748046875
2008-12-26,63.57594299316406,25.117046356201172,37.58740997314453,25.4112606048584,16.718366622924805,71.9662857055664,85.5999984741211,16.90875244140625
2008-12-29,63.39360046386719,24.91010284423828,37.0103645324707,25.417171478271484,16.69054412841797,71.88001251220703,86.3499984741211,17.09474754333496
2008-12-30,64.89618682861328,25.42745590209961,38.037994384765625,26.18021583557129,17.1356258392334,72.56453704833984,85.9000015258789,17.19620132446289
2008-12-31,65.82254791259766,25.643009185791016,38.92333221435547,26.535127639770508,17.36512565612793,71.046630859375,86.5199966430664,17.914823532104492
2009-01-02,67.8065414428711,26.75530433654785,39.6980094909668,26.878196716308594,18.19270133972168,69.26075744628906,86.2300033569336,18.540447235107422
2009-01-05,67.72635650634766,26.74668312072754,39.840274810791016,26.4464054107666,18.42914390563965,67.47489929199219,84.4800033569336,18.734895706176758
2009-01-06,68.1785888671875,27.01397705078125,40.51218795776367,26.730327606201172,18.846406936645508,66.79634857177734,85.12999725341797,19.225248336791992
2009-01-07,66.13622283935547,26.246583938598633,39.318565368652344,26.268949508666992,17.761524200439453,67.0582275390625,82.75,18.24454116821289
2009-01-08,66.40611267089844,26.522499084472656,39.50829315185547,26.659343719482422,17.685028076171875,67.00460815429688,84.45999908447266,18.312177658081055
2009-01-09,64.98373413085938,25.92754364013672,38.04590606689453,25.736587524414062,17.30253028869629,67.1058120727539,83.91999816894531,18.100818634033203
2009-01-12,63.42277908325195,25.453325271606445,36.915489196777344,25.11549949645996,16.57231903076172,67.80236053466797,80.76000213623047,17.280746459960938
2009-01-13,63.53948974609375,25.461942672729492,37.40560531616211,24.65412139892578,16.621004104614258,67.87376403808594,80.87999725341797,17.568193435668945
2009-01-14,61.540924072265625,24.685924530029297,35.76140213012695,23.64264488220215,15.814291000366211,68.99286651611328,79.79000091552734,17.323017120361328
2009-01-15,61.56277847290039,25.091182708740234,36.338443756103516,23.855587005615234,15.995102882385254,69.10596466064453,80.38999938964844,17.306106567382812
2009-01-16,62.04417037963867,25.367094039916992,36.741600036621094,23.99754524230957,16.16896629333496,68.04041290283203,82.70999908447266,17.3821964263916
2009-01-20,58.769081115722656,24.10822296142578,34.251583099365234,22.240760803222656,14.96585750579834,68.02851867675781,84.5199966430664,16.841115951538086
2009-01-21,61.307464599609375,25.134294509887695,35.95901870727539,23.329145431518555,15.779522895812988,65.87955474853516,84.1500015258789,16.90875244140625
2009-01-22,60.35922622680664,24.798019409179688,34.91556930541992,22.784950256347656,15.257938385009766,64.61164093017578,84.58000183105469,16.68893814086914
2009-01-23,60.621788024902344,24.918731689453125,35.08949661254883,22.625240325927734,15.452662467956543,64.10562896728516,88.52999877929688,17.466737747192383
2009-01-26,61.03757858276367,25.09980010986328,35.48473358154297,23.068883895874023,15.633475303649902,63.54610824584961,88.94999694824219,17.500560760498047
2009-01-27,61.6575813293457,25.280868530273438,35.8720703125,23.518423080444336,15.911653518676758,65.04024505615234,88.37999725341797,17.027111053466797
2009-01-28,63.743709564208984,26.168983459472656,37.35026550292969,24.21048927307129,16.718366622924805,63.41508483886719,87.41999816894531,17.432924270629883
2009-01-29,61.67215347290039,25.50505828857422,35.887882232666016,23.11028289794922,15.8699312210083,61.956661224365234,89.5,17.2215633392334
2009-01-30,60.41759490966797,25.05669403076172,35.16062927246094,22.89143180847168,15.751708984375,61.76024627685547,91.30999755859375,17.1201114654541
2009-02-02,60.235233306884766,25.358469009399414,35.44520568847656,22.666654586791992,15.591754913330078,62.90932083129883,88.83999633789062,16.790390014648438
2009-02-03,61.08134841918945,25.75511360168457,35.69816589355469,23.31731414794922,16.05769920349121,61.41106033325195,88.47000122070312,16.59593963623047
2009-02-04,60.78229522705078,25.78959083557129,35.437313079833984,23.19901466369629,16.175920486450195,61.19613265991211,89.18000030517578,16.68893814086914
2009-02-05,61.68677520751953,26.358678817749023,35.84834289550781,23.530250549316406,16.516691207885742,61.2498664855957,90.12000274658203,17.060930252075195
2009-02-06,63.44466018676758,27.048465728759766,37.121028900146484,24.07444190979004,17.344257354736328,61.05884552001953,89.58999633789062,17.187744140625
2009-02-09,63.53221130371094,27.16055679321289,36.95502471923828,24.068525314331055,17.25385284423828,61.255802154541016,88.31999969482422,17.09474754333496
2009-02-10,60.621788024902344,26.160362243652344,35.24760055541992,22.873676300048828,16.210693359375,62.58698272705078,90.20999908447266,16.874935150146484
2009-02-11,60.979248046875,26.03964614868164,35.38196563720703,23.12211799621582,16.697505950927734,63.398765563964844,92.29000091552734,16.773483276367188
2009-02-12,61.02299880981445,26.358678817749023,35.68235397338867,23.05113410949707,16.59318733215332,62.80187225341797,93.16999816894531,16.798847198486328
2009-02-13,60.36652755737305,26.237960815429688,35.31082534790039,22.802701950073242,16.676639556884766,61.13047790527344,92.55000305175781,16.494487762451172
2009-02-17,57.78439712524414,25.194650650024414,33.91167449951172,21.590105056762695,15.612621307373047,63.0346565246582,95.44999694824219,15.572961807250977
2009-02-18,57.645782470703125,25.211894989013672,33.429473876953125,21.57236099243164,15.501346588134766,62.49741744995117,96.91000366210938,15.479962348937988
2009-02-19,57.025794982910156,24.823888778686523,32.963096618652344,21.542783737182617,15.355301856994629,61.43492889404297,95.7699966430664,15.8604097366333
2009-02-20,56.47144317626953,24.892860412597656,32.52042007446289,21.22928237915039,14.96585750579834,62.03182601928711,97.80000305175781,15.682867050170898
2009-02-23,54.450965881347656,24.022001266479492,31.27147102355957,20.418916702270508,14.597270965576172,62.60485076904297,97.7300033569336,15.53069019317627
2009-02-24,56.51521682739258,24.815269470214844,32.42555236816406,21.27069091796875,15.397032737731934,62.5391845703125,94.7300033569336,15.826593399047852
2009-02-25,56.070274353027344,24.651437759399414,31.75365447998047,20.685102462768555,15.132766723632812,61.816951751708984,93.1500015258789,16.012588500976562
2009-02-26,55.15848922729492,23.961647033691406,31.16080093383789,20.513551712036133,15.000633239746094,61.16633224487305,93.05999755859375,16.35076332092285
2009-02-27,53.92576599121094,23.73746681213379,30.9473819732666,20.513551712036133,14.764180183410645,60.81411361694336,92.62999725341797,16.156312942504883
2009-03-02,51.496822357177734,22.970069885253906,29.200401306152344,19.336454391479492,13.867063522338867,61.8209228515625,90.93000030517578,15.344693183898926
2009-03-03,51.110233306884766,22.952829360961914,28.64706039428711,19.259563446044922,14.061788558959961,61.40789031982422,90.04000091552734,15.446146011352539
2009-03-04,52.32106399536133,23.565011978149414,29.23992347717285,20.11724090576172,15.049308776855469,61.12656784057617,88.98999786376953,15.987224578857422
2009-03-05,50.18386459350586,22.857975006103516,27.682689666748047,19.30687713623047,14.430367469787598,62.826534271240234,91.98999786376953,15.851953506469727
2009-03-06,50.271385192871094,22.67690658569336,27.824966430664062,19.271387100219727,14.673771858215332,62.40755844116211,92.29000091552734,16.232402801513672
2009-03-09,49.680580139160156,22.19405174255371,27.184673309326172,18.750858306884766,14.388640403747559,62.04238510131836,90.56999969482422,16.139402389526367
2009-03-10,52.6419792175293,23.565011978149414,28.955352783203125,20.010774612426758,15.556990623474121,60.85124969482422,88.13999938964844,16.09713363647461
2009-03-11,52.98481750488281,23.92716407775879,28.99486541748047,20.12316131591797,15.556990623474121,61.50969696044922,89.22000122070312,15.58987045288086
2009-03-12,55.07096481323242,24.72041893005371,30.79717254638672,20.578622817993164,16.155065536499023,61.803009033203125,91.0999984741211,16.316944122314453
2009-03-13,55.50130081176758,24.780778884887695,31.121280670166016,20.71466827392578,16.245468139648438,61.49174118041992,91.30000305175781,16.1732234954834
2009-03-16,55.33354568481445,24.36689567565918,30.56002426147461,20.939443588256836,16.25937271118164,60.522029876708984,90.80000305175781,16.528305053710938
2009-03-17,57.025794982910156,25.289499282836914,31.9749813079834,21.489547729492188,16.614055633544922,60.19279861450195,90.04000091552734,16.883386611938477
2009-03-18,58.302268981933594,25.608524322509766,33.08168029785156,22.10471534729004,16.961763381958008,62.47340393066406,93.08999633789062,17.09474754333496
2009-03-19,57.58015823364258,25.59128761291504,32.73386001586914,22.09288215637207,16.850494384765625,62.55117416381836,94.3499984741211,17.449832916259766
2009-03-20,56.35403823852539,25.20176887512207,31.603473663330078,21.78529930114746,16.621004104614258,62.204044342041016,93.58999633789062,17.686555862426758
2009-03-23,60.40190124511719,26.687265396118164,34.291099548339844,23.352806091308594,18.157928466796875,61.665245056152344,92.08000183105469,18.05854606628418
2009-03-24,59.21179962158203,26.194978713989258,32.959571838378906,22.619327545166016,17.59461784362793,62.25189208984375,90.94999694824219,17.762643814086914
2009-03-25,59.836212158203125,26.315895080566406,33.887447357177734,22.96832847595215,17.8588809967041,61.413909912109375,91.9800033569336,17.492103576660156
2009-03-26,61.05569076538086,27.127742767333984,35.19599151611328,23.275909423828125,18.345691680908203,62.126224517822266,91.93000030517578,17.79646110534668
2009-03-27,59.953773498535156,26.618175506591797,34.01432418823242,22.530609130859375,17.80324935913086,62.58710861206055,90.69000244140625,17.466737747192383
2009-03-30,57.88210678100586,25.961782455444336,33.03885269165039,21.672914505004883,16.885276794433594,62.826534271240234,89.9800033569336,16.83266258239746
2009-03-31,58.418373107910156,26.18634796142578,33.34816360473633,22.23484992980957,17.25385284423828,63.27544403076172,90.27999877929688,16.90875244140625
2009-04-01,59.54969787597656,26.57498550415039,33.92708206176758,22.814525604248047,17.824113845825195,63.852943420410156,91.02999877929688,16.866479873657227
2009-04-02,61.29081726074219,27.430025100708008,35.62422561645508,23.843761444091797,18.7907772064209,63.072601318359375,88.80000305175781,17.51746368408203
2009-04-03,61.90055847167969,27.93958854675293,36.18730163574219,23.979806900024414,19.020273208618164,61.78192901611328,87.58999633789062,17.788009643554688
2009-04-06,61.41571044921875,27.87049674987793,35.568721771240234,23.482934951782227,18.7838191986084,61.51780700683594,85.2699966430664,17.568193435668945
2009-04-07,59.98318099975586,27.13637351989746,34.3077392578125,22.991979598999023,18.35264778137207,61.67390823364258,86.73999786376953,17.255382537841797
2009-04-08,60.629669189453125,27.5941219329834,34.94221115112305,23.22266960144043,18.623870849609375,62.22013854980469,86.61000061035156,17.3821964263916
2009-04-09,63.03926086425781,28.449142456054688,36.98829650878906,23.843761444091797,19.43753433227539,61.43977355957031,86.30999755859375,17.635828018188477
2009-04-13,63.053958892822266,28.40596580505371,37.00416946411133,24.08036231994629,19.55575942993164,62.00403594970703,87.87999725341797,17.711917877197266
2009-04-14,61.96666717529297,28.060501098632812,35.93353271484375,23.849668502807617,19.24280548095703,62.32819747924805,87.37000274658203,17.39065170288086
2009-04-15,62.62785339355469,27.98277473449707,36.48075866699219,24.163175582885742,19.520986557006836,62.22013854980469,87.5,17.280746459960938
2009-04-16,63.54615783691406,28.708250045776367,37.5355224609375,24.31696319580078,19.687894821166992,61.72792434692383,85.80999755859375,17.20465660095215
2009-04-17,63.972251892089844,28.768712997436523,37.868595123291016,24.23415184020996,19.548803329467773,61.04957962036133,85.22000122070312,17.07784080505371
2009-04-20,61.29081726074219,27.844581604003906,35.925594329833984,23.240419387817383,18.596052169799805,61.974037170410156,86.94999694824219,16.435306549072266
2009-04-21,62.48825454711914,28.233234405517578,37.17070770263672,23.77277374267578,18.99245262145996,61.361724853515625,86.88999938964844,16.494487762451172
2009-04-22,62.10626983642578,28.319591522216797,37.16276550292969,23.5834903717041,18.832496643066406,60.98955535888672,87.37999725341797,16.51984977722168
2009-04-23,62.71601104736328,28.595966339111328,37.075538635253906,24.175004959106445,19.124582290649414,60.98354721069336,88.80000305175781,16.73966407775879
2009-04-24,63.663726806640625,29.096895217895508,37.76551055908203,24.547651290893555,19.4862117767334,60.371253967285156,89.72000122070312,16.99329376220703
2009-04-27,63.061248779296875,29.13143539428711,37.361045837402344,24.2578067779541,18.832496643066406,60.62942886352539,89.01000213623047,16.570575714111328
2009-04-28,62.862937927246094,28.91552734375,37.41654968261719,24.027114868164062,18.76991081237793,59.638877868652344,87.75,16.45221710205078
2009-04-29,64.19995880126953,29.312820434570312,38.83612060546875,24.64229965209961,19.757431030273438,59.11061096191406,88.33000183105469,16.83266258239746
2009-04-30,64.22201538085938,29.60646629333496,38.479244232177734,24.796096801757812,19.93824577331543,58.87651443481445,87.2699966430664,16.891843795776367
2009-05-01,64.56729125976562,29.684192657470703,38.71717071533203,25.08592987060547,20.230337142944336,58.47132873535156,86.94999694824219,17.399105072021484
2009-05-04,66.76386260986328,30.271486282348633,40.128807067871094,26.12698745727539,21.6281681060791,58.6639518737793,88.63999938964844,17.737281799316406
2009-05-05,66.5361328125,30.245561599731445,39.9305534362793,25.86672019958496,21.433448791503906,58.59168243408203,88.25,17.48365020751953
2009-05-06,67.6894760131836,30.25421714782715,40.04158401489258,26.493724822998047,21.802030563354492,58.45328903198242,89.54000091552734,17.948640823364258
2009-05-07,66.7491455078125,29.5460262298584,39.097816467285156,26.050085067749023,21.25958251953125,57.026248931884766,89.44000244140625,17.982458114624023
2009-05-08,68.30661010742188,29.563278198242188,40.4539680480957,27.17987632751465,21.968935012817383,57.16472244262695,89.9800033569336,18.430540084838867
2009-05-11,67.0283432006836,29.66691017150879,39.859161376953125,26.48780632019043,21.454307556152344,57.97755432128906,89.69000244140625,18.27836036682129
2009-05-12,66.82998657226562,29.304170608520508,39.29609680175781,26.77173614501953,21.607303619384766,58.188297271728516,90.69999694824219,18.464357376098633
2009-05-13,65.14766693115234,28.518245697021484,37.495853424072266,25.860801696777344,20.81450653076172,58.82054901123047,91.08999633789062,18.25299835205078
2009-05-14,65.70597076416016,28.83779525756836,38.01927185058594,26.115150451660156,21.113540649414062,59.049312591552734,91.02999877929688,18.371360778808594
2009-05-15,65.1697006225586,28.82050895690918,37.876522064208984,25.8785457611084,20.918821334838867,59.03129577636719,91.55000305175781,17.906370162963867
2009-05-18,67.02096557617188,29.571910858154297,39.145423889160156,26.866363525390625,22.080202102661133,58.11604690551758,90.36000061035156,18.37981414794922
2009-05-19,66.9401626586914,29.71009635925293,39.16129684448242,27.108898162841797,22.3305606842041,57.80899429321289,90.95999908447266,18.37981414794922
2009-05-20,66.49200439453125,29.60646629333496,38.79647445678711,27.286340713500977,22.400104522705078,58.417144775390625,92.25,18.675716400146484
2009-05-21,65.53697204589844,29.062355041503906,38.29684829711914,27.07931137084961,21.982839584350586,56.947959899902344,93.8499984741211,18.523534774780273
2009-05-22,65.39739990234375,28.96734619140625,37.90031814575195,27.233110427856445,22.080202102661133,56.31572723388672,94.1500015258789,18.794076919555664
2009-05-26,67.07241821289062,30.046924591064453,39.7085075378418,27.777299880981445,22.344470977783203,55.46678161621094,93.76000213623047,18.83635139465332
2009-05-27,65.87495422363281,29.83965492248535,38.93921661376953,27.239025115966797,22.087162017822266,54.485313415527344,93.44999694824219,18.92089080810547
2009-05-28,66.7932357788086,30.185121536254883,38.98680877685547,27.51703643798828,22.768688201904297,55.27406692504883,94.23999786376953,19.26752471923828
2009-05-29,67.97599792480469,30.556493759155273,39.787803649902344,28.06712532043457,23.116411209106445,56.70109176635742,96.19999694824219,19.639516830444336
2009-06-01,69.62158966064453,31.428794860839844,41.342193603515625,28.759212493896484,24.090030670166016,55.024776458740234,95.7300033569336,20.180599212646484
2009-06-02,69.68037414550781,31.471967697143555,41.85768127441406,29.007640838623047,23.742305755615234,55.32074737548828,96.36000061035156,20.265138626098633
2009-06-03,68.79881286621094,31.37697410583496,41.58009338378906,28.14402961730957,22.900821685791016,55.840301513671875,94.41000366210938,19.588790893554688
2009-06-04,69.44527435302734,31.7310848236084,42.174930572509766,28.321489334106445,23.325035095214844,54.686527252197266,96.2300033569336,20.307411193847656
2009-06-05,69.46000671386719,31.7656307220459,42.19076919555664,27.972492218017578,23.373722076416016,54.269710540771484,93.70999908447266,20.1975040435791
2009-06-08,69.1734390258789,31.670629501342773,41.69114303588867,27.913354873657227,23.0120906829834,54.13078689575195,93.55999755859375,20.146778106689453
2009-06-09,69.526123046875,31.912443161010742,41.88148880004883,28.25641632080078,23.053821563720703,54.124725341796875,93.83000183105469,20.341228485107422
2009-06-10,69.34977722167969,31.800174713134766,41.714935302734375,28.30965232849121,23.345905303955078,53.27299499511719,93.86000061035156,20.265138626098633
2009-06-11,69.6583251953125,31.800174713134766,41.73079299926758,28.794689178466797,23.846614837646484,53.86499786376953,93.69999694824219,20.45113754272461
2009-06-12,69.84932708740234,31.653356552124023,41.85768127441406,28.646804809570312,23.464130401611328,54.348243713378906,92.16999816894531,20.16368865966797
2009-06-15,68.2478256225586,31.00560760498047,40.731544494628906,27.61758804321289,22.622644424438477,54.83754348754883,91.0999984741211,19.77478790283203
2009-06-16,67.32220458984375,30.703319549560547,40.04950714111328,27.298173904418945,22.28188133239746,55.791969299316406,91.93000030517578,19.69869613647461
2009-06-17,67.25604248046875,30.996967315673828,40.26362609863281,27.37506675720215,22.031522750854492,55.47785949707031,92.3499984741211,19.75787925720215
2009-06-18,67.74828338623047,30.936500549316406,40.446041107177734,27.327747344970703,21.968935012817383,54.63819885253906,91.61000061035156,19.783239364624023
2009-06-19,67.99797821044922,31.2685546875,40.69189453125,27.759557723999023,22.080202102661133,55.38722229003906,91.9000015258789,19.614152908325195
2009-06-22,65.95896911621094,30.33466148376465,39.24853515625,26.866363525390625,21.280447006225586,55.92484664916992,90.54000091552734,18.9547119140625
2009-06-23,66.0106430053711,30.265459060668945,38.9312858581543,27.219758987426758,21.418567657470703,56.58329391479492,90.91999816894531,19.28443145751953
2009-06-24,66.57951354980469,30.775663375854492,39.35160827636719,27.24391746520996,21.888301849365234,56.01545715332031,91.44999694824219,19.275976181030273
2009-06-25,68.02754211425781,31.380970001220703,40.48569107055664,27.817787170410156,22.540327072143555,57.04237747192383,92.30999755859375,19.445064544677734
2009-06-26,67.85021209716797,31.450159072875977,40.62843704223633,27.763431549072266,22.65951156616211,57.13906478881836,92.29000091552734,19.28443145751953
2009-06-29,68.48560333251953,31.51934051513672,40.62843704223633,27.9990177154541,22.82777214050293,57.22361373901367,92.04000091552734,19.470428466796875
2009-06-30,67.93148803710938,31.458803176879883,40.50948715209961,27.672813415527344,22.596410751342773,57.12693405151367,91.18000030517578,19.123798370361328
2009-07-01,68.21223449707031,31.47610092163086,41.135990142822266,28.131916046142578,23.010055541992188,57.01360321044922,92.38999938964844,19.047710418701172
2009-07-02,66.3504638671875,30.78431510925293,39.72019958496094,27.32245445251465,22.379064559936523,57.147003173828125,91.25,18.62499237060547
2009-07-06,66.3431167602539,30.620010375976562,39.37004089355469,27.35869598388672,22.32999038696289,57.03789138793945,90.76000213623047,18.06700325012207
2009-07-07,65.05762481689453,29.85906410217285,38.51850891113281,26.694211959838867,21.804168701171875,57.41970443725586,90.70999908447266,17.779552459716797
2009-07-08,65.0132827758789,30.014698028564453,38.25587844848633,26.58547592163086,21.55177879333496,58.48019790649414,89.2699966430664,17.55974006652832
2009-07-09,65.13887023925781,30.066593170166016,38.096702575683594,26.91167449951172,21.937379837036133,57.78330993652344,89.51000213623047,17.669645309448242
2009-07-10,64.98373413085938,30.1962947845459,38.279747009277344,26.59756088256836,21.677967071533203,58.31654739379883,89.58000183105469,17.53437614440918
2009-07-13,66.56473541259766,30.775663375854492,39.20291519165039,27.06269645690918,21.832212448120117,57.98937225341797,90.19000244140625,17.62737464904785
2009-07-14,66.94151306152344,30.888076782226562,39.433712005615234,27.207674026489258,22.070587158203125,57.025733947753906,90.80999755859375,17.62737464904785
2009-07-15,68.89928436279297,31.92575454711914,40.953758239746094,28.137964248657227,23.255441665649414,55.55921173095703,92.23999786376953,18.092365264892578
2009-07-16,68.78846740722656,32.30624771118164,41.46308135986328,28.385623931884766,23.29750633239746,56.15919494628906,91.9800033569336,18.1346378326416
2009-07-17,69.54205322265625,32.47917556762695,41.30392074584961,28.28294563293457,23.535879135131836,55.29256820678711,91.93000030517578,18.40517807006836
2009-07-20,70.28081512451172,32.79048538208008,41.81326675415039,28.8326416015625,24.377197265625,55.58344268798828,93.27999877929688,18.70953369140625
2009-07-21,70.60590362548828,33.01533126831055,41.74163818359375,29.013864517211914,24.307085037231445,56.692466735839844,93.12999725341797,18.641897201538086
2009-07-22,70.59115600585938,33.29203414916992,42.067935943603516,29.086366653442383,24.25100326538086,56.183414459228516,93.44000244140625,18.74335289001465
2009-07-23,72.14998626708984,34.02702331542969,43.3969612121582,29.57566261291504,24.938077926635742,55.1531867980957,93.26000213623047,19.132253646850586
2009-07-24,72.44546508789062,33.76763153076172,43.61980438232422,29.756885528564453,24.81889533996582,55.419803619384766,93.41000366210938,19.149158477783203
2009-07-27,72.65971374511719,34.02702331542969,43.8426399230957,29.787094116210938,25.036235809326172,54.78348922729492,93.70999908447266,19.225248336791992
2009-07-28,72.31989288330078,33.79356002807617,43.86652374267578,29.66023063659668,24.924057006835938,55.268333435058594,92.11000061035156,19.013891220092773
2009-07-29,72.14259338378906,34.018394470214844,43.64368438720703,29.418607711791992,24.363176345825195,55.571319580078125,91.19999694824219,18.523534774780273
2009-07-30,72.89613342285156,34.217281341552734,44.40769577026367,29.992469787597656,24.96611976623535,56.35912322998047,91.62000274658203,19.098434448242188
2009-07-31,72.99958038330078,34.113502502441406,44.22465896606445,30.451581954956055,25.085311889648438,57.45603942871094,93.3499984741211,19.478885650634766
2009-08-03,74.2038345336914,34.623722076416016,44.996604919433594,31.158355712890625,26.024778366088867,56.58528518676758,93.87000274658203,20.028419494628906
2009-08-04,74.39586639404297,34.623722076416016,45.45022964477539,31.110021591186523,25.786401748657227,56.135345458984375,94.68000030517578,20.0368709564209
2009-08-05,74.18162536621094,34.355655670166016,44.996604919433594,30.98316192626953,25.569080352783203,55.29621887207031,94.77999877929688,20.24822998046875
2009-08-06,73.79747772216797,34.05299758911133,44.367897033691406,30.78986167907715,25.358741760253906,55.48470687866211,94.5999984741211,19.783239364624023
2009-08-07,74.76527404785156,34.485355377197266,45.4343147277832,30.759653091430664,25.61113166809082,55.022579193115234,93.75,19.690242767333984
2009-08-10,74.6101303100586,34.24325180053711,45.51390075683594,30.572385787963867,25.323686599731445,55.70972442626953,92.93000030517578,19.681787490844727
2009-08-11,73.67925262451172,33.949222564697266,44.7817268371582,30.39720344543457,24.846939086914062,56.3542366027832,92.79000091552734,19.385883331298828
2009-08-12,74.46975708007812,34.4766845703125,45.458187103271484,30.741531372070312,25.071287155151367,55.75223159790039,92.94999694824219,19.487335205078125
2009-08-13,75.03865814208984,34.666934967041016,45.83222579956055,31.21271514892578,25.505971908569336,56.54270553588867,93.72000122070312,19.74942398071289
2009-08-14,74.46237182617188,34.26918029785156,44.89314651489258,30.94692039489746,25.04323959350586,56.761634826660156,93.0,19.191434860229492
2009-08-17,72.63020324707031,33.27473831176758,43.62775421142578,29.950193405151367,24.061708450317383,57.600730895996094,91.61000061035156,18.90398597717285
2009-08-18,73.2064437866211,33.75033950805664,44.20873260498047,30.469701766967773,24.587528228759766,57.266292572021484,92.05999755859375,19.275976181030273
2009-08-19,73.84915161132812,33.98379898071289,44.74988555908203,30.729442596435547,24.650630950927734,57.74059295654297,92.52999877929688,19.41124725341797
2009-08-20,74.6101303100586,34.38156509399414,45.2353401184082,30.94692039489746,25.078304290771484,58.21488571166992,92.2699966430664,19.250614166259766
2009-08-21,76.07294464111328,34.83989334106445,46.27790451049805,31.62348175048828,25.456890106201172,57.01700973510742,93.6500015258789,19.394338607788086
2009-08-24,76.0655517578125,34.8053092956543,46.2619743347168,31.61744499206543,25.569080352783203,58.05073547363281,92.33999633789062,19.428157806396484
2009-08-25,76.21331024169922,34.9090690612793,46.460933685302734,31.931568145751953,25.512977600097656,58.3790397644043,92.76000213623047,19.149158477783203
2009-08-26,76.22068786621094,34.848533630371094,46.56441116333008,31.79866600036621,25.43585968017578,58.646610260009766,92.79000091552734,19.098434448242188
2009-08-27,76.39064025878906,34.93501281738281,46.49275588989258,32.04029846191406,25.386781692504883,58.41556167602539,93.19000244140625,19.259069442749023
2009-08-28,76.37582397460938,34.96958923339844,46.19831848144531,32.05842208862305,25.253572463989258,58.68305587768555,93.87000274658203,19.216796875
2009-08-31,75.6961441040039,34.61505889892578,45.52186584472656,31.822830200195312,24.75579071044922,58.737789154052734,93.4000015258789,18.692625045776367
2009-09-01,74.02648162841797,33.96651840209961,44.50318145751953,31.03148651123047,24.286056518554688,58.59567642211914,93.9000015258789,18.40517807006836
2009-09-02,73.7457504272461,33.94057083129883,44.28034973144531,30.9952449798584,24.545461654663086,59.449623107910156,96.19000244140625,18.447446823120117
2009-09-03,74.35895538330078,34.165401458740234,44.773773193359375,31.23687171936035,25.036235809326172,59.083656311035156,97.45999908447266,18.354450225830078
2009-09-04,75.40064239501953,34.90041732788086,45.402469635009766,31.714101791381836,25.51999855041504,58.07719802856445,97.52999877929688,18.27836036682129
2009-09-08,76.05076599121094,35.22902297973633,45.90385818481445,32.34234619140625,26.045814514160156,57.66846466064453,97.43000030517578,18.616535186767578
2009-09-09,76.6344223022461,35.53166961669922,46.69172668457031,32.74102783203125,26.18602752685547,57.60138702392578,97.08000183105469,18.692625045776367
2009-09-10,77.41752624511719,35.868900299072266,47.27269744873047,33.030982971191406,26.52956771850586,58.66278076171875,97.69999694824219,18.794076919555664
2009-09-11,77.40276336669922,35.90351486206055,47.28860855102539,32.988704681396484,26.54358673095703,58.986083984375,98.77999877929688,18.548900604248047
2009-09-14,77.77952575683594,36.041866302490234,47.78999328613281,33.055145263671875,26.44544219970703,58.40049743652344,97.95999908447266,18.447446823120117
2009-09-15,78.1045913696289,36.15427780151367,48.179935455322266,33.06119155883789,26.76093864440918,58.10158157348633,98.9000015258789,18.87862205505371
2009-09-16,79.28667449951172,36.681766510009766,49.17473220825195,33.713600158691406,27.433992385864258,58.20528030395508,99.91000366210938,19.123798370361328
2009-09-17,79.1684341430664,36.67311477661133,49.071292877197266,33.496124267578125,27.286760330200195,58.9372444152832,99.33999633789062,19.132253646850586
2009-09-18,79.21891021728516,36.73455810546875,49.270259857177734,33.58673095703125,27.363872528076172,58.41265869140625,98.66999816894531,18.963167190551758
2009-09-21,79.01847076416016,36.84710693359375,49.13496017456055,33.2303352355957,27.125503540039062,58.546897888183594,98.36000061035156,18.548900604248047
2009-09-22,79.4787368774414,36.91634750366211,49.47398376464844,33.689430236816406,27.539155960083008,58.66890335083008,99.66999816894531,18.85325813293457
2009-09-23,78.81806945800781,36.74322509765625,49.003326416015625,33.39948654174805,27.125503540039062,58.84575653076172,98.83000183105469,18.430540084838867
2009-09-24,77.9496078491211,36.4143180847168,48.02214050292969,32.9101676940918,26.592679977416992,59.01655960083008,97.55000305175781,18.193817138671875
2009-09-25,77.53388214111328,36.09404754638672,47.726993560791016,32.77123260498047,26.704843521118164,59.766883850097656,97.0,18.050092697143555
2009-09-28,78.9219741821289,36.70860290527344,48.867713928222656,33.21825408935547,27.048381805419922,60.29146194458008,97.05000305175781,18.21072769165039
2009-09-29,78.68445587158203,36.544151306152344,48.65235137939453,33.01890182495117,27.111480712890625,60.23654556274414,97.43000030517578,18.143089294433594
2009-09-30,78.38011169433594,36.57011413574219,48.0540657043457,33.030982971191406,27.27974510192871,60.181671142578125,98.8499984741211,18.650354385375977
2009-10-01,76.43528747558594,35.4881591796875,46.618186950683594,32.167152404785156,26.536584854125977,61.0058479309082,97.88999938964844,18.531993865966797
2009-10-02,76.0789794921875,35.384300231933594,46.267189025878906,31.810741424560547,26.54358673095703,60.58364486694336,98.37000274658203,18.345996856689453
2009-10-05,77.21469116210938,35.669918060302734,47.0968132019043,32.26984786987305,27.16057014465332,60.58976364135742,99.81999969482422,18.937803268432617
2009-10-06,78.32074737548828,36.30180358886719,47.97429275512695,32.81352233886719,27.609268188476562,59.990142822265625,102.27999877929688,18.70953369140625
2009-10-07,78.53598022460938,36.40566635131836,47.99024963378906,32.93433380126953,27.581220626831055,60.693824768066406,102.36000061035156,18.74335289001465
2009-10-08,79.13727569580078,36.561458587646484,48.428985595703125,33.41156768798828,27.917747497558594,60.05744552612305,103.63999938964844,19.115345001220703
2009-10-09,79.61980438232422,36.76917266845703,48.9953498840332,33.32698059082031,27.938777923583984,58.680633544921875,102.83999633789062,19.191434860229492
2009-10-12,79.93156433105469,36.84710693359375,49.003326416015625,33.526329040527344,28.17014503479004,58.77244186401367,103.55999755859375,19.580333709716797
2009-10-13,79.76821899414062,36.85575485229492,48.79591751098633,33.45384979248047,28.219221115112305,59.078407287597656,104.26000213623047,19.80014991760254
2009-10-14,81.14154052734375,37.35776901245117,49.7292366027832,34.257259368896484,29.13064956665039,58.20343017578125,104.18000030517578,19.952327728271484
2009-10-15,81.43840789794922,37.27122497558594,49.69734573364258,34.414329528808594,28.969396591186523,57.93415451049805,102.86000061035156,20.15523338317871
2009-10-16,80.82976531982422,37.02885055541992,49.20276641845703,33.89482498168945,28.569766998291016,58.40535354614258,103.18000030517578,20.205957412719727
2009-10-19,81.49781799316406,37.401065826416016,49.6096076965332,34.4384880065918,29.116626739501953,58.864227294921875,104.2300033569336,20.493404388427734
2009-10-20,81.06729125976562,37.40970993041992,48.92354965209961,34.257259368896484,28.731019973754883,59.182437896728516,103.41999816894531,20.36659049987793
2009-10-21,80.33982849121094,37.340457916259766,48.26145553588867,34.142494201660156,28.5767822265625,58.827510833740234,103.75,20.79776382446289
2009-10-22,81.15632629394531,37.487606048583984,48.93154525756836,34.47473907470703,28.81515121459961,58.53993225097656,103.91999816894531,20.96685218811035
2009-10-23,80.22845458984375,37.331809997558594,47.91048049926758,33.931068420410156,28.5767822265625,58.09939193725586,103.48999786376953,20.890762329101562
2009-10-26,79.3599853515625,37.210636138916016,47.47970962524414,33.4175910949707,28.219221115112305,57.34672927856445,101.86000061035156,20.510316848754883
2009-10-27,78.9962158203125,36.64799880981445,46.89737319946289,33.15180587768555,27.728452682495117,58.12995910644531,101.8499984741211,20.36659049987793
2009-10-28,77.50421142578125,35.82572555541992,45.3338737487793,32.354427337646484,26.459463119506836,58.40535354614258,100.7300033569336,19.842418670654297
2009-10-29,79.1669921875,36.4316291809082,46.195404052734375,33.30885314941406,27.630292892456055,57.768898010253906,102.69000244140625,20.459590911865234
2009-10-30,76.87326049804688,35.45351028442383,44.935020446777344,32.19736862182617,26.34028434753418,58.60723114013672,102.52999877929688,19.94387435913086
2009-11-02,77.4374008178711,35.60067367553711,44.847267150878906,32.51148986816406,26.732900619506836,58.348243713378906,103.94999694824219,20.290504455566406
2009-11-03,77.68238830566406,35.713199615478516,45.52532958984375,32.3846321105957,26.774953842163086,57.765037536621094,106.45999908447266,20.57794952392578
2009-11-04,77.88277435302734,35.77379608154297,44.87120819091797,32.71082305908203,27.272735595703125,57.23706817626953,107.0999984741211,20.56104278564453
2009-11-05,79.31542205810547,36.65665817260742,46.29910659790039,33.1336784362793,27.833614349365234,57.23706817626953,106.9800033569336,20.45113754272461
2009-11-06,79.5232925415039,36.87305450439453,46.33100891113281,33.2303352355957,27.798568725585938,57.29232406616211,107.43000030517578,20.087596893310547
2009-11-09,81.33451080322266,37.660728454589844,47.240379333496094,34.16061019897461,28.822160720825195,57.3598518371582,108.19000244140625,20.41731834411621
2009-11-10,81.34933471679688,37.75592803955078,46.94524383544922,33.97940444946289,28.688968658447266,57.255531311035156,108.38999938964844,20.315866470336914
2009-11-11,81.7650146484375,37.99829864501953,47.272300720214844,34.08208465576172,28.934343338012695,57.494911193847656,109.5999984741211,20.45113754272461
2009-11-12,80.93363189697266,37.781898498535156,46.40279769897461,33.58673095703125,28.28933334350586,57.39053726196289,108.20999908447266,20.146778106689453
2009-11-13,81.37162017822266,38.093505859375,46.849517822265625,34.057918548583984,28.773096084594727,57.6545295715332,109.73999786376953,20.12986946105957
2009-11-16,82.5518798828125,38.483001708984375,48.085960388183594,34.601585388183594,29.495222091674805,58.32975387573242,111.62999725341797,20.713220596313477
2009-11-17,82.64839172363281,38.60420227050781,48.085960388183594,34.372039794921875,29.39005470275879,58.6428337097168,111.97000122070312,20.81467628479004
2009-11-18,82.59642028808594,38.38779067993164,47.99024963378906,34.2633056640625,29.158693313598633,58.2990608215332,112.25,20.83158302307129
2009-11-19,81.52008819580078,37.79057693481445,46.79367446899414,33.616947174072266,28.61884880065918,58.40342712402344,112.30000305175781,20.535680770874023
2009-11-20,81.23057556152344,37.6001091003418,46.737831115722656,33.42967987060547,28.49966049194336,58.39121627807617,112.94000244140625,20.510316848754883
2009-11-23,82.26239776611328,38.20602798461914,47.5515022277832,34.0277214050293,29.095592498779297,58.317501068115234,114.29000091552734,20.603313446044922
2009-11-24,82.3885726928711,38.0761833190918,47.33610534667969,33.8887825012207,28.934343338012695,58.685848236083984,114.7300033569336,20.36659049987793
2009-11-25,82.67807006835938,38.24066162109375,47.3281364440918,34.34183120727539,29.27086639404297,58.9559211730957,116.62000274658203,20.856945037841797
2009-11-27,81.33451080322266,37.660728454589844,45.93216323852539,33.35115051269531,28.135086059570312,59.176910400390625,115.05999755859375,20.620223999023438
2009-11-30,81.60917663574219,37.70399475097656,46.3389892578125,33.45989227294922,28.408519744873047,59.31812286376953,115.63999938964844,20.848491668701172
2009-12-01,82.61868286132812,38.093505859375,47.05691909790039,34.378082275390625,29.221782684326172,58.65734100341797,117.37999725341797,21.000667572021484
2009-12-02,82.58158111572266,38.145442962646484,47.61531066894531,34.43244552612305,29.340978622436523,58.706573486328125,119.18000030517578,20.856945037841797
2009-12-03,81.93576049804688,37.989627838134766,47.03298568725586,34.35392761230469,29.06755256652832,58.09690475463867,118.69999694824219,20.840036392211914
2009-12-04,82.40341186523438,38.1887092590332,48.19762420654297,34.23310470581055,29.33397102355957,57.481117248535156,113.75,20.670949935913086
2009-12-07,82.2772216796875,38.006954193115234,48.26944351196289,34.04584884643555,29.081565856933594,57.55500411987305,113.11000061035156,20.484952926635742
2009-12-08,81.36420440673828,37.773250579833984,47.89451217651367,33.45384979248047,28.541719436645508,57.64125061035156,110.94999694824219,20.282047271728516
2009-12-09,81.66853332519531,38.15408706665039,47.742942810058594,33.41156768798828,28.717010498046875,57.37637710571289,110.83999633789062,20.028419494628906
2009-12-10,82.12874603271484,38.34453201293945,47.5515022277832,33.51425552368164,28.8852596282959,56.717464447021484,110.81999969482422,19.91851043701172
2009-12-11,82.4776382446289,38.1973876953125,47.99822235107422,33.50217056274414,28.99042510986328,56.71127700805664,109.31999969482422,20.019960403442383
2009-12-14,83.04181671142578,38.56089782714844,48.7241325378418,33.82837677001953,29.186742782592773,56.77907180786133,110.23999786376953,20.12986946105957
2009-12-15,82.65579223632812,38.34453201293945,48.58852005004883,33.45384979248047,28.8852596282959,56.5265998840332,110.20999908447266,20.0368709564209
2009-12-16,82.78199768066406,38.396446228027344,48.899627685546875,33.846492767333984,29.053525924682617,56.45885467529297,111.58999633789062,20.383501052856445
2009-12-17,81.78731536865234,37.929054260253906,48.35718536376953,33.04909896850586,28.219221115112305,57.38871383666992,107.33999633789062,20.07068634033203
2009-12-18,82.25000762939453,38.547210693359375,48.80390930175781,33.127647399902344,28.296342849731445,57.142364501953125,108.94999694824219,20.15523338317871
2009-12-21,83.08587646484375,38.98073959350586,49.45005798339844,33.22428512573242,28.26129150390625,56.126251220703125,106.94999694824219,19.96078109741211
2009-12-22,83.38438415527344,39.21481704711914,49.9127082824707,33.435203552246094,28.546112060546875,55.81220626831055,106.16999816894531,20.104507446289062
2009-12-23,83.54857635498047,39.500919342041016,50.555877685546875,33.739990234375,28.828815460205078,55.824520111083984,106.55000305175781,20.459590911865234
2009-12-24,83.9441146850586,39.865074157714844,50.74810791015625,33.87409591674805,29.11857795715332,55.245643615722656,108.36000061035156,20.57794952392578
2009-12-28,84.12323760986328,40.07316207885742,50.66801071166992,34.02040100097656,29.217529296875,55.091697692871094,108.55000305175781,20.941490173339844
2009-12-29,84.00381469726562,39.90842819213867,50.643978118896484,34.07527160644531,29.112905502319336,55.455081939697266,107.47000122070312,20.899215698242188
2009-12-30,83.97398376464844,40.02980041503906,50.611942291259766,33.93506622314453,29.24015998840332,55.819740295410156,106.93000030517578,20.873855590820312
2009-12-31,83.16797637939453,39.66566467285156,50.011234283447266,33.697322845458984,29.339139938354492,55.553993225097656,107.30999755859375,20.81467628479004
2010-01-04,84.57848358154297,40.246543884277344,51.244693756103516,34.58121109008789,30.194568634033203,55.50453567504883,109.80000305175781,21.33884620666504
2010-01-05,84.8023681640625,40.246543884277344,51.0684928894043,34.6116828918457,30.413719177246094,55.862998962402344,109.69999694824219,21.364208221435547
2010-01-06,84.862060546875,40.0037956237793,51.02042770385742,34.75798034667969,30.477357864379883,55.11520767211914,111.51000213623047,21.74465560913086
2010-01-07,85.2203140258789,40.02980041503906,51.396873474121094,34.6238899230957,30.30061149597168,55.20787048339844,110.81999969482422,21.474111557006836
2010-01-08,85.50390625,40.359291076660156,51.67721176147461,34.898197174072266,30.540973663330078,55.183162689208984,111.37000274658203,21.45720863342285
2010-01-11,85.6233139038086,40.194549560546875,51.46896743774414,35.18468475341797,30.477357864379883,54.88029479980469,112.8499984741211,21.389570236206055
2010-01-12,84.82478332519531,39.69166564941406,50.908287048339844,34.77016830444336,29.989543914794922,55.819740295410156,110.48999786376953,20.933034896850586
2010-01-13,85.54122924804688,40.18586349487305,51.565086364746094,35.062767028808594,30.08144760131836,55.170833587646484,111.54000091552734,20.94994354248047
2010-01-14,85.7725601196289,40.220542907714844,51.757301330566406,35.330989837646484,30.003679275512695,55.943321228027344,112.02999877929688,20.840036392211914
2010-01-15,84.8098373413086,39.75234603881836,51.00440979003906,34.77626419067383,29.657264709472656,56.2894401550293,110.86000061035156,20.603313446044922
2010-01-19,85.86958312988281,40.393951416015625,51.94152069091797,35.117637634277344,30.258188247680664,56.12874984741211,111.5199966430664,20.738584518432617
2010-01-20,84.99640655517578,39.813072204589844,51.188636779785156,34.2215576171875,29.53001594543457,56.697296142578125,108.94000244140625,20.349681854248047
2010-01-21,83.36203002929688,39.44024658203125,50.34764862060547,33.49006652832031,28.639230728149414,56.956871032714844,107.37000274658203,20.096050262451172
2010-01-22,81.50370788574219,38.2871208190918,49.44257354736328,32.83781433105469,28.002967834472656,56.85797119140625,107.16999816894531,19.884695053100586
2010-01-25,81.92162322998047,38.41717529296875,49.49862289428711,33.240142822265625,28.207990646362305,56.5984001159668,107.4800033569336,19.977689743041992
2010-01-26,81.57836151123047,38.45185470581055,49.01005554199219,33.051170349121094,27.621196746826172,56.61693572998047,107.55999755859375,19.75787925720215
2010-01-27,81.96643829345703,38.75530242919922,49.53067398071289,33.01460266113281,27.55051040649414,56.58610534667969,106.52999877929688,19.470428466796875
2010-01-28,81.02606201171875,37.75823211669922,48.681678771972656,32.45988464355469,27.35963249206543,56.55521011352539,106.4800033569336,19.402793884277344
2010-01-29,80.14543914794922,37.09931564331055,48.1450309753418,31.99051856994629,27.062705993652344,57.04960250854492,105.95999908447266,19.182979583740234
2010-02-01,81.39177703857422,37.50679397583008,48.71369552612305,32.575706481933594,27.790868759155273,56.53171920776367,108.3499984741211,19.647968292236328
2010-02-02,82.37691497802734,37.84494400024414,49.25034713745117,33.118228912353516,28.017107009887695,56.69300079345703,109.12999725341797,20.07068634033203
2010-02-03,81.96643829345703,38.05301284790039,48.92195510864258,32.77076721191406,27.854501724243164,56.03550720214844,108.69999694824219,19.825510025024414
2010-02-04,79.43647766113281,36.951934814453125,47.288021087646484,31.435794830322266,26.59610366821289,56.92243957519531,104.37000274658203,19.16607093811035
2010-02-05,79.60066986083984,37.264060974121094,47.472232818603516,31.380949020385742,26.299171447753906,57.0465087890625,104.68000030517578,18.92089080810547
2010-02-08,79.02598571777344,36.995277404785156,46.999671936035156,30.75916862487793,26.03759765625,57.12091827392578,104.04000091552734,18.929346084594727
2010-02-09,80.01856231689453,37.376773834228516,47.6484375,31.728397369384766,26.885961532592773,56.55034255981445,105.41000366210938,19.26752471923828
2010-02-10,79.8618392944336,37.29872131347656,47.76056671142578,31.527238845825195,26.815261840820312,56.010746002197266,105.12000274658203,19.343610763549805
2010-02-11,80.69767761230469,37.86227798461914,48.521480560302734,31.819826126098633,27.522232055664062,55.706817626953125,107.12999725341797,19.57187843322754
2010-02-12,80.63053894042969,37.9402961730957,48.8739013671875,31.545522689819336,27.175817489624023,55.93629455566406,107.04000091552734,19.461973190307617
2010-02-16,81.89924621582031,38.42584991455078,49.69887924194336,32.24654006958008,27.875713348388672,56.0417366027832,109.62000274658203,20.053781509399414
2010-02-17,82.2873306274414,38.64259719848633,50.03528594970703,32.28919982910156,27.974687576293945,55.40293884277344,109.25,19.952327728271484
2010-02-18,82.7724380493164,38.885345458984375,50.44375228881836,32.472076416015625,28.08073616027832,55.179683685302734,109.9800033569336,20.12986946105957
2010-02-19,82.94407653808594,38.86802673339844,50.507816314697266,32.270912170410156,27.840368270874023,55.477378845214844,109.47000122070312,20.24822998046875
2010-02-22,82.958984375,38.78999328613281,50.65999984741211,32.33187484741211,27.875713348388672,55.24790954589844,109.06999969482422,20.138322830200195
2010-02-23,81.95149993896484,38.2871208190918,50.06730270385742,31.87469482421875,27.23236656188965,56.1099967956543,107.88999938964844,19.808603286743164
2010-02-24,82.70525360107422,38.67728042602539,50.4918098449707,32.07584762573242,27.493955612182617,56.246395111083984,107.36000061035156,19.96923828125
2010-02-25,82.59332275390625,38.66859817504883,50.507816314697266,31.88079071044922,27.267723083496094,56.56271743774414,108.30999755859375,19.631061553955078
2010-02-26,82.6455307006836,38.807315826416016,50.299583435058594,32.07584762573242,27.543437957763672,56.85419464111328,109.43000030517578,19.977689743041992
2010-03-01,83.5038070678711,39.37089538574219,51.46896743774414,32.325775146484375,28.010034561157227,56.829341888427734,109.43000030517578,19.77478790283203
2010-03-02,83.73519134521484,39.492244720458984,51.86144256591797,32.56960678100586,28.328166961669922,56.75463104248047,111.0199966430664,19.98614501953125
2010-03-03,83.80979919433594,39.53561782836914,52.15779113769531,32.959739685058594,28.36351776123047,56.611576080322266,111.62999725341797,20.180599212646484
2010-03-04,84.06354522705078,39.66566467285156,52.2939338684082,32.87439727783203,28.215063095092773,56.910240173339844,110.83000183105469,20.003053665161133
2010-03-05,85.26512145996094,40.26390838623047,53.35920715332031,33.51445007324219,28.950300216674805,56.16360092163086,110.80999755859375,20.239778518676758
2010-03-08,85.27997589111328,40.34192657470703,53.455322265625,33.51445007324219,28.971508026123047,55.871192932128906,109.87999725341797,20.214412689208984
2010-03-09,85.42180633544922,40.56736755371094,53.64754867553711,33.435203552246094,29.134117126464844,55.88361358642578,109.72000122070312,19.994600296020508
2010-03-10,85.80244445800781,40.896820068359375,54.104068756103516,33.57542419433594,29.339139938354492,55.74055480957031,108.47000122070312,20.053781509399414
2010-03-11,86.16063690185547,41.052879333496094,54.264286041259766,33.70343017578125,29.34621238708496,55.94583511352539,108.5999984741211,20.003053665161133
2010-03-12,86.16808319091797,41.06155014038086,54.24026107788086,33.9289665222168,29.24722671508789,56.29423141479492,107.94999694824219,19.884695053100586
2010-03-15,86.19048309326172,40.9575080871582,54.056026458740234,33.69123840332031,29.035146713256836,56.21957778930664,108.36000061035156,19.647968292236328
2010-03-16,86.8770980834961,41.21760940551758,54.52058410644531,34.1179313659668,29.40983009338379,56.667598724365234,110.4000015258789,19.91005516052246
2010-03-17,87.39205169677734,41.330326080322266,54.840972900390625,34.3007926940918,29.727962493896484,56.910240173339844,109.58999633789062,20.087596893310547
2010-03-18,87.3472671508789,41.46903991699219,54.67277145385742,34.099639892578125,29.501731872558594,56.72358322143555,110.33999633789062,20.045324325561523
2010-03-19,86.90512084960938,41.218223571777344,53.9919548034668,33.75218963623047,29.119962692260742,56.77956008911133,108.27999877929688,19.80014991760254
2010-03-22,87.3697280883789,41.5914192199707,54.75286865234375,33.84971618652344,29.226024627685547,56.841766357421875,107.75,19.80014991760254
2010-03-23,87.9842529296875,41.877838134765625,55.44969940185547,34.08745193481445,29.431047439575195,56.57423400878906,108.31999969482422,19.715604782104492
2010-03-24,87.55709838867188,41.67822265625,54.816959381103516,33.52663803100586,28.99272346496582,55.54142761230469,106.30000305175781,19.495790481567383
2010-03-25,87.41474914550781,41.61747360229492,54.4716911315918,33.50835418701172,28.91495704650879,55.18678283691406,106.77999877929688,19.385883331298828
2010-03-26,87.36224365234375,41.660865783691406,54.44762420654297,33.837528228759766,29.056350708007812,55.34233856201172,108.58999633789062,19.419700622558594
2010-03-29,87.91678619384766,41.8604736328125,54.74469757080078,34.1240234375,29.579500198364258,55.13078308105469,108.75,19.859329223632812
2010-03-30,87.97672271728516,41.99934005737305,54.9133186340332,34.1240234375,29.692623138427734,55.305015563964844,107.97000122070312,19.901599884033203
2010-03-31,87.67698669433594,41.79971694946289,54.439571380615234,34.1240234375,29.777448654174805,55.68452072143555,108.94999694824219,19.884695053100586
2010-04-01,88.27648162841797,41.79971694946289,54.94542694091797,34.727508544921875,30.555116653442383,55.548397064208984,110.26000213623047,20.27359390258789
2010-04-05,88.99588775634766,42.19029998779297,55.97319793701172,34.76407241821289,30.830835342407227,54.624168395996094,110.88999938964844,20.594860076904297
2010-04-06,89.20571899414062,42.31179428100586,56.302406311035156,34.66655349731445,30.922744750976562,54.711570739746094,111.02999877929688,20.57794952392578
2010-04-07,88.69610595703125,42.207645416259766,56.12575149536133,34.42271423339844,30.65410041809082,55.4110221862793,112.48999786376953,20.501861572265625
2010-04-08,89.00336456298828,42.303123474121094,56.069549560546875,34.38613510131836,30.7601375579834,55.43598556518555,112.6500015258789,20.468042373657227
2010-04-09,89.587890625,42.55483627319336,56.40678024291992,34.83723068237305,30.951021194458008,55.56713104248047,113.63999938964844,20.510316848754883
2010-04-12,89.73027038574219,42.58955383300781,56.6396484375,34.94695281982422,30.703582763671875,55.86062240600586,113.01000213623047,20.493404388427734
2010-04-13,89.7977294921875,42.80653381347656,56.76808547973633,34.91647720336914,30.63995361328125,56.0417366027832,112.69000244140625,20.56949806213379
2010-04-14,90.8168716430664,43.318599700927734,57.980567932128906,35.3797492980957,31.0924072265625,55.648311614990234,113.02999877929688,20.80622100830078
2010-04-15,90.89179992675781,43.50957107543945,58.1572265625,35.35536193847656,30.922744750976562,55.71073913574219,113.6500015258789,20.882308959960938
2010-04-16,89.4455337524414,42.98879623413086,57.378353118896484,34.57511520385742,30.017833709716797,56.11669158935547,111.23999786376953,20.501861572265625
2010-04-19,89.7827377319336,42.96276092529297,57.09730529785156,34.483680725097656,29.897642135620117,55.97929763793945,111.1500015258789,20.239778518676758
2010-04-20,90.58457946777344,43.17975997924805,57.87616729736328,34.69702911376953,30.251129150390625,56.17912292480469,111.45999908447266,20.400407791137695
2010-04-21,90.41968536376953,43.422767639160156,58.277652740478516,34.47148513793945,30.152151107788086,56.641239166259766,112.30999755859375,20.501861572265625
2010-04-22,90.6894760131836,43.665775299072266,58.895904541015625,34.160606384277344,30.279403686523438,56.472625732421875,111.83999633789062,20.55258560180664
2010-04-23,91.28147888183594,43.848052978515625,59.522216796875,34.4166145324707,30.44200897216797,56.27281951904297,113.19000244140625,20.687856674194336
2010-04-26,90.93675231933594,43.75257873535156,59.29738998413086,34.45320129394531,30.44200897216797,56.335262298583984,112.75,20.586406707763672
2010-04-27,88.78608703613281,42.82390213012695,57.9404182434082,33.06946563720703,29.353271484375,57.128353118896484,114.62999725341797,20.27359390258789
2010-04-28,89.46050262451172,42.84992599487305,58.03677749633789,33.0755615234375,29.600711822509766,56.641239166259766,114.30999755859375,20.341228485107422
2010-04-29,90.569580078125,43.596343994140625,59.26527786254883,33.58760070800781,30.088523864746094,56.87855529785156,114.27999877929688,20.501861572265625
2010-04-30,89.03333282470703,42.73708724975586,57.53091049194336,33.166988372802734,29.727962493896484,57.5343017578125,115.36000061035156,20.662494659423828
2010-05-03,90.18741607666016,43.335968017578125,58.82365036010742,33.404727935791016,29.890562057495117,57.4591064453125,115.7300033569336,20.763948440551758
2010-05-04,88.06666564941406,42.034080505371094,56.976890563964844,32.081947326660156,28.5190486907959,58.493019104003906,114.87000274658203,20.205957412719727
2010-05-05,87.54212188720703,41.81709289550781,56.141822814941406,31.466270446777344,28.002967834472656,58.83777618408203,115.08999633789062,19.74942398071289
2010-05-06,84.63452911376953,40.41970443725586,54.038116455078125,30.06424903869629,26.857677459716797,60.65503692626953,118.48999786376953,19.36052131652832
2010-05-07,83.37559509277344,39.41290283203125,52.48040771484375,29.99720001220703,26.999074935913086,59.89678955078125,118.2699966430664,19.259069442749023
2010-05-10,87.04752349853516,41.461238861083984,55.42718505859375,31.941743850708008,28.94322967529297,58.6559944152832,117.56999969482422,19.631061553955078
2010-05-11,86.80023956298828,41.41783142089844,55.79655456542969,31.42360496520996,28.420082092285156,58.505619049072266,120.66000366210938,19.59724235534668
2010-05-12,88.01422882080078,42.198970794677734,57.50682067871094,31.777164459228516,28.773563385009766,58.0606689453125,121.4000015258789,19.75787925720215
2010-05-13,86.92012023925781,41.53066635131836,56.952796936035156,31.362642288208008,28.504911422729492,58.44297790527344,120.55999755859375,19.588790893554688
2010-05-14,85.34642791748047,40.73216247558594,55.852760314941406,30.47266960144043,27.91812515258789,59.45814895629883,120.37000274658203,19.08997917175293
2010-05-17,85.3913803100586,40.86235046386719,55.957130432128906,30.51534080505371,27.74846076965332,59.23884201049805,119.36000061035156,18.548900604248047
2010-05-18,84.22987365722656,40.29820251464844,54.881195068359375,29.856992721557617,27.168745040893555,60.147491455078125,119.48999786376953,18.523534774780273
2010-05-19,83.75025939941406,39.97706985473633,54.230804443359375,29.972816467285156,26.90716552734375,60.34803009033203,116.62999725341797,18.354450225830078
2010-05-20,80.5879135131836,38.49289321899414,51.484737396240234,28.930450439453125,25.570999145507812,61.620121002197266,115.83999633789062,17.9740047454834
2010-05-21,81.76445770263672,38.918190002441406,52.2475471496582,29.637550354003906,26.39815330505371,61.68281173706055,115.22000122070312,18.15999984741211
2010-05-24,80.7153091430664,38.76197052001953,51.548980712890625,28.954824447631836,26.1224365234375,61.46977233886719,116.83999633789062,18.143089294433594
2010-05-25,80.79771423339844,38.79667663574219,51.540950775146484,28.84510040283203,25.839643478393555,61.7705192565918,117.36000061035156,17.99936866760254
2010-05-26,80.31061553955078,38.36272048950195,51.669429779052734,28.41840934753418,25.82550621032715,61.595115661621094,118.47000122070312,18.193817138671875
2010-05-27,83.00089263916016,39.81214904785156,53.88555145263672,30.033777236938477,27.38790512084961,60.1976432800293,118.69000244140625,18.726444244384766
2010-05-28,81.95925903320312,39.577823638916016,53.19502639770508,29.454683303833008,26.935447692871094,60.473331451416016,118.87999725341797,18.565807342529297
2010-06-01,80.58038330078125,39.2132682800293,51.581092834472656,29.162080764770508,26.440567016601562,60.89842224121094,119.91000366210938,18.21917724609375
2010-06-02,82.67864990234375,40.14196014404297,53.050498962402344,29.942338943481445,27.36669158935547,60.319950103759766,119.77999877929688,18.438995361328125
2010-06-03,82.96341705322266,40.52385330200195,53.73298263549805,29.850900650024414,27.267723083496094,59.8797492980957,117.95999908447266,18.540447235107422
2010-06-04,80.04833984375,39.13518142700195,51.035091400146484,28.576887130737305,26.299171447753906,61.48948287963867,119.19000244140625,17.96554946899414
2010-06-07,79.05165100097656,38.4234504699707,49.718265533447266,28.217241287231445,25.88912582397461,61.961063385009766,121.48999786376953,17.99936866760254
2010-06-08,79.89846801757812,38.354034423828125,49.694175720214844,28.668336868286133,26.482988357543945,61.652957916259766,121.0,18.143089294433594
2010-06-09,79.4713134765625,38.03288269042969,49.72629928588867,28.564682006835938,26.341594696044922,61.583744049072266,120.55999755859375,18.22763442993164
2010-06-10,81.79438018798828,39.1178092956543,51.444610595703125,29.77166175842285,27.260650634765625,60.4834098815918,118.97000122070312,18.531993865966797
2010-06-11,82.19154357910156,39.49102020263672,52.14317321777344,29.814327239990234,27.40204429626465,61.250518798828125,120.01000213623047,18.557357788085938
2010-06-14,82.06417846679688,39.48235321044922,52.472354888916016,30.0032958984375,27.40911102294922,60.93614196777344,119.5999984741211,18.608083724975586
2010-06-15,83.93011474609375,40.541236877441406,53.78920364379883,30.954227447509766,28.23625946044922,60.684627532958984,120.98999786376953,18.92089080810547
2010-06-16,83.90015411376953,40.70613479614258,53.540287017822266,30.80793571472168,28.23625946044922,61.03042984008789,120.33000183105469,18.963167190551758
2010-06-17,84.03502655029297,40.83631134033203,53.60453796386719,30.90546417236328,28.09487533569336,61.52715301513672,121.9000015258789,18.97161865234375
2010-06-18,84.12614440917969,40.870243072509766,53.636634826660156,30.850603103637695,28.222126007080078,61.42665100097656,122.83000183105469,18.937803268432617
2010-06-21,83.88520050048828,40.522422790527344,53.08259582519531,30.84450912475586,28.709945678710938,61.250518798828125,120.38999938964844,18.861713409423828
2010-06-22,82.49979400634766,40.20936584472656,51.990596771240234,30.45438003540039,28.15850067138672,61.979888916015625,121.44999694824219,18.819440841674805
2010-06-23,82.24374389648438,40.044132232666016,51.846073150634766,30.658449172973633,28.231088638305664,62.401222229003906,120.94999694824219,18.506628036499023
2010-06-24,80.88095092773438,39.435428619384766,51.0190315246582,30.125032424926758,27.732934951782227,62.030242919921875,121.30000305175781,18.548900604248047
2010-06-25,81.21977996826172,39.443275451660156,51.89424133300781,30.2987003326416,28.060285568237305,62.2817268371582,122.76000213623047,18.88707733154297
2010-06-28,80.96375274658203,39.30386734008789,51.597171783447266,30.075420379638672,27.868141174316406,62.86650085449219,121.08999633789062,18.68416976928711
2010-06-29,78.4640121459961,37.78781509399414,49.645999908447266,29.045822143554688,26.736623764038086,63.55192184448242,121.2699966430664,18.1684513092041
2010-06-30,77.71859741210938,37.2127571105957,49.0759162902832,28.847339630126953,26.5587158203125,63.97948455810547,121.68000030517578,18.2360897064209
2010-07-01,77.37223815917969,37.10821533203125,48.72261428833008,29.26909828186035,26.750858306884766,64.08039093017578,117.04000091552734,17.957096099853516
2010-07-02,76.95062255859375,37.003662109375,48.19013214111328,29.207075119018555,26.864723205566406,63.569515228271484,118.48999786376953,17.923274993896484
2010-07-06,77.4550552368164,37.11691665649414,47.5617790222168,29.79010009765625,27.362873077392578,64.09298706054688,116.51000213623047,17.9740047454834
2010-07-07,79.89460754394531,38.30188751220703,49.22127151489258,30.72046661376953,27.967777252197266,63.34244918823242,117.7300033569336,18.37981414794922
2010-07-08,80.68519592285156,38.5109977722168,49.930179595947266,31.0181827545166,28.102985382080078,62.93882369995117,117.20999908447266,18.548900604248047
2010-07-09,81.28752899169922,38.87692642211914,50.70355224609375,31.049192428588867,28.444581985473633,62.579280853271484,118.36000061035156,18.582719802856445
2010-07-12,81.34027099609375,38.990203857421875,50.13159942626953,30.93134117126465,28.216856002807617,62.55404281616211,117.33999633789062,18.371360778808594
2010-07-13,82.56755828857422,39.49555206298828,51.718597412109375,31.501972198486328,28.54421615600586,62.017974853515625,118.36000061035156,18.66726303100586
2010-07-14,82.56002044677734,39.695960998535156,51.53330993652344,31.613616943359375,28.48728370666504,62.642391204833984,118.30000305175781,18.633445739746094
2010-07-15,82.58260345458984,39.73078918457031,51.05802536010742,31.76866912841797,28.35206413269043,63.266815185546875,118.2300033569336,18.81098747253418
2010-07-16,80.30870819091797,38.632991790771484,49.197105407714844,30.751476287841797,27.505203247070312,63.5758171081543,116.66999816894531,18.574262619018555
2010-07-19,80.7830581665039,38.96405792236328,49.40656661987305,30.94995880126953,27.868141174316406,63.184776306152344,115.7300033569336,18.557357788085938
2010-07-20,81.67906951904297,39.4345588684082,50.23630142211914,31.16084098815918,28.522863388061523,63.279380798339844,116.6500015258789,18.70953369140625
2010-07-21,80.61740112304688,38.89435958862305,49.33405685424805,30.596418380737305,28.231088638305664,64.35160064697266,115.8499984741211,18.6588077545166
2010-07-22,82.4169692993164,39.87890625,51.0902214050293,31.62600326538086,29.08506965637207,63.607357025146484,116.86000061035156,19.030799865722656
2010-07-23,83.13226318359375,40.1316032409668,52.34696578979492,31.99816131591797,29.28432846069336,62.93247985839844,116.08999633789062,18.97161865234375
2010-07-26,83.99811553955078,40.4626579284668,53.53922653198242,32.22144317626953,29.48358726501465,62.82525634765625,115.5199966430664,18.9547119140625
2010-07-27,83.99061584472656,40.445255279541016,53.34587860107422,32.314483642578125,29.433774948120117,62.21974563598633,113.51000213623047,18.751806259155273
2010-07-28,83.4484634399414,40.12287902832031,52.48390197753906,32.147010803222656,29.27009391784668,62.4216194152832,113.77999877929688,18.827898025512695
2010-07-29,83.04187774658203,39.826629638671875,52.34696578979492,32.295867919921875,29.319910049438477,62.40270233154297,114.29000091552734,19.098434448242188
2010-07-30,83.02685546875,39.913753509521484,52.379150390625,32.196632385253906,29.462242126464844,63.373992919921875,115.48999786376953,19.352067947387695
2010-08-02,84.9016342163086,40.66306686401367,53.28947067260742,33.28205490112305,30.223712921142578,62.48432540893555,115.54000091552734,19.72406005859375
2010-08-03,84.49506378173828,40.48881530761719,52.862518310546875,33.23243713378906,30.081363677978516,62.84503173828125,115.98999786376953,19.79169273376465
2010-08-04,85.05979919433594,40.898319244384766,53.41838073730469,33.26344299316406,30.12407112121582,62.364131927490234,116.72000122070312,19.96078109741211
2010-08-05,84.96939849853516,40.802486419677734,52.790008544921875,33.238643646240234,29.988859176635742,62.655181884765625,116.9800033569336,19.86778450012207
2010-08-06,84.62307739257812,40.74148178100586,52.47583770751953,33.33788299560547,29.946163177490234,63.33854293823242,117.83999633789062,19.690242767333984
2010-08-09,85.07484436035156,41.02030944824219,53.05585479736328,33.375099182128906,30.10272789001465,63.10442352294922,117.4000015258789,19.75787925720215
2010-08-10,84.61552429199219,40.66306686401367,52.05694580078125,33.1083869934082,29.689960479736328,63.2373046875,117.7300033569336,19.54651641845703
2010-08-11,82.2964859008789,39.55654525756836,50.01075744628906,31.6012020111084,28.74347686767578,64.0852279663086,117.33999633789062,19.106891632080078
2010-08-12,81.79202270507812,39.242881774902344,49.761024475097656,31.563993453979492,28.793289184570312,63.92705154418945,118.7699966430664,18.963167190551758
2010-08-13,81.55103302001953,38.96405792236328,49.197105407714844,31.452346801757812,28.949857711791992,64.72430419921875,118.73999786376953,18.94625473022461
2010-08-16,81.51341247558594,39.03376388549805,49.59185028076172,31.70664405822754,29.22028160095215,66.3441162109375,119.7300033569336,18.88707733154297
2010-08-17,82.51482391357422,39.5303955078125,50.445770263671875,32.060176849365234,29.52629280090332,65.9644775390625,119.75,19.157615661621094
2010-08-18,82.66544342041016,39.68722152709961,50.59883499145508,32.04777908325195,29.504932403564453,66.14163970947266,120.22000122070312,19.081525802612305
2010-08-19,81.22731018066406,39.08604049682617,49.21322250366211,31.532978057861328,29.277202606201172,67.17304992675781,120.38999938964844,18.88707733154297
2010-08-20,80.96375274658203,39.1383056640625,49.261558532714844,31.204254150390625,29.191818237304688,67.09708404541016,119.97000122070312,18.768714904785156
2010-08-23,80.65509796142578,38.754940032958984,48.59291076660156,31.142230987548828,28.928508758544922,67.10977172851562,119.77999877929688,18.641897201538086
2010-08-24,79.45787048339844,38.03178405761719,48.03705978393555,30.71426773071289,28.558435440063477,68.18546295166016,120.36000061035156,18.430540084838867
2010-08-25,79.76659393310547,38.39771270751953,48.7620964050293,30.745269775390625,28.37342071533203,67.96397399902344,121.36000061035156,18.523534774780273
2010-08-26,79.23202514648438,37.93593978881836,48.39957809448242,30.732873916625977,28.19550895690918,68.60302734375,120.95999908447266,18.734895706176758
2010-08-27,80.45931243896484,38.39771270751953,49.66434860229492,31.334501266479492,28.814638137817383,66.6605224609375,121.01000213623047,19.05616569519043
2010-08-30,79.29224395751953,37.9969367980957,48.57680892944336,30.88172149658203,28.33782958984375,67.93870544433594,120.91000366210938,19.022348403930664
2010-08-31,79.29224395751953,37.86623001098633,48.48013687133789,30.97475814819336,28.50863265991211,68.69166564941406,122.08000183105469,18.768714904785156
2010-09-01,81.66399383544922,38.99890899658203,50.35714340209961,32.078792572021484,29.512054443359375,67.2713623046875,121.69000244140625,19.14070701599121
2010-09-02,82.42449951171875,39.4345588684082,50.91299819946289,32.2586669921875,29.561872482299805,66.56053924560547,122.29000091552734,19.275976181030273
2010-09-03,83.49364471435547,40.088035583496094,51.82332992553711,32.556373596191406,29.91057586669922,65.7354736328125,121.86000061035156,19.377429962158203
2010-09-07,82.552490234375,39.81793975830078,50.84049606323242,32.103599548339844,29.476478576660156,67.08097839355469,122.69999694824219,19.478885650634766
2010-09-08,83.13226318359375,40.297122955322266,51.13857650756836,32.3516960144043,29.796710968017578,66.5478515625,122.70999908447266,19.521154403686523
2010-09-09,83.51626586914062,40.453975677490234,51.1707878112793,32.655616760253906,29.96750259399414,65.2341537475586,121.55999755859375,19.41124725341797
2010-09-10,83.93788146972656,40.60210037231445,51.3318977355957,32.75485610961914,30.074254989624023,64.93582153320312,121.7300033569336,19.614152908325195
2010-09-13,84.8715591430664,41.16841125488281,52.5805778503418,33.35028839111328,30.793025970458984,65.25322723388672,121.62000274658203,19.75787925720215
2010-09-14,84.81880950927734,41.34267807006836,52.35498046875,33.57357406616211,30.778785705566406,65.88148498535156,124.0199966430664,19.817058563232422
2010-09-15,85.14260864257812,41.60408020019531,52.653072357177734,33.58597946166992,30.821489334106445,64.90413665771484,123.94000244140625,19.783239364624023
2010-09-16,85.12002563476562,41.76961135864258,52.31474685668945,33.42470932006836,30.6649169921875,64.26317596435547,124.62999725341797,19.681787490844727
2010-09-17,85.15180969238281,41.91108703613281,52.53224182128906,33.26344299316406,30.615108489990234,64.52338409423828,124.54000091552734,19.74942398071289
2010-09-20,86.45377349853516,42.64468765258789,53.990360260009766,33.84027099609375,31.099031448364258,64.89777374267578,124.87000274658203,19.91005516052246
2010-09-21,86.27970886230469,42.635982513427734,53.676170349121094,33.83406448364258,31.006507873535156,65.79904174804688,126.01000213623047,19.69869613647461
2010-09-22,85.85576629638672,42.52242660522461,53.03974914550781,33.78445816040039,31.02786636352539,66.38920593261719,126.19999694824219,19.817058563232422
2010-09-23,85.15937805175781,42.50495147705078,52.397701263427734,33.41850662231445,30.828594207763672,66.57959747314453,126.30000305175781,19.833967208862305
2010-09-24,86.91555786132812,43.369564056396484,54.10177230834961,34.34886932373047,31.397926330566406,65.68474578857422,126.69000244140625,20.138322830200195
2010-09-27,86.49918365478516,43.13375473022461,53.9644660949707,34.175201416015625,31.340988159179688,66.82711029052734,126.72000122070312,20.003053665161133
2010-09-28,86.80200958251953,43.11628341674805,54.497474670410156,34.37367630004883,31.5687198638916,67.28398895263672,127.8499984741211,20.003053665161133
2010-09-29,86.65059661865234,43.046417236328125,54.65093994140625,34.31785583496094,31.67547035217285,67.00484466552734,127.94999694824219,20.265138626098633
2010-09-30,86.39325714111328,42.85429763793945,54.51363754272461,34.06355285644531,31.860496520996094,66.96040344238281,127.91000366210938,20.383501052856445
2010-10-01,86.75658416748047,42.80188751220703,54.804378509521484,34.40468978881836,32.33018493652344,66.63679504394531,128.91000366210938,20.42577362060547
2010-10-04,86.10559844970703,42.33903121948242,54.06138229370117,33.90849685668945,32.230552673339844,66.80876922607422,128.4600067138672,20.358139038085938
2010-10-05,87.83905029296875,43.369564056396484,55.59584426879883,34.869869232177734,32.81410217285156,66.40743255615234,130.99000549316406,20.772397994995117
2010-10-06,87.83148956298828,42.9940185546875,55.41008377075195,35.161380767822266,32.79986572265625,67.24192810058594,131.80999755859375,20.780858993530273
2010-10-07,87.72550201416016,43.15122985839844,55.24856948852539,35.04353332519531,32.50810241699219,66.681396484375,130.3699951171875,20.56949806213379
2010-10-08,88.21754455566406,43.448150634765625,55.95118713378906,35.27302932739258,32.89949417114258,66.3883285522461,131.66000366210938,21.254301071166992
2010-10-11,88.30084991455078,43.46561813354492,55.999637603759766,35.229618072509766,32.878143310546875,66.40105438232422,132.2899932861328,21.152849197387695
2010-10-12,88.5733413696289,43.762542724609375,56.1450080871582,35.15517807006836,32.742942810058594,65.74495697021484,131.9600067138672,21.254301071166992
2010-10-13,89.26213836669922,44.12062454223633,57.0010871887207,35.552127838134766,33.347843170166016,65.64306640625,134.07000732421875,21.35575294494629
2010-10-14,88.91394805908203,44.033267974853516,56.960697174072266,35.80022430419922,33.2909049987793,64.66204071044922,134.75,21.321935653686523
2010-10-15,89.09562683105469,44.96775436401367,56.766845703125,35.68238067626953,33.248207092285156,63.87221908569336,133.67999267578125,21.085214614868164
2010-10-18,89.53466033935547,44.80181121826172,57.24336242675781,35.76301193237305,33.262447357177734,64.38812255859375,134.27999877929688,21.296573638916016
2010-10-19,88.36137390136719,44.38261032104492,56.128849029541016,34.975303649902344,32.20920181274414,64.77672576904297,130.11000061035156,20.670949935913086
2010-10-20,89.22431182861328,44.705745697021484,56.70225143432617,35.63276672363281,32.72159194946289,64.91683959960938,131.32000732421875,21.161304473876953
2010-10-21,89.42109680175781,44.793087005615234,56.42767333984375,35.44047927856445,32.72159194946289,64.14606475830078,129.47000122070312,20.899215698242188
2010-10-22,89.58765411376953,45.09876251220703,56.79109191894531,35.53352355957031,32.75716781616211,64.57926940917969,129.72999572753906,21.076759338378906
2010-10-25,89.85261535644531,45.317081451416016,57.13029861450195,35.669979095458984,33.112998962402344,64.76398468017578,130.85000610351562,21.18666648864746
2010-10-26,89.86772918701172,45.4393424987793,57.08992004394531,35.44047927856445,33.08452224731445,63.763893127441406,130.8800048828125,21.296573638916016
2010-10-27,89.61034393310547,45.57906723022461,56.94454574584961,35.09935760498047,32.52231979370117,63.203338623046875,129.52000427246094,21.228939056396484
2010-10-28,89.62549591064453,45.67515182495117,56.59728240966797,35.37225341796875,32.72870635986328,63.375335693359375,131.24000549316406,21.33884620666504
2010-10-29,89.69361877441406,45.570350646972656,56.774959564208984,35.3598518371582,32.82121658325195,63.96780014038086,132.6199951171875,21.288118362426758
2010-11-01,89.7238998413086,45.60527420043945,56.387290954589844,35.229618072509766,33.18415069580078,63.69231414794922,131.9199981689453,21.42338752746582
2010-11-02,90.43546295166016,46.0943489074707,57.55833053588867,35.81263732910156,33.59690856933594,64.52944946289062,132.49000549316406,21.617839813232422
2010-11-03,90.79882049560547,46.3039436340332,57.78446578979492,36.060733795166016,33.80329513549805,63.2130241394043,131.57000732421875,21.71929168701172
2010-11-04,92.54742431640625,46.871604919433594,59.24622344970703,36.87944030761719,34.57188415527344,63.7050895690918,136.02999877929688,22.235008239746094
2010-11-05,92.8956069946289,46.871604919433594,59.57731246948242,36.71819305419922,34.50782012939453,62.61233901977539,136.3800048828125,22.3280086517334
2010-11-08,92.7215347290039,46.932735443115234,59.528900146484375,36.494895935058594,34.36549377441406,62.893524169921875,137.77999877929688,22.387187957763672
2010-11-09,92.05538940429688,46.679481506347656,58.7374382019043,36.12895202636719,33.93138122558594,61.50678634643555,135.58999633789062,22.235008239746094
2010-11-10,92.42630004882812,46.91526412963867,59.39159393310547,36.234397888183594,34.18046569824219,61.58989715576172,137.24000549316406,22.471731185913086
2010-11-11,92.07809448242188,46.61834716796875,59.157405853271484,35.924278259277344,33.84598922729492,61.55797576904297,137.66000366210938,22.285734176635742
2010-11-12,90.9880599975586,45.85852813720703,58.172115325927734,35.62656021118164,33.02759552001953,61.22566223144531,133.69000244140625,21.35575294494629
2010-11-15,90.85936737060547,45.68388748168945,58.1801872253418,35.601749420166016,33.01336669921875,59.94756317138672,132.4199981689453,21.389570236206055
2010-11-16,89.44384002685547,44.93281936645508,57.049530029296875,34.764434814453125,32.14514923095703,61.43654251098633,130.97000122070312,20.755495071411133
2010-11-17,89.48924255371094,45.06381607055664,57.202980041503906,34.95670700073242,32.308834075927734,61.097843170166016,130.3800048828125,20.594860076904297
2010-11-18,90.8063735961914,45.78868103027344,58.31746292114258,35.83123779296875,33.07741165161133,61.34708786010742,132.08999633789062,21.152849197387695
2010-11-19,91.05620574951172,45.8236198425293,58.511295318603516,35.83123779296875,33.0987663269043,61.724151611328125,132.1999969482422,20.848491668701172
2010-11-22,90.98048400878906,46.207881927490234,58.79395294189453,35.446693420410156,32.99913024902344,61.986087799072266,133.47999572753906,20.916126251220703
2010-11-23,89.66334533691406,45.474281311035156,58.23672103881836,34.3798828125,31.953006744384766,62.29283142089844,134.41000366210938,20.865402221679688
2010-11-24,90.9880599975586,46.391273498535156,59.54505920410156,34.925689697265625,32.69312286376953,61.18095779418945,134.17999267578125,21.254301071166992
2010-11-26,89.92829132080078,46.085601806640625,59.1331672668457,34.34266662597656,31.881839752197266,62.03081130981445,133.11000061035156,21.35575294494629
2010-11-29,90.20081329345703,46.050682067871094,59.22200012207031,34.03874588012695,32.13092803955078,62.56121826171875,133.50999450683594,21.398025512695312
2010-11-30,89.69361877441406,45.49174499511719,58.75358963012695,33.65420150756836,31.867605209350586,62.88713455200195,135.4199981689453,21.195117950439453
2010-12-01,91.6011962890625,46.4524040222168,60.06996154785156,34.60936737060547,32.778526306152344,61.48915100097656,135.3800048828125,21.820743560791016
2010-12-02,92.77450561523438,46.924015045166016,60.675689697265625,35.26683044433594,33.42612075805664,61.32891845703125,135.1999969482422,22.00674057006836
2010-12-03,93.02429962158203,47.0462646484375,61.11181640625,35.60795974731445,33.54710006713867,60.847938537597656,138.07000732421875,22.285734176635742
2010-12-06,92.92591094970703,47.02879333496094,61.491390228271484,35.446693420410156,33.49017333984375,61.707191467285156,139.11000061035156,22.260372161865234
2010-12-07,92.97887420654297,47.05500030517578,61.84674835205078,35.465293884277344,33.33361053466797,60.38626480102539,136.5,22.108192443847656
2010-12-08,93.3195571899414,47.22968292236328,61.80636215209961,35.57073974609375,33.12010955810547,59.80274200439453,134.7899932861328,22.277280807495117
2010-12-09,93.68289184570312,47.27333450317383,62.0163459777832,35.66377258300781,33.006248474121094,60.09770965576172,135.3699951171875,22.21809959411621
2010-12-10,94.22789001464844,47.587738037109375,62.79164123535156,35.74441146850586,33.15569305419922,59.73219299316406,135.41000366210938,22.184284210205078
2010-12-13,94.28843688964844,47.421817779541016,62.468624114990234,36.12895202636719,33.36918640136719,59.956626892089844,136.0500030517578,22.404096603393555
2010-12-14,94.3717269897461,47.509132385253906,62.436279296875,36.18478775024414,33.41900634765625,59.08452606201172,136.17999267578125,22.34491539001465
2010-12-15,93.94025421142578,47.299530029296875,62.24246597290039,35.70720672607422,32.878143310546875,58.31502914428711,134.6999969482422,22.285734176635742
2010-12-16,94.48524475097656,47.66633605957031,62.8159065246582,35.905670166015625,32.97066116333008,58.71902084350586,133.80999755859375,22.20964813232422
2010-12-17,94.58650207519531,47.70834732055664,63.00968933105469,35.70720672607422,33.02049255371094,59.789947509765625,134.1999969482422,22.378734588623047
2010-12-20,94.81478118896484,47.743350982666016,63.26002502441406,35.787837982177734,32.871036529541016,59.725791931152344,135.11000061035156,22.581636428833008
2010-12-21,95.41593170166016,48.032108306884766,63.962669372558594,36.08708572387695,33.35084915161133,60.14262008666992,135.32000732421875,22.725360870361328
2010-12-22,95.71269226074219,48.02335739135742,63.94400405883789,36.15595626831055,33.465606689453125,59.712955474853516,135.0500030517578,22.843725204467773
2010-12-23,95.57574462890625,47.90084457397461,63.8629150390625,36.13717269897461,33.429752349853516,59.59108352661133,134.66000366210938,22.928266525268555
2010-12-27,95.61376190185547,47.92710876464844,64.05760955810547,36.062049865722656,33.322166442871094,60.12334060668945,135.02000427246094,22.885995864868164
2010-12-28,95.75074005126953,47.839599609375,63.87912368774414,36.09334945678711,33.35084915161133,58.945865631103516,137.22000122070312,23.13117218017578
2010-12-29,95.8192367553711,47.9445915222168,64.01701354980469,36.4063835144043,33.777828216552734,59.94319152832031,137.7100067138672,23.139629364013672
2010-12-30,95.66702270507812,47.830841064453125,63.895355224609375,36.23108673095703,33.9500617980957,59.89816665649414,137.02999877929688,22.860633850097656
2010-12-31,95.68988800048828,47.65583801269531,63.473487854003906,36.45021057128906,34.18686294555664,60.56086349487305,138.72000122070312,23.29180335998535
2011-01-03,96.67910766601562,48.39964294433594,64.57676696777344,36.750728607177734,34.516963958740234,60.10409164428711,138.0,23.39325714111328
2011-01-04,96.62582397460938,48.36463928222656,63.619510650634766,36.638031005859375,34.674842834472656,60.174800872802734,134.75,23.080446243286133
2011-01-05,97.12806701660156,48.77590560913086,64.3658676147461,36.48151397705078,34.58872985839844,58.849308013916016,134.3699951171875,23.32562255859375
2011-01-06,96.93782043457031,48.93342971801758,64.06571960449219,36.062049865722656,34.222740173339844,59.106689453125,133.8300018310547,23.0128116607666
2011-01-07,96.74759674072266,48.88965606689453,63.700645446777344,35.91804885864258,33.907005310058594,59.42195510864258,133.5800018310547,22.928266525268555
2011-01-10,96.62582397460938,49.07343673706055,64.06571960449219,35.855430603027344,33.55537033081055,59.743709564208984,134.1199951171875,23.198808670043945
2011-01-11,96.96827697753906,49.1434326171875,64.3253173828125,36.099609375,33.9141845703125,59.409141540527344,134.91000366210938,23.460893630981445
2011-01-12,97.8433609008789,49.49346923828125,64.87696075439453,36.89472579956055,34.59590530395508,58.945865631103516,135.4600067138672,23.613073348999023
2011-01-13,97.68356323242188,49.510963439941406,64.8526382446289,36.994903564453125,34.29450988769531,59.47346878051758,134.0500030517578,23.579254150390625
2011-01-14,98.3912353515625,49.87848663330078,65.3393783569336,37.22028732299805,34.39497375488281,59.09387969970703,132.69000244140625,23.689163208007812
2011-01-18,98.55867767333984,50.01848602294922,65.3880615234375,37.46446228027344,34.34476089477539,58.8171501159668,133.42999267578125,23.663801193237305
2011-01-19,97.59223937988281,49.44970703125,63.708740234375,37.207767486572266,34.079227447509766,59.24187088012695,133.72000122070312,23.63843536376953
2011-01-20,97.46289825439453,49.099693298339844,63.04350280761719,36.88846206665039,33.70606994628906,58.4246826171875,131.1999969482422,23.40171241760254
2011-01-21,97.68356323242188,48.7234001159668,62.62166976928711,37.08880615234375,33.35444641113281,58.887969970703125,131.02999877929688,23.63843536376953
2011-01-24,98.23908233642578,49.397212982177734,63.084110260009766,37.483238220214844,33.612789154052734,58.91368865966797,130.36000061035156,23.435531616210938
2011-01-25,98.29232025146484,49.46720504760742,63.18140411376953,37.408111572265625,33.4118537902832,59.47346878051758,130.10000610351562,23.139629364013672
2011-01-26,98.67277526855469,49.72972869873047,64.1873779296875,37.646026611328125,33.70606994628906,58.57268524169922,131.16000366210938,23.655344009399414
2011-01-27,98.91632080078125,50.03598403930664,64.37397766113281,37.733665466308594,33.59126281738281,58.83646011352539,127.93000030517578,23.452438354492188
2011-01-28,97.18896484375,48.76715850830078,62.80011749267578,36.89472579956055,32.52919387817383,59.145286560058594,130.27999877929688,23.748340606689453
2011-01-31,97.91944885253906,49.003421783447266,63.23820495605469,37.214027404785156,32.87363815307617,58.694915771484375,129.8699951171875,24.120336532592773
2011-02-01,99.48705291748047,49.922237396240234,64.69850158691406,38.096797943115234,33.670196533203125,58.40433120727539,130.8000030517578,24.297876358032227
2011-02-02,99.29679870605469,49.84347152709961,64.45508575439453,38.06549072265625,33.419036865234375,58.41725158691406,130.4499969482422,24.53459930419922
2011-02-03,99.5174789428711,49.930992126464844,64.68225860595703,38.071754455566406,33.37596893310547,57.93295669555664,132.1999969482422,24.373964309692383
2011-02-04,99.79902648925781,50.211002349853516,64.79583740234375,38.05923080444336,33.3687858581543,57.345314025878906,131.66000366210938,24.23869514465332
2011-02-07,100.4229965209961,50.447269439697266,65.43675994873047,38.17818832397461,33.4118537902832,57.64242172241211,131.67999267578125,24.171062469482422
2011-02-08,100.87957000732422,50.77980041503906,65.899169921875,38.42861557006836,33.42621612548828,57.112892150878906,133.13999938964844,24.331693649291992
2011-02-09,100.65128326416016,50.692291259765625,65.60710144042969,38.31592559814453,32.658363342285156,57.61014175415039,133.07000732421875,24.450054168701172
2011-02-10,100.68934631347656,50.77104949951172,65.86672973632812,38.06549072265625,32.34979248046875,56.94502639770508,132.85000610351562,24.306331634521484
2011-02-11,101.29048156738281,51.138572692871094,66.58063507080078,38.08427429199219,32.744476318359375,57.765132904052734,132.32000732421875,24.22178840637207
2011-02-14,101.53398132324219,51.261085510253906,66.92134857177734,38.15940475463867,32.57943344116211,57.8038330078125,132.9499969482422,24.340150833129883
2011-02-15,101.21438598632812,51.19107437133789,66.54008483886719,38.04671859741211,32.64402770996094,58.0621337890625,133.97000122070312,24.027334213256836
2011-02-16,101.85359191894531,51.52360153198242,67.07554626464844,38.50373840332031,32.91670227050781,57.874881744384766,134.10000610351562,24.204875946044922
2011-02-17,102.157958984375,51.506099700927734,67.54601287841797,38.635223388671875,33.03152084350586,57.96525955200195,135.0399932861328,24.280967712402344
2011-02-18,102.37103271484375,51.39236068725586,67.61903381347656,38.76668930053711,33.232452392578125,57.784488677978516,135.41000366210938,24.255603790283203
2011-02-22,100.31648254394531,49.90473556518555,65.88292694091797,37.658538818359375,32.17039489746094,58.64966583251953,136.2899932861328,24.22178840637207
2011-02-23,99.70010375976562,49.49346923828125,64.74716186523438,37.70862579345703,32.1990966796875,58.86283874511719,137.50999450683594,24.76287078857422
2011-02-24,99.63158416748047,49.755985260009766,65.1609115600586,37.73992156982422,32.27804183959961,59.237281799316406,136.47999572753906,24.543052673339844
2011-02-25,100.69692993164062,50.447269439697266,66.66987609863281,38.19070816040039,32.66554260253906,59.58597946166992,137.3800048828125,25.084131240844727
2011-02-28,101.3208999633789,50.55228042602539,66.74288177490234,38.535057067871094,32.85929489135742,59.66346740722656,137.66000366210938,25.12640380859375
2011-03-01,99.63158416748047,49.73847961425781,65.404296875,37.996620178222656,32.522010803222656,59.83644485473633,140.02999877929688,25.506851196289062
2011-03-02,99.84468078613281,50.001007080078125,65.68013763427734,38.19696807861328,32.9669303894043,58.91655731201172,139.9199981689453,25.608304977416992
2011-03-03,101.56440734863281,50.98981857299805,67.17285919189453,38.68531036376953,33.61996078491211,58.34003829956055,138.08999633789062,25.599851608276367
2011-03-04,100.8034439086914,50.72731399536133,66.88082122802734,38.33470153808594,33.65583419799805,58.825889587402344,139.35000610351562,25.726665496826172
2011-03-07,100.01207733154297,50.04475021362305,65.78556823730469,37.96531677246094,33.182220458984375,58.450157165527344,139.72000122070312,25.608304977416992
2011-03-08,100.8871841430664,50.24601364135742,66.85647583007812,38.08427429199219,33.627140045166016,58.09388732910156,139.36000061035156,25.388492584228516
2011-03-09,100.74258422851562,49.90473556518555,66.58875274658203,38.096797943115234,33.69172668457031,58.65742874145508,139.41000366210938,25.48994255065918
2011-03-10,98.87825012207031,49.12592697143555,64.87696075439453,37.15141677856445,32.694252014160156,59.64213562011719,137.77000427246094,25.0756778717041
2011-03-11,99.56311798095703,49.43220138549805,65.04733276367188,37.15141677856445,33.03152084350586,59.305198669433594,138.22000122070312,24.931955337524414
2011-03-14,98.96200561523438,49.2571907043457,64.69850158691406,36.487770080566406,33.225276947021484,59.279327392578125,138.86000061035156,24.999589920043945
2011-03-15,97.8281478881836,48.55714797973633,64.12249755859375,35.723960876464844,32.6727180480957,60.16681671142578,136.27000427246094,24.086519241333008
2011-03-16,96.01708984375,47.38455581665039,63.48160171508789,34.61581039428711,32.005340576171875,60.84696578979492,136.24000549316406,24.230241775512695
2011-03-17,97.28784942626953,47.822113037109375,63.619510650634766,35.767791748046875,32.40003204345703,60.38059616088867,136.97000122070312,24.982681274414062
2011-03-18,97.64169311523438,47.714324951171875,64.46322631835938,36.262393951416016,32.45743179321289,60.5424919128418,138.3699951171875,25.12640380859375
2011-03-21,99.1549301147461,48.63443374633789,65.9559555053711,37.15768814086914,33.081748962402344,60.18622970581055,139.13999938964844,25.244766235351562
2011-03-22,98.81101989746094,48.54678726196289,65.60710144042969,37.05124282836914,33.182220458984375,60.38704299926758,139.0500030517578,25.430761337280273
2011-03-23,99.09380340576172,48.81843185424805,65.80992889404297,37.09507369995117,33.61996078491211,60.30933380126953,140.33999633789062,25.481489181518555
2011-03-24,100.04147338867188,49.68598556518555,66.26436614990234,37.58967208862305,34.007476806640625,59.855865478515625,139.22000122070312,25.5660343170166
2011-03-25,100.3471908569336,49.808658599853516,66.8415756225586,37.17646408081055,33.97158432006836,59.70683670043945,139.25999450683594,25.633668899536133
2011-03-28,100.10263061523438,49.5369987487793,66.69522094726562,37.15768814086914,33.79935836791992,59.791114807128906,138.5399932861328,25.287038803100586
2011-03-29,100.7751693725586,50.01897430419922,67.32120513916016,37.351768493652344,34.18686294555664,59.331180572509766,138.2100067138672,25.430761337280273
2011-03-30,101.47069549560547,50.25557327270508,68.19109344482422,37.79627227783203,34.624610900878906,59.80404281616211,138.6699981689453,25.396947860717773
2011-03-31,101.33308410644531,50.325679779052734,68.42686462402344,37.614715576171875,34.926002502441406,59.68091583251953,139.86000061035156,25.79430389404297
2011-04-01,101.76107025146484,50.351959228515625,68.72766876220703,37.971588134765625,35.48573684692383,59.97113037109375,139.1999969482422,25.97184181213379
2011-04-04,101.84515380859375,50.18547439575195,68.8821029663086,38.02165985107422,35.78714370727539,60.03614044189453,139.83999633789062,26.208566665649414
2011-04-05,101.82984924316406,50.054019927978516,69.25607299804688,37.92776107788086,35.71538543701172,59.79541015625,142.0500030517578,26.233928680419922
2011-04-06,102.1508560180664,50.17671585083008,69.4105224609375,38.24079132080078,35.90913009643555,58.89775085449219,142.3800048828125,26.31001853942871
2011-04-07,101.89102172851562,50.14165496826172,68.99589538574219,38.0529670715332,35.87324905395508,58.780677795410156,142.50999450683594,26.36074447631836
2011-04-08,101.53943634033203,49.90504455566406,68.27239227294922,38.365997314453125,35.90913009643555,58.46842575073242,143.66000366210938,26.98636817932129
2011-04-11,101.23372650146484,49.738555908203125,67.66267395019531,38.29087448120117,35.48573684692383,58.52045440673828,142.63999938964844,26.487558364868164
2011-04-12,100.47714233398438,49.39680099487305,66.77655029296875,37.93400955200195,34.81837463378906,59.15143966674805,141.61000061035156,25.94647789001465
2011-04-13,100.46945190429688,49.81742477416992,66.86598205566406,38.04671859741211,35.105403900146484,59.522247314453125,141.89999389648438,26.149385452270508
2011-04-14,100.54591369628906,49.729793548583984,67.17487335205078,38.21574783325195,35.21305465698242,59.47669982910156,143.80999755859375,26.217021942138672
2011-04-15,100.91272735595703,49.64216613769531,67.89030456542969,38.15940475463867,35.256103515625,60.283348083496094,145.0500030517578,26.352291107177734
2011-04-18,99.78160858154297,49.291648864746094,66.76842498779297,37.37680435180664,34.37344741821289,60.41992950439453,145.92999267578125,26.1916561126709
2011-04-19,100.35481262207031,49.59834671020508,66.78467559814453,37.65227127075195,34.868595123291016,60.680152893066406,145.92999267578125,26.200111389160156
2011-04-20,101.72288513183594,50.72000503540039,68.15044403076172,38.61017990112305,35.69384765625,60.28984451293945,146.5,26.6143741607666
2011-04-21,102.2425308227539,51.12310791015625,68.65445709228516,38.86061096191406,36.009586334228516,60.23781967163086,146.74000549316406,26.80882453918457
2011-04-25,102.13554382324219,51.25456619262695,68.56503295898438,38.86061096191406,35.71538543701172,60.46548080444336,146.8699951171875,26.732736587524414
2011-04-26,103.01443481445312,51.543731689453125,69.2479476928711,39.1611213684082,36.02394485473633,61.05094909667969,146.3800048828125,26.724285125732422
2011-04-27,103.6869888305664,51.894248962402344,69.66255950927734,39.64946365356445,35.95936584472656,60.42642593383789,149.1999969482422,26.88491439819336
2011-04-28,104.02324676513672,51.81538009643555,69.9796142578125,39.9186897277832,35.66514587402344,60.88832473754883,149.82000732421875,26.690465927124023
2011-04-29,104.2678451538086,51.77155685424805,70.23162841796875,39.730865478515625,35.88042449951172,61.07697296142578,152.3699951171875,26.96946144104004
2011-05-02,104.10736846923828,51.6751708984375,69.4105224609375,39.9875373840332,35.887596130371094,61.17496109008789,150.41000366210938,26.69891929626465
2011-05-03,103.73285675048828,51.4298210144043,68.53252410888672,39.661983489990234,35.091060638427734,61.52122497558594,149.8800048828125,26.419925689697266
2011-05-04,103.04502868652344,51.3509407043457,67.6463851928711,39.32390594482422,34.509796142578125,61.79555892944336,147.72999572753906,25.99720573425293
2011-05-05,102.11261749267578,51.07051086425781,67.33748626708984,38.54757308959961,34.179691314697266,62.3835334777832,143.47000122070312,24.255603790283203
2011-05-06,102.56353759765625,51.237037658691406,67.69520568847656,38.566349029541016,34.624610900878906,62.10914993286133,145.3000030517578,24.179515838623047
2011-05-09,102.9609603881836,51.4298210144043,68.48374938964844,38.841827392578125,34.68920135498047,62.04387283325195,147.3800048828125,25.067224502563477
2011-05-10,103.83985137939453,51.86795425415039,69.53248596191406,39.211212158203125,35.09823989868164,61.59963607788086,147.89999389648438,25.295494079589844
2011-05-11,102.74696350097656,51.49114990234375,68.24803161621094,38.42234802246094,34.323219299316406,61.952392578125,146.5399932861328,24.483871459960938
2011-05-12,103.23606872558594,51.797855377197266,68.84960174560547,38.54757308959961,34.42368698120117,61.56043243408203,146.58999633789062,24.509235382080078
2011-05-13,102.44127655029297,51.1844482421875,67.89030456542969,37.9465217590332,33.670196533203125,62.11573028564453,145.6300048828125,24.5515079498291
2011-05-16,101.79163360595703,50.299373626708984,66.8984603881836,37.87767028808594,33.61996078491211,62.461952209472656,145.3699951171875,24.230241775512695
2011-05-17,101.7763442993164,50.439605712890625,66.6871109008789,37.95905685424805,33.72760009765625,63.10218811035156,144.74000549316406,24.2894229888916
2011-05-18,102.68582153320312,50.86021041870117,67.71146392822266,38.19070816040039,34.27298355102539,62.26594924926758,145.60000610351562,24.779775619506836
2011-05-19,102.93038177490234,51.00920486450195,67.8577651977539,38.409828186035156,34.05052947998047,62.23986053466797,145.64999389648438,24.585325241088867
2011-05-20,102.11261749267578,50.62360382080078,67.36186981201172,37.86514663696289,33.777828216552734,62.272491455078125,147.49000549316406,24.813594818115234
2011-05-23,100.92803192138672,49.87876510620117,66.15058898925781,36.988643646240234,33.0745735168457,62.573055267333984,147.8300018310547,24.41623878479004
2011-05-24,100.84393310546875,49.57206344604492,65.83348083496094,37.20151138305664,33.4046745300293,62.808197021484375,148.58999633789062,24.74595832824707
2011-05-25,101.18023681640625,49.76483917236328,66.6627426147461,37.43940734863281,33.476436614990234,62.51423263549805,148.5800018310547,25.194040298461914
2011-05-26,101.64643859863281,50.07155227661133,67.54071807861328,37.790016174316406,33.907005310058594,63.049922943115234,148.22000122070312,25.287038803100586
2011-05-27,102.03620147705078,50.325679779052734,68.00410461425781,38.06549072265625,34.26581573486328,63.023826599121094,149.6999969482422,25.430761337280273
2011-05-31,103.09852600097656,51.14064025878906,68.97151947021484,38.85435485839844,34.82554244995117,63.16753387451172,149.63999938964844,25.574487686157227
2011-06-01,100.78282928466797,50.02774429321289,66.75214385986328,37.93400955200195,34.20122146606445,64.021240234375,149.91000366210938,25.25322151184082
2011-06-02,100.67581939697266,50.132877349853516,66.72775268554688,38.12809753417969,34.52415466308594,62.80164337158203,149.5,25.473033905029297
2011-06-03,99.67462158203125,49.37926483154297,65.75223541259766,38.14688491821289,34.35192108154297,63.16228103637695,150.22000122070312,25.574487686157227
2011-06-06,98.61998748779297,48.976173400878906,64.67098999023438,37.65227127075195,33.79935836791992,62.68364715576172,150.47999572753906,25.278583526611328
2011-06-07,98.55883026123047,48.88854217529297,64.82544708251953,37.996620178222656,34.064884185791016,62.97214889526367,150.4199981689453,25.515308380126953
2011-06-08,98.14611053466797,48.538028717041016,64.10188293457031,37.50828170776367,33.82088851928711,63.463897705078125,149.80999755859375,25.726665496826172
2011-06-09,98.89509582519531,48.62565994262695,64.443359375,37.896453857421875,34.086402893066406,63.20818328857422,150.55999755859375,25.870389938354492
2011-06-10,97.51944732666016,47.88080978393555,63.410892486572266,37.019954681396484,33.34726333618164,63.69332504272461,149.24000549316406,25.599851608276367
2011-06-13,97.59585571289062,47.88080978393555,63.23206329345703,37.076290130615234,33.28986358642578,63.372127532958984,147.77000427246094,25.430761337280273
2011-06-14,98.83394622802734,48.49422073364258,64.58968353271484,37.733665466308594,33.79218292236328,62.414825439453125,148.6699981689453,25.608304977416992
2011-06-15,97.07616424560547,47.57411575317383,63.435279846191406,36.494041442871094,33.06739807128906,63.549102783203125,149.1199951171875,24.92350196838379
2011-06-16,97.29016876220703,47.390098571777344,63.58158493041992,36.36882019042969,32.81623458862305,63.83766555786133,148.97000122070312,24.822050094604492
2011-06-17,97.58049774169922,47.24165344238281,63.59784698486328,36.725685119628906,32.85929489135742,63.5360221862793,149.94000244140625,24.712142944335938
2011-06-20,98.0797119140625,47.487586975097656,64.18319702148438,36.68186950683594,32.80906295776367,63.614707946777344,150.02999877929688,24.576871871948242
2011-06-21,99.42379760742188,48.50635528564453,65.5733871459961,37.47698211669922,33.4118537902832,63.3327522277832,150.75999450683594,24.593782424926758
2011-06-22,98.82472229003906,48.15504837036133,65.06932830810547,37.11381530761719,33.07917404174805,63.372127532958984,150.99000549316406,24.703685760498047
2011-06-23,98.54051971435547,48.60296630859375,65.32135009765625,36.794700622558594,33.03568649291992,63.8572998046875,148.33999633789062,24.179515838623047
2011-06-24,97.39614868164062,47.75981521606445,64.9880142211914,36.44365692138672,32.97771072387695,63.588462829589844,146.25999450683594,23.89206886291504
2011-06-27,98.26402282714844,48.5239143371582,65.4920425415039,36.74364471435547,33.361839294433594,62.716373443603516,145.72999572753906,23.883609771728516
2011-06-28,99.54668426513672,49.24409103393555,66.50825500488281,37.18402099609375,33.818458557128906,62.21150207519531,146.24000549316406,24.306331634521484
2011-06-29,100.39923858642578,49.44609832763672,66.8252944946289,37.83503723144531,34.1301155090332,61.79841232299805,147.17999267578125,24.74595832824707
2011-06-30,101.35926055908203,50.10478973388672,67.31310272216797,38.38391876220703,34.49976348876953,61.7000732421875,146.0,24.483871459960938
2011-07-01,102.85697174072266,50.86008834838867,68.36183166503906,38.80516815185547,34.90563201904297,61.601436614990234,144.92999267578125,24.517690658569336
2011-07-05,102.77249908447266,51.114784240722656,68.52654266357422,38.57538986206055,34.891136169433594,61.739566802978516,147.6300048828125,24.847410202026367
2011-07-06,102.89537811279297,51.28165054321289,68.80380249023438,38.33286666870117,34.65921401977539,62.05537796020508,148.91000366210938,24.83895492553711
2011-07-07,103.96298217773438,51.98427200317383,69.83936309814453,38.66475296020508,35.137569427490234,61.87112045288086,149.14999389648438,25.363126754760742
2011-07-08,103.22565460205078,51.843746185302734,69.41527557373047,38.18606948852539,34.738929748535156,62.746219635009766,150.25,25.3377628326416
2011-07-11,101.35926055908203,50.90401077270508,67.93939971923828,37.03084182739258,33.76772689819336,63.687068939208984,151.58999633789062,25.143314361572266
2011-07-12,100.92147827148438,50.517574310302734,67.55619812011719,36.78193283081055,33.42707443237305,63.90412521362305,152.77000427246094,25.363126754760742
2011-07-13,101.25947570800781,50.72834396362305,68.15955352783203,37.3308219909668,33.97065353393555,64.08177185058594,154.13999938964844,25.70975685119629
2011-07-14,100.56048583984375,50.13991928100586,67.07510375976562,37.00531768798828,33.6082649230957,63.167259216308594,154.5399932861328,25.5660343170166
2011-07-15,101.14421844482422,50.807395935058594,67.52357482910156,37.132965087890625,33.818458557128906,63.27250671386719,155.1999969482422,25.79430389404297
2011-07-18,100.314697265625,50.5351448059082,66.43907928466797,36.584075927734375,33.42707443237305,62.66067123413086,156.57000732421875,25.650577545166016
2011-07-19,101.9429702758789,51.68566131591797,67.93939971923828,37.132965087890625,33.91267776489258,63.96335983276367,154.66000366210938,25.82811737060547
2011-07-20,101.88155364990234,51.46609115600586,67.82524871826172,37.57334899902344,34.014156341552734,63.20676040649414,156.02000427246094,25.912662506103516
2011-07-21,103.29478454589844,51.808624267578125,68.44500732421875,38.37115478515625,34.557735443115234,62.71988296508789,154.8300018310547,25.785844802856445
2011-07-22,103.36384582519531,52.344337463378906,68.53466796875,38.409446716308594,34.5359992980957,63.19356918334961,156.1199951171875,25.99720573425293
2011-07-25,102.78782653808594,52.23896789550781,67.7274398803711,38.16691589355469,34.4635124206543,62.50276565551758,157.33999633789062,25.870389938354492
2011-07-26,102.40383911132812,52.37070846557617,67.21371459960938,38.396690368652344,34.57948303222656,62.93037033081055,157.77000427246094,26.07329750061035
2011-07-27,100.30705261230469,51.01817321777344,65.20781707763672,37.4648551940918,33.97065353393555,62.936981201171875,157.19000244140625,25.895751953125
2011-07-28,100.01522064208984,51.10600280761719,65.1018295288086,37.37549591064453,33.99966049194336,63.173866271972656,157.32000732421875,25.81121063232422
2011-07-29,99.33162689208984,50.93913650512695,65.02030181884766,37.471229553222656,34.14460754394531,64.42391967773438,158.2899932861328,25.599851608276367
2011-08-01,98.9091796875,50.70201110839844,64.59630584716797,36.998931884765625,34.11561584472656,65.0741195678711,157.72000122070312,25.599851608276367
2011-08-02,96.38230895996094,49.419742584228516,62.58222198486328,36.02242660522461,33.06468200683594,67.02800750732422,161.52000427246094,25.599851608276367
2011-08-03,96.90460205078125,49.894004821777344,62.99807357788086,36.2330322265625,32.94871139526367,67.1600341796875,161.49000549316406,25.219402313232422
2011-08-04,92.36543273925781,47.57540512084961,59.198307037353516,33.705604553222656,31.064285278320312,69.54971313476562,160.63999938964844,24.26405906677246
2011-08-05,92.22721862792969,47.276798248291016,58.16273880004883,34.299163818359375,30.86133575439453,67.54289245605469,161.75,24.365514755249023
2011-08-08,86.2210693359375,44.43120193481445,53.09909439086914,31.73981475830078,28.28835105895996,69.67512512207031,167.1199951171875,23.460893630981445
2011-08-09,90.23028564453125,46.57416915893555,56.6379508972168,33.877925872802734,29.948102951049805,69.88636779785156,168.61000061035156,23.689163208007812
2011-08-10,86.24407958984375,44.66835403442383,53.865570068359375,31.854692459106445,28.360828399658203,71.9657211303711,174.5800018310547,23.790613174438477
2011-08-11,90.11504364013672,46.635643005371094,56.5563850402832,33.38010025024414,29.926366806030273,68.33506774902344,170.75,24.306331634521484
2011-08-12,90.72181701660156,47.048431396484375,56.90699768066406,33.76304626464844,29.9118595123291,69.68832397460938,169.97000122070312,24.272512435913086
2011-08-15,92.64192962646484,47.74225997924805,58.513370513916016,34.54808807373047,30.607656478881836,68.98199462890625,171.8000030517578,24.568416595458984
2011-08-16,91.85083770751953,47.33828353881836,57.4370231628418,34.04387283325195,30.346736907958984,70.12398529052734,173.9199981689453,24.568416595458984
2011-08-17,91.91228485107422,47.05722427368164,57.45335388183594,34.241729736328125,30.56417465209961,71.35181427001953,174.4199981689453,24.779775619506836
2011-08-18,87.94915008544922,44.747398376464844,54.183570861816406,32.57591247558594,29.121858596801758,72.81725311279297,177.72000122070312,24.171062469482422
2011-08-19,86.51293182373047,43.939395904541016,53.229549407958984,32.0206413269043,28.759464263916016,73.40479278564453,179.9499969482422,24.60223388671875
2011-08-22,86.58204650878906,44.09748077392578,53.04201889038086,32.22488021850586,28.7304744720459,73.21995544433594,184.58999633789062,24.644506454467773
2011-08-23,89.4314956665039,45.91547775268555,55.60239791870117,33.271602630615234,29.7379207611084,72.20994567871094,177.6699981689453,24.89813995361328
2011-08-24,90.69110107421875,46.27556228637695,56.42592239379883,33.28435134887695,29.44801139831543,70.15699005126953,171.64999389648438,24.644506454467773
2011-08-25,89.3086166381836,45.5202751159668,55.03974151611328,32.48017501831055,28.875425338745117,70.91618347167969,172.36000061035156,24.754413604736328
2011-08-26,90.60658264160156,46.662010192871094,56.35255813598633,32.99076843261719,29.36827850341797,71.6158447265625,177.47000122070312,25.033409118652344
2011-08-29,93.21031188964844,47.96183776855469,59.01890563964844,33.77580642700195,30.3177490234375,70.62568664550781,173.88999938964844,25.117952346801758
2011-08-30,93.4560775756836,48.278011322021484,59.361385345458984,33.57795333862305,30.361236572265625,71.76110076904297,179.10000610351562,25.456127166748047
2011-08-31,93.87078857421875,48.35704040527344,59.23905563354492,34.190670013427734,30.98455047607422,70.65209197998047,177.72000122070312,25.498397827148438
2011-09-01,92.8876953125,47.91792297363281,57.967041015625,33.769432067871094,30.817846298217773,72.14974212646484,177.8699951171875,25.320858001708984
2011-09-02,90.51443481445312,46.793739318847656,55.822532653808594,33.01629638671875,30.122055053710938,74.49361419677734,183.24000549316406,25.185585021972656
2011-09-06,89.85392761230469,46.80252456665039,55.6675910949707,31.931289672851562,29.810400009155273,75.2683334350586,182.89999389648438,25.101041793823242
2011-09-07,92.38849639892578,47.988182067871094,57.77135467529297,32.88227081298828,30.694639205932617,73.83149719238281,177.0800018310547,25.329309463500977
2011-09-08,91.42842102050781,47.76860046386719,56.71133041381836,32.231258392333984,30.01334571838379,74.49361419677734,181.80999755859375,25.16022300720215
2011-09-09,89.0321273803711,46.705909729003906,55.03974151611328,31.114334106445312,28.998640060424805,75.2881851196289,180.6999969482422,24.76287078857422
2011-09-12,89.60816192626953,47.303123474121094,55.51268768310547,30.980310440063477,28.940656661987305,75.36762237548828,176.6699981689453,24.703685760498047
2011-09-13,90.42996978759766,47.93547439575195,56.40961837768555,31.312198638916016,28.98415184020996,74.29499816894531,178.5399932861328,24.627595901489258
2011-09-14,91.6818618774414,48.62053298950195,57.42071533203125,31.78449821472168,28.904417037963867,74.92401885986328,177.2100067138672,24.509235382080078
2011-09-15,93.26405334472656,49.3407096862793,58.22798156738281,32.47378921508789,29.324792861938477,73.77857208251953,174.39999389648438,24.610685348510742
2011-09-16,93.8160171508789,49.79297637939453,58.317657470703125,32.4865608215332,29.375534057617188,74.31487274169922,176.02999877929688,24.500782012939453
2011-09-19,92.88188934326172,49.81056594848633,57.27394485473633,31.593019485473633,28.50578498840332,75.73173522949219,173.30999755859375,24.086519241333008
2011-09-20,92.7738265991211,49.59059524536133,56.385162353515625,31.72066879272461,28.295597076416016,76.04957580566406,175.77999877929688,24.04424476623535
2011-09-21,90.04086303710938,48.72829818725586,54.2977294921875,30.77606773376465,27.24465560913086,78.56558990478516,173.58999633789062,23.689163208007812
2011-09-22,87.13034057617188,47.144500732421875,52.78106689453125,29.780412673950195,25.331228256225586,81.5185546875,169.0500030517578,22.8521785736084
2011-09-23,87.65528106689453,47.64604187011719,53.32133865356445,30.118667602539062,26.005271911621094,80.00240325927734,159.8000030517578,22.446367263793945
2011-09-26,89.73979187011719,48.20037078857422,54.328163146972656,30.737777709960938,26.396657943725586,78.71784973144531,157.5800018310547,22.522457122802734
2011-09-27,90.7433853149414,48.70188522338867,55.49872970581055,31.49728775024414,27.23741912841797,77.51286315917969,160.6300048828125,22.902902603149414
2011-09-28,88.89057159423828,47.98039627075195,53.370426177978516,30.961162567138672,26.41840171813965,77.48634338378906,156.22000122070312,22.285734176635742
2011-09-29,89.59308624267578,47.408477783203125,54.2954216003418,31.56749153137207,26.780797958374023,78.02262115478516,157.6999969482422,22.547821044921875
2011-09-30,87.354248046875,46.1854248046875,52.633750915527344,30.495241165161133,25.439943313598633,79.98247528076172,158.05999755859375,21.770017623901367
2011-10-03,84.8683090209961,44.99757766723633,49.9243049621582,29.691049575805664,24.90359878540039,82.18360137939453,160.9600067138672,21.660112380981445
2011-10-04,86.72888946533203,45.92145919799805,53.03483963012695,30.18888282775879,25.28774070739746,81.1414794921875,157.63999938964844,21.617839813232422
2011-10-05,88.3346939086914,47.100486755371094,53.76335525512695,30.65479278564453,25.874820709228516,80.55732727050781,159.4600067138672,21.922197341918945
2011-10-06,89.93276977539062,47.89240646362305,54.958457946777344,31.478130340576172,26.73005485534668,79.07048797607422,160.49000549316406,22.378734588623047
2011-10-07,89.33062744140625,47.57565689086914,53.61599349975586,31.26112937927246,26.41115951538086,78.486328125,159.17999267578125,22.277280807495117
2011-10-10,92.31832885742188,49.22105026245117,55.965301513671875,32.45464324951172,27.59255027770996,77.37779235839844,163.27000427246094,22.77608871459961
2011-10-11,92.41094970703125,49.55539321899414,56.35002136230469,32.39720153808594,27.6070499420166,77.11888885498047,162.10000610351562,22.94517707824707
2011-10-12,93.22159576416016,49.80176544189453,57.152198791503906,32.8694953918457,28.382568359375,75.99710083007812,163.25999450683594,22.98744773864746
2011-10-13,93.03632354736328,50.259315490722656,57.103084564208984,32.88227081298828,28.128902435302734,76.75383758544922,162.3000030517578,23.03817367553711
2011-10-14,94.62667846679688,51.191986083984375,58.23271942138672,33.26521301269531,28.694231033325195,75.63862609863281,163.39999389648438,23.562347412109375
2011-10-17,92.8201675415039,50.40009307861328,56.46460723876953,32.49932098388672,27.723012924194336,76.94634246826172,162.6199951171875,23.224170684814453
2011-10-18,94.63440704345703,51.024803161621094,57.96259307861328,32.96524429321289,28.462303161621094,76.4684066772461,161.83999633789062,23.35098648071289
2011-10-19,93.51497650146484,50.03933334350586,56.83298873901367,32.37167739868164,27.918712615966797,76.44184875488281,159.8699951171875,22.894451141357422
2011-10-20,93.92411804199219,49.79297637939453,56.9885139465332,32.45464324951172,27.38237190246582,75.89749145507812,157.77000427246094,22.860633850097656
2011-10-21,95.70748901367188,50.41769790649414,58.224510192871094,33.23969268798828,28.165143966674805,75.09436798095703,159.52000427246094,22.978994369506836
2011-10-24,96.88095092773438,51.464759826660156,60.09905242919922,33.737518310546875,29.26680564880371,75.22045135498047,161.02000427246094,23.342531204223633
2011-10-25,94.99724578857422,50.452884674072266,58.412811279296875,33.156707763671875,28.686988830566406,77.13219451904297,165.58999633789062,23.418622970581055
2011-10-26,95.9623031616211,50.391292572021484,59.41965103149414,33.60986328125,29.216073989868164,75.7846908569336,167.39999389648438,23.28335189819336
2011-10-27,99.30513763427734,51.781517028808594,62.55473327636719,35.46715545654297,30.991796493530273,73.21587371826172,169.5500030517578,23.900522232055664
2011-10-28,99.2819595336914,51.86069869995117,62.23552322387695,35.26292037963867,30.730876922607422,73.98587799072266,169.6199951171875,23.7990665435791
2011-10-31,96.88872528076172,50.9896125793457,60.582027435302734,33.431156158447266,29.578468322753906,76.91974639892578,167.33999633789062,23.435531616210938
2011-11-01,94.18660736083984,49.66096878051758,58.43736267089844,32.38444900512695,28.860931396484375,79.49462127685547,167.3800048828125,23.15653419494629
2011-11-02,95.72296142578125,50.08332824707031,59.87801742553711,32.658878326416016,29.745176315307617,78.50301361083984,169.05999755859375,23.300260543823242
2011-11-03,97.46772003173828,51.12160110473633,61.36784744262695,33.48222351074219,30.04957389831543,77.42489624023438,171.72000122070312,23.587709426879883
2011-11-04,96.87325286865234,50.85761260986328,61.06496810913086,33.06098175048828,29.8538818359375,77.51807403564453,170.85000610351562,23.663801193237305
2011-11-07,97.47542572021484,51.218379974365234,60.942161560058594,33.201385498046875,30.10755729675293,78.01058959960938,174.97999572753906,24.01042938232422
2011-11-08,98.7260971069336,51.807918548583984,61.834388732910156,33.60348892211914,30.462697982788086,77.01229858398438,173.52999877929688,24.1287899017334
2011-11-09,95.08216857910156,49.98654556274414,58.887569427490234,31.880224227905273,28.67973518371582,78.60945892333984,172.07000732421875,23.59616470336914
2011-11-10,95.97769927978516,49.960166931152344,59.32141876220703,32.25679397583008,28.868181228637695,77.438232421875,171.13999938964844,23.570798873901367
2011-11-11,97.78424072265625,50.9016227722168,60.88488006591797,33.06098175048828,29.563968658447266,76.96566772460938,173.9600067138672,23.7990665435791
2011-11-14,96.85784149169922,50.584861755371094,60.00900650024414,32.47378921508789,29.1580867767334,78.20355987548828,173.1999969482422,23.545438766479492
2011-11-15,97.33645629882812,51.14799880981445,60.770259857177734,32.38444900512695,29.33928680419922,78.09707641601562,173.36000061035156,23.71452522277832
2011-11-16,95.79241943359375,50.30329132080078,59.78797912597656,31.765350341796875,28.549266815185547,78.8091049194336,171.50999450683594,23.655344009399414
2011-11-17,94.27155303955078,49.12425994873047,58.93669509887695,31.420696258544922,27.824491500854492,79.44139099121094,167.10000610351562,23.10580825805664
2011-11-18,94.1711654663086,48.74589538574219,58.9202995300293,31.529199600219727,27.933197021484375,79.42143249511719,167.6199951171875,23.071992874145508
2011-11-21,92.38009643554688,47.813201904296875,57.512413024902344,30.731386184692383,27.034473419189453,79.8939208984375,163.5,22.902902603149414
2011-11-22,92.01724243164062,47.97159194946289,57.0294189453125,30.64203643798828,27.128692626953125,80.78569030761719,165.30999755859375,23.055084228515625
2011-11-23,89.98682403564453,46.889320373535156,55.236785888671875,29.799549102783203,26.251705169677734,81.57769012451172,164.8300018310547,22.708454132080078
2011-11-25,89.81697082519531,46.52857971191406,54.5328254699707,29.646379470825195,26.16473388671875,80.39308166503906,163.39999389648438,22.522457122802734
2011-11-28,92.41868591308594,48.147560119628906,57.12763595581055,30.910099029541016,27.418611526489258,80.3531494140625,166.6300048828125,22.801450729370117
2011-11-29,92.6811752319336,47.848384857177734,57.021263122558594,31.114334106445312,27.295398712158203,79.69430541992188,166.8800048828125,23.097352981567383
2011-11-30,96.4949722290039,49.616981506347656,60.35283279418945,32.70355987548828,28.998640060424805,78.44977569580078,170.1300048828125,23.367895126342773
2011-12-01,96.47950744628906,49.960166931152344,59.918975830078125,32.4227409362793,28.911663055419922,78.05615997314453,169.6300048828125,23.28335189819336
2011-12-02,96.39459228515625,49.81936264038086,60.164546966552734,32.416351318359375,28.824687957763672,79.1502685546875,169.82000732421875,23.486257553100586
2011-12-05,97.44454193115234,50.364898681640625,61.1959114074707,32.78653335571289,29.29579734802246,78.99018859863281,167.32000732421875,23.35944175720215
2011-12-06,97.47542572021484,50.22410583496094,61.25324630737305,32.633365631103516,28.89717674255371,78.23627471923828,168.17999267578125,23.486257553100586
2011-12-07,97.83827209472656,50.22410583496094,61.130462646484375,32.863121032714844,29.013139724731445,78.51648712158203,169.39999389648438,23.28335189819336
2011-12-08,95.69204711914062,49.37940216064453,59.23134231567383,31.78449821472168,27.96944808959961,79.4971694946289,165.97999572753906,22.98744773864746
2011-12-09,97.31330108642578,50.171302795410156,61.01585006713867,32.57591247558594,28.53477668762207,77.86270141601562,166.39999389648438,23.071992874145508
2011-12-12,95.89279174804688,49.60818862915039,60.139984130859375,31.62493324279785,27.462100982666016,78.72998809814453,161.99000549316406,22.77608871459961
2011-12-13,94.99724578857422,49.06265640258789,58.887569427490234,31.197296142578125,27.20842170715332,79.4638442993164,158.4499969482422,22.86908531188965
2011-12-14,93.98589324951172,48.29713821411133,58.15084457397461,30.827133178710938,26.81703758239746,80.96490478515625,152.88999938964844,22.057466506958008
2011-12-15,94.32557678222656,48.16516876220703,58.69111251831055,30.980310440063477,26.990985870361328,80.66471862792969,152.3300018310547,21.947559356689453
2011-12-16,94.4654312133789,48.41316223144531,59.14952850341797,30.852649688720703,27.193927764892578,81.60540008544922,155.22999572753906,22.12510108947754
2011-12-19,93.45542907714844,47.93660354614258,58.126285552978516,30.565441131591797,26.490882873535156,82.63945770263672,154.8699951171875,22.023649215698242
2011-12-20,96.28340148925781,49.35740661621094,60.459228515625,31.64348793029785,27.600923538208008,80.5779800415039,156.97999572753906,22.53091049194336
2011-12-21,96.46988677978516,48.65141677856445,60.70478439331055,31.475555419921875,27.68872833251953,79.45713806152344,157.16000366210938,22.691543579101562
2011-12-22,97.3244857788086,49.06618881225586,61.091400146484375,31.759740829467773,28.054595947265625,79.79076385498047,156.0399932861328,22.716909408569336
2011-12-23,98.19464111328125,49.48978805541992,61.32169723510742,31.979360580444336,28.164358139038086,78.90343475341797,156.30999755859375,22.826814651489258
2011-12-27,98.27230834960938,49.674381256103516,61.50267791748047,31.83725929260254,27.893613815307617,79.27820587158203,154.91000366210938,22.928266525268555
2011-12-28,96.9826431274414,49.10026168823242,60.383995056152344,31.262392044067383,27.42530059814453,80.74398040771484,151.02999877929688,22.65772819519043
2011-12-29,97.98489379882812,49.45356369018555,60.9926643371582,31.83725929260254,27.73995018005371,80.89126586914062,150.33999633789062,22.725360870361328
2011-12-30,97.50315856933594,49.312259674072266,60.66366195678711,31.992279052734375,27.76189613342285,81.15235137939453,151.99000549316406,22.691543579101562
2012-01-03,99.0570068359375,50.25732421875,61.66719436645508,32.864261627197266,28.61071014404297,79.93415069580078,155.9199981689453,23.367895126342773
2012-01-04,99.21238708496094,50.46931076049805,61.32992935180664,32.67049026489258,28.44974136352539,78.9837417602539,156.7100067138672,23.545438766479492
2012-01-05,99.47654724121094,50.884429931640625,61.675411224365234,32.18606185913086,28.325328826904297,78.84320831298828,157.77999877929688,23.224170684814453
2012-01-06,99.22017669677734,51.06108856201172,61.51909255981445,31.7468318939209,27.96678352355957,79.46562194824219,157.1999969482422,23.32562255859375
2012-01-09,99.46102142333984,50.89328384399414,61.831703186035156,31.869556427001953,28.259477615356445,79.3250732421875,156.5,23.35098648071289
2012-01-10,100.32339477539062,51.264251708984375,62.73650360107422,32.3539924621582,28.874128341674805,79.19117736816406,158.63999938964844,23.52007293701172
2012-01-11,100.37775421142578,51.3702392578125,62.98324966430664,32.25064468383789,28.896076202392578,80.22196197509766,159.6699981689453,23.452438354492188
2012-01-12,100.61859893798828,51.57337951660156,63.172481536865234,32.386287689208984,29.01315689086914,80.10814666748047,160.3800048828125,23.122718811035156
2012-01-13,100.09806823730469,51.38788986206055,62.835227966308594,32.037498474121094,28.749738693237305,80.90460968017578,159.25999450683594,23.071992874145508
2012-01-17,100.48651885986328,51.85601806640625,62.8105354309082,32.418575286865234,29.29854393005371,81.27943420410156,160.5,23.232622146606445
2012-01-18,101.59754943847656,52.54496383666992,63.929195404052734,32.961158752441406,30.037586212158203,80.29557037353516,161.60000610351562,23.24108123779297
2012-01-19,102.13357543945312,52.87178421020508,64.32403564453125,33.36809539794922,30.301013946533203,79.19117736816406,161.22000122070312,23.342531204223633
2012-01-20,102.51429748535156,52.79227828979492,64.36517333984375,33.542484283447266,30.27906608581543,78.2944107055664,162.07000732421875,23.173444747924805
2012-01-23,102.2501449584961,52.8099479675293,64.28292083740234,33.671661376953125,30.571758270263672,77.79910278320312,163.16000366210938,23.44398307800293
2012-01-24,102.13357543945312,52.71279525756836,64.653076171875,33.484344482421875,30.615652084350586,77.93964385986328,162.00999450683594,23.486257553100586
2012-01-25,102.98820495605469,53.375221252441406,65.20421600341797,33.83314514160156,30.959571838378906,77.75226593017578,166.4199981689453,23.680707931518555
2012-01-26,102.45989227294922,53.18975067138672,65.1301498413086,33.84606170654297,30.83517837524414,78.78298950195312,167.27000427246094,23.748340606689453
2012-01-27,102.41329193115234,53.34873962402344,65.57434844970703,33.90419387817383,30.99616241455078,79.03060150146484,168.97000122070312,23.8328857421875
2012-01-30,102.06368255615234,53.392887115478516,65.06432342529297,33.50372314453125,30.54979705810547,79.96090698242188,168.02999877929688,23.587709426879883
2012-01-31,102.02484893798828,53.46356201171875,64.99855041503906,33.6781120300293,30.813220977783203,80.88458251953125,169.30999755859375,23.528528213500977
2012-02-01,102.91826629638672,53.89635467529297,66.39689636230469,34.207767486572266,31.493730545043945,79.95807647705078,169.55999755859375,23.604618072509766
2012-02-02,103.08143615722656,54.06416702270508,66.7752685546875,34.27882766723633,31.58153533935547,79.92448425292969,171.0500030517578,23.663801193237305
2012-02-03,104.52652740478516,54.80611038208008,68.23118591308594,34.81493377685547,32.1083869934082,78.20698547363281,167.63999938964844,23.942794799804688
2012-02-06,104.45659637451172,54.76194381713867,68.00907897949219,34.647003173828125,31.837648391723633,78.9852294921875,167.17999267578125,24.061155319213867
2012-02-07,104.72073364257812,54.876766204833984,67.9679946899414,34.86014175415039,31.903501510620117,78.0057373046875,169.6999969482422,24.04424476623535
2012-02-08,105.03148651123047,55.168243408203125,68.11608123779297,34.982879638671875,32.13034439086914,78.0661849975586,168.5,24.154151916503906
2012-02-09,105.16360473632812,55.565711975097656,67.7787857055664,35.073307037353516,32.11570739746094,77.48246765136719,168.02000427246094,24.280967712402344
2012-02-10,104.38665008544922,55.177059173583984,66.84928131103516,34.40801239013672,31.405925750732422,78.48878479003906,167.13999938964844,24.05270004272461
2012-02-13,105.16360473632812,55.68936538696289,67.71297454833984,34.802024841308594,31.918134689331055,78.58938598632812,167.50999450683594,24.11188316345215
2012-02-14,105.03148651123047,55.8306770324707,67.40864562988281,34.54365539550781,31.65471076965332,79.0053482055664,167.1199951171875,24.103425979614258
2012-02-15,104.54203033447266,55.44205856323242,66.84928131103516,34.5824089050293,31.74252700805664,78.864501953125,168.11000061035156,24.187969207763672
2012-02-16,105.69966888427734,56.201663970947266,68.10778045654297,35.06039047241211,32.08643341064453,78.23379516601562,168.0,24.297876358032227
2012-02-17,105.97936248779297,56.025001525878906,68.09957122802734,35.21541213989258,32.14497756958008,78.2137222290039,167.35000610351562,24.255603790283203
2012-02-21,106.02594757080078,56.183982849121094,67.63896179199219,35.221866607666016,32.01325988769531,77.3482437133789,171.02000427246094,24.636049270629883
2012-02-22,105.68412017822266,55.92783737182617,67.10429382324219,35.11851501464844,32.071800231933594,78.321044921875,172.94000244140625,24.864320755004883
2012-02-23,106.15029907226562,56.29881286621094,68.10778045654297,35.4091796875,32.01325988769531,78.321044921875,173.02000427246094,24.94040870666504
2012-02-24,106.38334655761719,56.493125915527344,67.97618865966797,35.62234115600586,32.335227966308594,78.83092498779297,172.22999572753906,25.09259033203125
2012-02-27,106.56204986572266,56.572628021240234,67.86104583740234,35.44147491455078,32.01325988769531,79.5286865234375,171.6999969482422,24.88968276977539
2012-02-28,106.8727798461914,57.146732330322266,67.68006896972656,35.770896911621094,32.45962905883789,79.2669906616211,173.49000549316406,24.881229400634766
2012-02-29,106.45327758789062,56.89060974121094,66.66835021972656,35.30583572387695,32.43767166137695,78.783935546875,164.2899932861328,24.788232803344727
2012-03-01,107.00485229492188,57.341041564941406,67.01380157470703,35.706302642822266,32.744991302490234,78.04228973388672,166.61000061035156,25.177133560180664
2012-03-02,106.6785659790039,57.29689407348633,66.0102767944336,35.37688064575195,32.66450119018555,78.77525329589844,166.33999633789062,24.92350196838379
2012-03-05,106.24349975585938,56.705108642578125,66.08434295654297,35.189571380615234,32.101070404052734,78.14987182617188,165.64999389648438,24.805139541625977
2012-03-06,104.68965911865234,56.148651123046875,64.76823425292969,34.065673828125,31.025428771972656,79.09799194335938,162.6999969482422,24.399328231811523
2012-03-07,105.41997528076172,56.581451416015625,65.37689971923828,34.485511779785156,31.398605346679688,78.61383819580078,163.6300048828125,24.509235382080078
2012-03-08,106.46881103515625,57.190895080566406,66.22417449951172,35.22831726074219,32.057167053222656,77.82711791992188,165.27999877929688,24.712142944335938
2012-03-09,106.88059997558594,57.42938995361328,67.12076568603516,35.112064361572266,32.04253005981445,77.98171997070312,166.3800048828125,24.779775619506836
2012-03-12,106.88835144042969,57.45588302612305,66.98914337158203,35.02163314819336,31.69129753112793,77.96829986572266,165.07000732421875,24.74595832824707
2012-03-13,108.81512451171875,58.524627685546875,68.32169342041016,35.59004592895508,32.55473709106445,76.59654235839844,162.3000030517578,24.855863571166992
2012-03-14,108.69857025146484,58.72777557373047,67.76231384277344,35.273536682128906,32.04253005981445,74.6666488647461,159.57000732421875,24.686779022216797
2012-03-15,109.32789611816406,58.89559555053711,68.32990264892578,35.60942077636719,32.298622131347656,74.78096008300781,161.0800018310547,24.703685760498047
2012-03-16,109.47925567626953,58.854000091552734,68.27233123779297,35.854862213134766,32.26205825805664,74.92890930175781,161.3000030517578,25.00804328918457
2012-03-19,109.90843200683594,59.269840240478516,68.84812927246094,36.04218673706055,32.13766098022461,74.03460693359375,161.58999633789062,24.96577262878418
2012-03-20,109.5885009765625,59.37601852416992,68.23118591308594,35.615867614746094,31.58153533935547,74.33049011230469,160.1300048828125,24.661413192749023
2012-03-21,109.40898132324219,59.38483428955078,68.21472930908203,35.38334655761719,31.640079498291016,75.17098999023438,160.2100067138672,24.60223388671875
2012-03-22,108.62085723876953,59.26099395751953,67.55670166015625,35.13789367675781,31.157129287719727,75.41305541992188,159.57000732421875,24.407785415649414
2012-03-23,108.97203063964844,59.22560501098633,68.21757507324219,35.38334655761719,31.391298294067383,76.12581634521484,161.52999877929688,24.644506454467773
2012-03-26,110.50147247314453,60.2607536315918,69.6367416381836,35.83548355102539,31.940092086791992,75.73585510253906,164.39999389648438,24.754413604736328
2012-03-27,110.15811920166016,60.34922409057617,69.14993286132812,35.60942077636719,31.771785736083984,76.28050231933594,163.24000549316406,24.65296173095703
2012-03-28,109.61192321777344,60.110355377197266,68.74564361572266,35.36396026611328,31.237625122070312,76.17291259765625,161.50999450683594,24.41623878479004
2012-03-29,109.42462158203125,59.88031768798828,68.547607421875,35.13789367675781,31.2010498046875,76.74451446533203,161.27999877929688,24.078062057495117
2012-03-30,109.87718963623047,59.765296936035156,68.32487487792969,35.45439147949219,31.427873611450195,75.4466781616211,162.1199951171875,24.348602294921875
2012-04-02,110.68097686767578,60.38461685180664,69.16641235351562,35.86778259277344,31.85960578918457,75.86475372314453,162.94000244140625,24.661413192749023
2012-04-03,110.22836303710938,60.366943359375,68.7043685913086,35.241241455078125,31.67667007446289,74.5500717163086,159.88999938964844,24.5515079498291
2012-04-04,109.13590240478516,59.544124603271484,67.6070327758789,34.45323181152344,31.10590934753418,75.57484436035156,157.2100067138672,24.171062469482422
2012-04-05,109.08126068115234,59.91572189331055,67.30998992919922,34.24652099609375,31.274211883544922,76.12084197998047,158.30999755859375,24.26405906677246
2012-04-09,107.856201171875,59.4644889831543,66.20439147949219,34.097965240478516,30.813220977783203,77.90068817138672,159.3699951171875,24.154151916503906
2012-04-10,106.04584503173828,58.50893783569336,64.64498901367188,33.36809539794922,30.21320152282715,78.78385162353516,161.10000610351562,23.8328857421875
2012-04-11,106.90416717529297,58.79206848144531,65.5608139038086,33.83314514160156,30.542491912841797,77.84002685546875,161.07000732421875,23.89206886291504
2012-04-12,108.30093383789062,59.4644889831543,66.50141906738281,34.45323181152344,31.3254337310791,77.51641845703125,162.6999969482422,24.204875946044922
2012-04-13,107.0134048461914,58.56203079223633,65.62683868408203,33.79439163208008,30.84981346130371,78.77035522460938,160.85000610351562,23.959701538085938
2012-04-16,106.94317626953125,57.90731430053711,65.73407745361328,34.03984451293945,30.69614601135254,78.65574645996094,160.4600067138672,23.722978591918945
2012-04-17,108.52725982666016,59.08403396606445,66.68294525146484,34.5824089050293,31.047372817993164,78.60855102539062,160.25,23.8328857421875
2012-04-18,108.1604995727539,58.93363952636719,66.1796646118164,34.40155792236328,30.90102767944336,78.83779907226562,159.30999755859375,23.604618072509766
2012-04-19,107.46601867675781,58.27006149291992,65.80010986328125,34.194854736328125,30.761995315551758,78.91191864013672,159.42999267578125,23.613073348999023
2012-04-20,107.64547729492188,58.11082458496094,66.1796646118164,34.524269104003906,30.974205017089844,78.9254379272461,159.5399932861328,23.706071853637695
2012-04-23,106.74032592773438,57.5799446105957,65.26378631591797,33.83314514160156,30.381498336791992,79.49842834472656,159.07000732421875,23.663801193237305
2012-04-24,107.14608764648438,57.270286560058594,65.75883483886719,34.10443878173828,30.44735336303711,78.93893432617188,159.3000030517578,23.663801193237305
2012-04-25,108.61309051513672,58.79206848144531,66.78196716308594,34.569488525390625,30.725418090820312,78.53441619873047,159.6199951171875,23.7990665435791
2012-04-26,109.3700180053711,59.13711929321289,67.4419937133789,34.776180267333984,30.915672302246094,79.00633239746094,161.02999877929688,23.84979248046875
2012-04-27,109.54948425292969,59.49100875854492,67.97004699707031,34.91828918457031,30.959571838378906,79.07373809814453,161.3800048828125,23.925884246826172
2012-04-30,109.14374542236328,59.06634521484375,67.21924591064453,34.718048095703125,30.89371681213379,79.09398651123047,161.8800048828125,24.018882751464844
2012-05-01,109.82260131835938,59.16368103027344,67.28526306152344,34.86014175415039,31.098602294921875,78.68377685546875,161.32000732421875,24.018882751464844
2012-05-02,109.49488830566406,59.33177947998047,67.46674346923828,34.5888671875,31.040061950683594,79.23789978027344,160.58999633789062,23.706071853637695
2012-05-03,108.65988159179688,58.703575134277344,66.5179443359375,34.2852897644043,30.805910110473633,79.21771240234375,158.97000122070312,23.44398307800293
2012-05-04,106.90416717529297,57.24375534057617,65.25555419921875,33.762088775634766,30.264419555664062,79.83937072753906,159.47000122070312,23.029722213745117
2012-05-07,106.98222351074219,57.29684066772461,65.42881774902344,34.00753402709961,30.374189376831055,79.85292053222656,159.0800018310547,22.978994369506836
2012-05-08,106.55301666259766,57.08448791503906,65.38756561279297,33.484344482421875,29.8912410736084,80.27863311767578,156.0,22.894451141357422
2012-05-09,105.92098236083984,56.90754318237305,65.01626586914062,33.096797943115234,29.5034236907959,80.33275604248047,154.47000122070312,22.716909408569336
2012-05-10,106.13945770263672,56.79251480102539,65.26378631591797,33.25182342529297,29.627817153930664,80.09618377685547,154.77000427246094,22.725360870361328
2012-05-11,105.81954193115234,56.78367614746094,65.09880828857422,33.045135498046875,29.247318267822266,80.75846099853516,153.55999755859375,22.556276321411133
2012-05-14,104.6490478515625,56.25282669067383,64.23245239257812,32.41211700439453,28.581445693969727,81.88703918457031,151.3300018310547,22.260372161865234
2012-05-15,104.04817962646484,56.0670280456543,64.11693572998047,32.00520324707031,28.33265495300293,82.21820831298828,149.74000549316406,22.302642822265625
2012-05-16,103.65023803710938,55.68657684326172,63.654911041259766,31.688697814941406,27.93020248413086,82.45476531982422,149.4600067138672,22.277280807495117
2012-05-17,102.11302947998047,54.50983428955078,62.211029052734375,31.3011417388916,27.54970359802246,83.91446685791016,152.8000030517578,22.226552963256836
2012-05-18,101.23904418945312,53.80203628540039,61.625213623046875,31.075069427490234,27.28627586364746,83.93475341796875,154.5500030517578,22.20964813232422
2012-05-21,102.97916412353516,55.306129455566406,63.077327728271484,31.759740829467773,27.937509536743164,83.75901794433594,154.64999389648438,22.50554847717285
2012-05-22,103.15863037109375,55.24420166015625,62.69778060913086,31.64348793029785,27.644826889038086,82.82647705078125,152.0800018310547,22.184284210205078
2012-05-23,103.2132568359375,55.35036849975586,63.10209655761719,31.38511085510254,27.454578399658203,83.40089416503906,151.6199951171875,21.939105987548828
2012-05-24,103.41614532470703,54.98761749267578,63.234100341796875,31.17842674255371,27.315555572509766,83.08324432373047,151.41000366210938,21.947559356689453
2012-05-25,103.08060455322266,54.916831970214844,63.19284439086914,31.06861686706543,27.183837890625,83.39411163330078,152.67999267578125,22.023649215698242
2012-05-29,104.32915496826172,55.61579513549805,64.10867309570312,31.46263313293457,27.952150344848633,83.13729095458984,151.02000427246094,21.93065071105957
2012-05-30,102.8152847290039,55.14687728881836,62.879337310791016,30.71982192993164,27.469209671020508,85.24576568603516,151.91000366210938,21.524839401245117
2012-05-31,102.5890121459961,54.907997131347656,62.79682159423828,30.84900665283203,27.58628273010254,86.2324447631836,151.6199951171875,21.33884620666504
2012-06-01,100.00609588623047,53.4481315612793,60.90736389160156,30.067447662353516,26.847240447998047,88.27967071533203,157.5,20.899215698242188
2012-06-04,99.95932006835938,53.8551139831543,60.767127990722656,30.319358825683594,26.964313507080078,87.5821304321289,157.32000732421875,21.017578125
2012-06-05,100.7162094116211,54.0763053894043,61.55096435546875,30.538963317871094,27.03748893737793,86.41056060791016,157.13999938964844,20.941490173339844
2012-06-06,102.97916412353516,55.31496810913086,63.06905746459961,31.391578674316406,27.8277587890625,84.68370056152344,157.2100067138672,21.33039093017578
2012-06-07,103.04158782958984,55.09378433227539,62.65657043457031,31.436784744262695,27.996051788330078,84.8123550415039,154.5,21.18666648864746
2012-06-08,103.86091613769531,55.62462615966797,63.50637435913086,31.333444595336914,27.754589080810547,84.79206848144531,154.72999572753906,21.254301071166992
2012-06-11,102.54219055175781,54.68680191040039,62.10376739501953,31.029861450195312,27.352128982543945,85.17813110351562,155.36000061035156,20.865402221679688
2012-06-12,103.72045135498047,55.35036849975586,62.88754653930664,31.546594619750977,27.922882080078125,84.3992919921875,156.4600067138672,20.96685218811035
2012-06-13,103.05722045898438,54.96992111206055,62.16149139404297,31.294694900512695,27.82044219970703,85.23231506347656,157.1199951171875,20.80622100830078
2012-06-14,104.14965057373047,55.17341613769531,62.87107467651367,31.5272159576416,28.018007278442383,85.12389373779297,157.75,21.051395416259766
2012-06-15,105.21483612060547,55.85889434814453,63.712677001953125,31.97290802001953,28.530221939086914,85.59796905517578,157.83999633789062,21.017578125
2012-06-18,105.41876220703125,56.38212203979492,63.78692626953125,31.882474899291992,28.588754653930664,86.0584716796875,157.92999267578125,21.034488677978516
2012-06-19,106.43841552734375,56.967384338378906,64.89250946044922,32.41211700439453,29.049755096435547,84.93428039550781,157.16000366210938,21.2120304107666
2012-06-20,106.2658462524414,57.01173400878906,64.7934799194336,32.59943771362305,28.954626083374023,85.35414123535156,155.97000122070312,20.865402221679688
2012-06-21,103.88138580322266,55.59285354614258,63.217620849609375,31.746137619018555,27.894237518310547,85.80784606933594,152.02000427246094,20.41731834411621
2012-06-22,104.68144226074219,56.178123474121094,63.93539810180664,32.01713180541992,27.983102798461914,84.66337585449219,152.63999938964844,20.620223999023438
2012-06-25,103.00289154052734,55.096256256103516,62.93707275390625,31.30328369140625,27.464763641357422,85.89592742919922,153.75999450683594,20.83158302307129
2012-06-26,103.52058410644531,55.442115783691406,63.1833610534668,31.508188247680664,27.70171546936035,85.5573501586914,152.6199951171875,20.97530746459961
2012-06-27,104.45396423339844,55.77910232543945,64.21150970458984,31.805627822875977,27.879440307617188,85.69275665283203,152.8300018310547,21.09366798400879
2012-06-28,104.15589904785156,55.15833282470703,64.10372924804688,31.87171745300293,27.74614906311035,85.90269470214844,151.0500030517578,20.865402221679688
2012-06-29,106.752197265625,56.89645767211914,65.96939086914062,33.02179718017578,28.97536277770996,84.78529357910156,155.19000244140625,21.770017623901367
2012-07-02,107.07378387451172,57.06492614746094,66.7322006225586,33.23991394042969,28.97536277770996,85.66007995605469,155.08999633789062,21.727746963500977
2012-07-03,107.77972412109375,57.54380416870117,67.60285186767578,33.54396057128906,29.552940368652344,85.00180053710938,157.4600067138672,22.33646011352539
2012-07-05,107.29335021972656,57.579280853271484,67.52823638916016,32.988739013671875,29.241941452026367,85.43611145019531,155.67999267578125,22.421005249023438
2012-07-06,106.27371215820312,56.860984802246094,66.77367401123047,32.6781005859375,28.708782196044922,86.23013305664062,153.7100067138672,21.905288696289062
2012-07-09,106.14037322998047,56.75456619262695,66.51663970947266,32.60539245605469,28.605117797851562,86.99026489257812,154.0399932861328,22.294191360473633
2012-07-10,105.21483612060547,56.19589614868164,65.77867126464844,32.38727951049805,28.286701202392578,87.16674041748047,152.14999389648438,22.00674057006836
2012-07-11,105.2304916381836,55.885501861572266,65.55480194091797,32.486419677734375,28.43480110168457,87.27530670166016,152.99000549316406,22.251916885375977
2012-07-12,104.72067260742188,55.362300872802734,65.33090209960938,32.162540435791016,27.960887908935547,87.89289093017578,152.58999633789062,22.302642822265625
2012-07-13,106.47763061523438,56.204750061035156,66.14350128173828,32.618614196777344,28.501447677612305,87.66209411621094,154.13999938964844,22.573184967041016
2012-07-16,106.22664642333984,56.045127868652344,65.87818908691406,32.612003326416016,28.43480110168457,88.0693359375,154.2100067138672,22.8521785736084
2012-07-17,106.95610809326172,56.3377685546875,66.11034393310547,32.704532623291016,28.81244659423828,87.37710571289062,153.47000122070312,22.877540588378906
2012-07-18,107.74833679199219,57.10041046142578,66.51663970947266,32.962303161621094,28.7384033203125,87.42459106445312,153.0500030517578,23.080446243286133
2012-07-19,108.03068542480469,57.73003005981445,66.29276275634766,33.266353607177734,29.00497817993164,87.20059967041016,153.3800048828125,23.35944175720215
2012-07-20,107.04241180419922,56.967384338378906,65.44699096679688,32.486419677734375,28.575489044189453,88.26616668701172,153.6699981689453,23.35944175720215
2012-07-23,105.95997619628906,56.27567672729492,64.4022445678711,31.818838119506836,27.82760238647461,88.76154327392578,153.02999877929688,22.86908531188965
2012-07-24,105.05010223388672,55.83230209350586,63.55649948120117,31.47513771057129,27.70911979675293,89.46056365966797,153.52000427246094,22.73381805419922
2012-07-25,105.07364654541016,55.4598503112793,63.69742202758789,31.640390396118164,27.8424072265625,89.69132232666016,155.6699981689453,22.902902603149414
2012-07-26,106.80706787109375,56.19589614868164,64.24469757080078,32.60539245605469,28.47182846069336,88.87010192871094,156.77000427246094,22.94517707824707
2012-07-27,108.77582550048828,57.52606201171875,65.7703628540039,33.292789459228516,29.271556854248047,87.19384765625,157.5399932861328,23.181896209716797
2012-07-30,108.77582550048828,57.481727600097656,65.54650115966797,33.25313186645508,29.101242065429688,87.84537506103516,157.42999267578125,23.317169189453125
2012-07-31,108.01502227783203,57.46400451660156,64.96607208251953,33.0482292175293,28.96795654296875,88.02179718017578,156.49000549316406,23.03817367553711
2012-08-01,107.92089080810547,57.295509338378906,63.89641189575195,33.05484390258789,29.019784927368164,87.5817642211914,155.13999938964844,23.071992874145508
2012-08-02,107.17574310302734,57.091522216796875,63.664276123046875,32.5921745300293,28.67915916442871,88.07828521728516,154.1300048828125,22.877540588378906
2012-08-03,109.30136108398438,58.17341613769531,65.1816635131836,33.70258712768555,29.5677547454834,86.65687561035156,155.5500030517578,23.266441345214844
2012-08-06,109.51312255859375,58.61681365966797,65.68746185302734,33.9405403137207,29.752880096435547,86.69087219238281,156.3000030517578,23.40171241760254
2012-08-07,110.06217193603516,59.10456466674805,66.28446960449219,34.22475051879883,29.834325790405273,85.57556915283203,156.27999877929688,23.579254150390625
2012-08-08,110.195556640625,59.07793045043945,66.1849594116211,34.20492935180664,29.89356803894043,85.1198501586914,156.47999572753906,23.646888732910156
2012-08-09,110.2896499633789,59.255340576171875,66.50003051757812,34.22475051879883,30.019447326660156,85.05867004394531,156.99000549316406,23.84134292602539
2012-08-10,110.4700698852539,59.29079818725586,66.26786804199219,34.284236907958984,30.16014862060547,85.48712158203125,157.17999267578125,23.71452522277832
2012-08-13,110.41516876220703,59.432647705078125,66.16008758544922,34.118995666503906,29.89356803894043,85.34432983398438,155.99000549316406,23.528528213500977
2012-08-14,110.43082427978516,59.45927047729492,66.00254821777344,34.19831466674805,29.88616371154785,84.18816375732422,155.1300048828125,23.553892135620117
2012-08-15,110.55635070800781,59.610008239746094,66.58296966552734,34.09917449951172,29.841732025146484,83.00482177734375,155.6300048828125,23.75679588317871
2012-08-16,111.37210083007812,60.31944274902344,67.27947235107422,34.522186279296875,30.11571502685547,82.29750061035156,156.55999755859375,23.84979248046875
2012-08-17,111.52108764648438,60.58550262451172,67.75209045410156,34.56844711303711,29.967615127563477,82.69879150390625,156.72000122070312,23.883609771728516
2012-08-20,111.52899169921875,60.6741828918457,67.60285186767578,34.52880096435547,29.95280647277832,82.8687973022461,157.25999450683594,23.99351692199707
2012-08-21,111.19166564941406,60.43475341796875,67.56139373779297,34.72708511352539,29.908370971679688,83.23604583740234,158.8300018310547,24.21333122253418
2012-08-22,111.23875427246094,60.68305206298828,67.23799133300781,34.68743133544922,29.923192977905273,84.60982513427734,160.5399932861328,24.340150833129883
2012-08-23,110.32891845703125,60.186431884765625,66.76536560058594,34.489131927490234,29.649208068847656,84.9635009765625,161.88999938964844,24.22178840637207
2012-08-24,110.99557495117188,60.55890655517578,66.94782257080078,34.4362678527832,29.656604766845703,84.8818130493164,161.97000122070312,24.11188316345215
2012-08-27,111.01912689208984,60.65644073486328,67.14680480957031,34.45610046386719,29.353015899658203,85.37832641601562,161.36000061035156,24.00197410583496
2012-08-28,110.9093017578125,60.65644073486328,67.45361328125,34.42304229736328,29.29377555847168,85.5823745727539,161.63999938964844,24.018882751464844
2012-08-29,110.99557495117188,60.65644073486328,67.66088104248047,34.317291259765625,29.153079986572266,85.20832824707031,160.58999633789062,24.061155319213867
2012-08-30,110.195556640625,60.0445556640625,66.98926544189453,33.808345794677734,28.81244659423828,85.65032196044922,160.52000427246094,24.086519241333008
2012-08-31,110.72108459472656,60.443603515625,67.26290130615234,34.10576629638672,29.0864315032959,86.86090850830078,164.22000122070312,24.340150833129883
2012-09-04,110.61904907226562,60.38154220581055,68.0837631225586,33.933921813964844,28.92353057861328,86.77368927001953,164.47999572753906,24.348602294921875
2012-09-05,110.52497100830078,60.31944274902344,68.10038757324219,33.841392517089844,28.77542495727539,86.36476135253906,164.30999755859375,24.230241775512695
2012-09-06,112.76826477050781,61.65854263305664,69.3524169921875,34.680816650390625,29.412246704101562,84.92669677734375,164.88999938964844,24.22178840637207
2012-09-07,113.20751190185547,61.5698356628418,69.86649322509766,35.20298385620117,30.093502044677734,84.53140258789062,168.44000244140625,24.492326736450195
2012-09-10,112.5643310546875,60.78057861328125,69.55142211914062,34.92536926269531,29.708444595336914,84.73588562011719,167.2899932861328,24.526145935058594
2012-09-11,112.87799835205078,60.68305206298828,69.70068359375,35.321956634521484,30.063884735107422,84.2042465209961,167.89999389648438,24.576871871948242
2012-09-12,113.25457000732422,60.86038589477539,70.05719757080078,35.55329132080078,30.197162628173828,83.15472412109375,167.9199981689453,24.703685760498047
2012-09-13,114.98017120361328,61.68513488769531,70.97759246826172,36.09528350830078,31.01170539855957,82.82752990722656,171.30999755859375,24.872774124145508
2012-09-14,115.49000549316406,62.23495864868164,71.64096069335938,36.45220184326172,31.374547958374023,80.62615203857422,171.8000030517578,25.134857177734375
2012-09-17,115.09783935546875,62.26152801513672,71.30928039550781,36.260528564453125,31.033918380737305,81.59398651123047,170.39999389648438,24.441600799560547
2012-09-18,115.00369262695312,62.31472396850586,71.07710266113281,36.10850143432617,31.048734664916992,82.00289916992188,171.72000122070312,24.26405906677246
2012-09-19,115.0664291381836,62.430015563964844,70.95274353027344,36.260528564453125,31.048734664916992,82.54132080078125,171.74000549316406,23.908973693847656
2012-09-20,115.07433319091797,62.36790466308594,70.63764953613281,36.0291862487793,30.863603591918945,82.74575805664062,171.47000122070312,24.04424476623535
2012-09-21,115.02620697021484,62.38572692871094,70.89472198486328,36.04901123046875,30.937650680541992,82.84117889404297,171.9600067138672,24.204875946044922
2012-09-24,114.85269165039062,62.021121978759766,70.66328430175781,35.923423767089844,30.908039093017578,83.48866271972656,171.0500030517578,23.951248168945312
2012-09-25,113.63043975830078,61.149574279785156,69.64775085449219,35.672264099121094,30.448923110961914,84.31331634521484,170.77000427246094,23.97661018371582
2012-09-26,112.99172973632812,60.651546478271484,69.20655822753906,35.31534957885742,30.308244705200195,85.2197265625,169.80999755859375,23.80752182006836
2012-09-27,114.05628967285156,61.48749923706055,69.95576477050781,35.738365173339844,30.789560317993164,84.61321258544922,172.33999633789062,24.103425979614258
2012-09-28,113.5279312133789,60.980587005615234,69.45631408691406,35.03113555908203,30.60443878173828,84.66090393066406,171.88999938964844,24.24715232849121
2012-10-01,113.82762145996094,60.89168930053711,69.6893539428711,35.31534957885742,30.908039093017578,84.97501373291016,172.2899932861328,24.280967712402344
2012-10-02,113.9458999633789,61.069541931152344,69.82251739501953,35.45415496826172,30.952478408813477,84.85894012451172,172.10000610351562,24.154151916503906
2012-10-03,114.41112518310547,61.46084213256836,69.62277221679688,35.30873107910156,30.745128631591797,84.88627624511719,172.41000366210938,23.739887237548828
2012-10-04,115.2312240600586,61.674278259277344,70.0972671508789,35.738365173339844,31.063528060913086,83.82769012451172,173.61000061035156,24.255603790283203
2012-10-05,115.2391128540039,61.345237731933594,70.01399993896484,35.784629821777344,31.063528060913086,82.74174499511719,172.6199951171875,24.1287899017334
2012-10-08,114.84478759765625,60.78495407104492,69.57283020019531,35.573123931884766,30.789560317993164,83.43838500976562,172.0500030517578,24.061155319213867
2012-10-09,113.70931243896484,59.81559753417969,68.75709533691406,35.05756759643555,30.560009002685547,83.28810119628906,170.99000549316406,24.23869514465332
2012-10-10,112.98382568359375,59.51324462890625,68.6489028930664,34.95842742919922,30.37489128112793,83.87547302246094,170.83999633789062,24.196426391601562
2012-10-11,113.04691314697266,59.32645797729492,68.8985824584961,35.18315505981445,30.656267166137695,84.45602416992188,171.32000732421875,24.475419998168945
2012-10-12,112.6762924194336,59.299808502197266,68.34085083007812,35.143489837646484,30.560009002685547,84.667724609375,170.05999755859375,24.137245178222656
2012-10-15,113.61468505859375,59.73555374145508,68.79037475585938,35.48719024658203,30.73771858215332,84.47651672363281,168.35000610351562,24.018882751464844
2012-10-16,114.76597595214844,60.58042907714844,69.2981185913086,36.07545471191406,31.05613899230957,83.30867004394531,169.4199981689453,24.03579330444336
2012-10-17,115.28640747070312,60.54484176635742,69.92243957519531,36.41254425048828,31.300491333007812,82.53683471679688,169.5399932861328,24.04424476623535
2012-10-18,114.98674011230469,59.84229278564453,69.53953552246094,36.273746490478516,31.21163558959961,82.03145599365234,168.7899932861328,24.03579330444336
2012-10-19,113.07058715820312,58.410491943359375,68.13276672363281,35.784629821777344,30.73032569885254,83.14464569091797,166.97000122070312,23.672250747680664
2012-10-22,113.08631896972656,58.71282958984375,68.11612701416016,36.03580093383789,31.026517868041992,82.61203002929688,167.5800018310547,23.562347412109375
2012-10-23,111.51715850830078,58.15256881713867,67.77483367919922,35.26246643066406,30.38969612121582,83.79351806640625,165.42999267578125,23.274898529052734
2012-10-24,111.20169067382812,57.948036193847656,67.5916976928711,35.28229904174805,30.419315338134766,82.96715545654297,164.86000061035156,23.207260131835938
2012-10-25,111.52503967285156,57.948036193847656,67.86637878417969,35.49380111694336,30.752534866333008,82.5436782836914,166.02000427246094,23.266441345214844
2012-10-26,111.46195220947266,58.117000579833984,67.54174041748047,35.4409294128418,30.515573501586914,83.75942993164062,165.92999267578125,23.317169189453125
2012-10-31,111.46195220947266,57.76127243041992,67.94961547851562,35.414493560791016,30.471147537231445,84.25111389160156,166.8300018310547,23.300260543823242
2012-11-01,112.62895965576172,58.57945251464844,68.66551208496094,35.83089828491211,30.967281341552734,83.56128692626953,166.07000732421875,23.342531204223633
2012-11-02,111.62751770019531,57.95692443847656,67.58334350585938,35.48719024658203,30.804365158081055,83.49988555908203,162.60000610351562,22.94517707824707
2012-11-05,111.85620880126953,58.33932113647461,68.03289794921875,35.40127182006836,30.952478408813477,83.97113037109375,163.22999572753906,23.139629364013672
2012-11-06,112.73153686523438,58.44605255126953,68.54063415527344,35.738365173339844,31.19683074951172,83.17886352539062,166.3000030517578,23.553892135620117
2012-11-07,110.17659759521484,57.06760025024414,66.87580871582031,35.20298385620117,30.68588638305664,84.688232421875,166.49000549316406,23.1142635345459
2012-11-08,108.8518295288086,56.169376373291016,65.93518829345703,34.8857307434082,30.300838470458984,85.94490051269531,167.99000549316406,23.148080825805664
2012-11-09,108.9464340209961,56.40949249267578,66.07667541503906,34.898948669433594,30.360078811645508,86.04045104980469,167.82000732421875,23.334077835083008
2012-11-12,109.03316497802734,56.40061569213867,65.88526153564453,34.872501373291016,30.471147537231445,86.1839370727539,167.4499969482422,23.224170684814453
2012-11-13,108.65465545654297,56.009315490722656,65.51068878173828,34.70064926147461,30.197162628173828,86.47076416015625,167.10000610351562,23.181896209716797
2012-11-14,107.18798828125,55.351226806640625,64.29529571533203,34.33713150024414,29.73065757751465,86.5527114868164,167.13999938964844,23.249534606933594
2012-11-15,107.00657653808594,55.16446304321289,63.962379455566406,34.44947814941406,29.834325790405273,86.38196563720703,166.08999633789062,23.15653419494629
2012-11-16,107.5349349975586,55.40459442138672,64.4951400756836,34.429649353027344,29.923192977905273,86.30690002441406,165.8800048828125,23.25798988342285
2012-11-19,109.71134948730469,56.72075653076172,65.86029052734375,35.176544189453125,30.448923110961914,85.82191467285156,167.8699951171875,23.697616577148438
2012-11-20,109.7586669921875,56.73854446411133,65.97679138183594,35.22942352294922,30.38969612121582,84.96143341064453,167.38999938964844,23.5369815826416
2012-11-21,109.96366882324219,56.854164123535156,66.32643127441406,35.28890609741211,30.330453872680664,84.91361236572266,167.55999755859375,23.63843536376953
2012-11-23,111.46195220947266,57.71681213378906,66.98403930664062,36.04901123046875,30.826589584350586,84.83158874511719,169.61000061035156,23.722978591918945
2012-11-26,111.2253646850586,57.96581268310547,67.2004623413086,35.96309280395508,30.826589584350586,85.23461151123047,169.42999267578125,23.689163208007812
2012-11-27,110.65760803222656,57.77014923095703,67.11720275878906,35.784629821777344,30.567398071289062,85.56925964355469,168.7100067138672,23.655344009399414
2012-11-28,111.54864501953125,58.26817321777344,67.68326568603516,36.04241180419922,30.73771858215332,85.44627380371094,166.5500030517578,23.579254150390625
2012-11-29,112.06908416748047,58.61503601074219,68.45741271972656,36.35306167602539,30.95986557006836,85.4599609375,167.17999267578125,23.739887237548828
2012-11-30,112.09278106689453,58.517189025878906,68.32421112060547,36.39932632446289,30.94506072998047,85.22779846191406,166.0500030517578,23.75679588317871
2012-12-03,111.54080200195312,58.40157699584961,68.24927520751953,36.44559097290039,30.930255889892578,85.30644226074219,166.1300048828125,23.815977096557617
2012-12-04,111.38309478759766,58.36598587036133,68.33252716064453,36.53813552856445,31.01911163330078,85.79915618896484,164.4199981689453,23.604618072509766
2012-12-05,111.58018493652344,57.71681213378906,68.24927520751953,36.591007232666016,31.352327346801758,85.75813293457031,164.1199951171875,23.579254150390625
2012-12-06,111.9587173461914,58.09031677246094,68.35749053955078,36.66371154785156,31.589282989501953,85.94284057617188,164.5,23.367895126342773
2012-12-07,112.2977523803711,57.743492126464844,68.40747833251953,36.67693328857422,31.685562133789062,85.1490707397461,165.16000366210938,23.342531204223633
2012-12-10,112.34513854980469,57.912445068359375,68.70709228515625,36.716590881347656,31.86326026916504,85.52542877197266,165.8000030517578,23.29180335998535
2012-12-11,113.11002349853516,58.66837692260742,69.43132019042969,36.928096771240234,32.026180267333984,84.87537384033203,165.64999389648438,23.249534606933594
2012-12-12,113.16519165039062,58.54387283325195,69.04008483886719,37.04707717895508,32.1224365234375,83.889892578125,165.77000427246094,23.35944175720215
2012-12-13,112.4712905883789,58.08143997192383,68.59891510009766,36.93471145629883,31.98175048828125,83.95146942138672,164.3699951171875,23.148080825805664
2012-12-14,112.05339050292969,57.53004837036133,68.55729675292969,37.0669059753418,32.1224365234375,84.5810775756836,164.1300048828125,23.29180335998535
2012-12-17,113.37024688720703,58.29486083984375,69.52289581298828,37.21892166137695,32.20389175415039,83.31507873535156,164.44000244140625,23.274898529052734
2012-12-18,114.63195037841797,59.1841926574707,70.47183227539062,37.60647201538086,32.42888259887695,82.46656799316406,162.0800018310547,23.334077835083008
2012-12-19,113.78028869628906,58.9262809753418,70.62882995605469,37.7401237487793,32.413970947265625,82.74026489257812,161.69000244140625,23.418622970581055
2012-12-20,114.4347915649414,58.9262809753418,70.9814682006836,37.994041442871094,32.6076774597168,82.7540054321289,159.72999572753906,23.308713912963867
2012-12-21,113.39605712890625,58.3065299987793,70.6876220703125,37.76016616821289,32.23517608642578,83.65725708007812,160.3300018310547,23.266441345214844
2012-12-24,113.04659271240234,58.19029235839844,70.3433609008789,37.65993881225586,32.16812515258789,83.50670623779297,160.6199951171875,23.190357208251953
2012-12-26,112.57015991210938,57.68054962158203,69.839599609375,37.65324783325195,32.26496887207031,83.80708312988281,160.77999877929688,23.427074432373047
2012-12-27,112.41922760009766,57.59111404418945,69.78922271728516,37.826988220214844,32.44681930541992,84.08831024169922,161.16000366210938,23.427074432373047
2012-12-28,111.2042007446289,57.03667068481445,69.29386138916016,37.42605972290039,32.56605911254883,84.56840515136719,160.5399932861328,23.35944175720215
2012-12-31,113.09422302246094,58.243934631347656,70.79674530029297,37.994041442871094,33.050445556640625,83.10759735107422,162.02000427246094,23.486257553100586
2013-01-02,115.9929428100586,60.09507369995117,72.87903594970703,38.582054138183594,33.69878005981445,81.99656677246094,163.1699981689453,23.570798873901367
2013-01-03,115.73082733154297,59.7820930480957,72.71110534667969,38.207862854003906,33.4603157043457,80.8855209350586,161.1999969482422,23.3763484954834
2013-01-04,116.23906707763672,59.58538055419922,73.24844360351562,38.401649475097656,33.527381896972656,81.20098114013672,160.44000244140625,23.274898529052734
2013-01-07,115.92147064208984,59.60324478149414,72.97136688232422,38.23458480834961,33.27400588989258,81.23529815673828,159.42999267578125,23.317169189453125
2013-01-08,115.58789825439453,59.48698043823242,72.92097473144531,38.0207633972168,32.975921630859375,81.77019500732422,160.55999755859375,23.3763484954834
2013-01-09,115.8817367553711,59.7105712890625,73.27363586425781,38.21454620361328,33.11750411987305,81.69480895996094,160.49000549316406,23.342531204223633
2013-01-10,116.80288696289062,60.068260192871094,73.44158172607422,38.702335357666016,33.40814971923828,81.46846008300781,161.97999572753906,23.427074432373047
2013-01-11,116.79499816894531,60.148746490478516,73.33243560791016,38.78252029418945,33.13986587524414,82.19544219970703,161.05999755859375,23.32562255859375
2013-01-14,116.7155532836914,59.88046646118164,73.37439727783203,38.82929229736328,33.28145980834961,81.96912384033203,161.5399932861328,23.477802276611328
2013-01-15,116.79499816894531,59.58538055419922,73.69345092773438,38.76915740966797,33.13986587524414,82.34628295898438,162.55999755859375,23.3763484954834
2013-01-16,116.77912902832031,59.82679748535156,73.47515106201172,38.582054138183594,33.11006164550781,82.51774597167969,162.64999389648438,23.40171241760254
2013-01-17,117.53356170654297,60.11296081542969,74.15523529052734,38.8961067199707,33.29636764526367,81.69480895996094,163.35000610351562,23.503164291381836
2013-01-18,117.79561614990234,59.97882080078125,74.3651123046875,38.856021881103516,33.37087631225586,82.32574462890625,163.08999633789062,23.655344009399414
2013-01-22,118.43093872070312,60.07719802856445,74.90249633789062,38.876068115234375,33.31871795654297,82.48347473144531,163.6699981689453,23.722978591918945
2013-01-23,118.62154388427734,60.44385528564453,74.7261962890625,38.835968017578125,33.13986587524414,82.36002349853516,163.2100067138672,23.748340606689453
2013-01-24,118.65326690673828,59.61216735839844,74.96968078613281,39.02307891845703,33.020633697509766,82.07197570800781,161.4199981689453,23.73143196105957
2013-01-25,119.32034301757812,59.916229248046875,75.51543426513672,39.44403839111328,32.908843994140625,80.94721984863281,160.64999389648438,23.680707931518555
2013-01-28,119.17739868164062,60.050392150878906,75.56580352783203,39.250267028808594,32.677833557128906,80.65234375,160.2899932861328,23.672250747680664
2013-01-29,119.6459732055664,60.059329986572266,75.60780334472656,39.51754379272461,33.042991638183594,80.2065200805664,160.99000549316406,23.80752182006836
2013-01-30,119.17739868164062,59.93409729003906,74.70098114013672,39.557640075683594,32.88648986816406,80.06938171386719,162.19000244140625,24.078062057495117
2013-01-31,118.8835678100586,59.80000305175781,75.21318817138672,39.41063690185547,32.95356369018555,80.46031188964844,161.1999969482422,24.069608688354492
2013-02-01,120.10651397705078,60.506465911865234,75.87644958496094,39.72468566894531,33.169673919677734,79.41552734375,161.4499969482422,24.16260528564453
2013-02-04,118.75650024414062,59.45123291015625,74.9612808227539,39.00971221923828,32.7299919128418,80.4327621459961,162.0,24.078062057495117
2013-02-05,119.95565795898438,60.32761001586914,75.63301086425781,39.19012451171875,32.76726150512695,79.71798706054688,161.9600067138672,24.171062469482422
2013-02-06,120.04302978515625,60.1308479309082,75.95206451416016,39.183441162109375,32.7299919128418,80.37093353271484,162.38999938964844,24.137245178222656
2013-02-07,119.88420104980469,60.184532165527344,75.70018005371094,38.86270523071289,32.439369201660156,80.19224548339844,161.83999633789062,24.04424476623535
2013-02-08,120.55127716064453,60.80155563354492,76.23749542236328,39.10993576049805,32.677833557128906,80.50154876708984,161.57000732421875,24.137245178222656
2013-02-11,120.5274887084961,60.819454193115234,76.15351867675781,39.06985092163086,32.66292953491211,80.43965148925781,159.6999969482422,24.05270004272461
2013-02-12,120.72599029541016,60.56906509399414,76.48939514160156,39.26362609863281,32.75236511230469,80.24032592773438,159.88999938964844,24.094970703125
2013-02-13,120.8292236328125,60.783695220947266,76.80842590332031,39.357173919677734,32.91630935668945,79.58739471435547,159.0500030517578,24.103425979614258
2013-02-14,120.94044494628906,60.76580810546875,77.00154876708984,39.14335250854492,32.90140151977539,80.30908203125,158.35000610351562,24.069608688354492
2013-02-15,120.79745483398438,60.58694839477539,77.02671813964844,39.043113708496094,32.782169342041016,80.0754165649414,155.75999450683594,23.968154907226562
2013-02-19,121.70276641845703,61.02511978149414,77.70684814453125,39.504180908203125,32.84923553466797,79.67671203613281,155.3300018310547,23.875158309936523
2013-02-20,120.1860122680664,60.08613967895508,76.26268768310547,39.11662292480469,32.55859375,79.91732788085938,151.44000244140625,23.604618072509766
2013-02-21,119.45532989501953,59.442256927490234,75.52381896972656,38.528602600097656,32.11146545410156,80.38469696044922,152.6199951171875,23.334077835083008
2013-02-22,120.62274932861328,60.04144287109375,76.43059539794922,39.08320999145508,32.253055572509766,80.43965148925781,152.97000122070312,23.334077835083008
2013-02-25,118.32770538330078,59.29917526245117,74.74299621582031,38.147735595703125,31.820831298828125,82.02059936523438,154.33999633789062,23.224170684814453
2013-02-26,119.13773345947266,59.52275466918945,75.03684997558594,38.45509338378906,31.999677658081055,81.54627990722656,156.22000122070312,23.181896209716797
2013-02-27,120.6386489868164,60.1308479309082,75.82610321044922,38.94289016723633,32.349945068359375,81.30571746826172,154.57000732421875,23.03817367553711
2013-02-28,120.400390625,60.00566482543945,75.96878814697266,38.90279006958008,32.200897216796875,81.45693969726562,153.0,22.936721801757812
2013-03-01,120.79745483398438,60.25603485107422,76.31305694580078,38.82260513305664,32.2754020690918,81.90057373046875,152.44000244140625,22.77608871459961
2013-03-04,121.44071197509766,60.52434539794922,76.51458740234375,38.989662170410156,31.96988296508789,81.46660614013672,152.3000030517578,22.691543579101562
2013-03-05,122.5287094116211,61.418609619140625,77.40460968017578,39.377220153808594,32.35739517211914,81.23241424560547,152.3800048828125,22.902902603149414
2013-03-06,122.6954345703125,61.26659393310547,77.60604858398438,39.47745132446289,32.51388931274414,80.49535369873047,153.22999572753906,22.77608871459961
2013-03-07,122.9178466796875,61.427574157714844,77.97550201416016,39.59104919433594,32.603309631347656,79.87541198730469,152.69000244140625,22.928266525268555
2013-03-08,123.4419937133789,61.499088287353516,78.69759368896484,39.67791748046875,32.88648986816406,79.04198455810547,152.7100067138672,22.99590301513672
2013-03-11,123.9104995727539,61.67793273925781,78.67236328125,39.79819107055664,32.7076416015625,79.11768341064453,152.99000549316406,23.0128116607666
2013-03-12,123.63253784179688,61.454383850097656,78.51284790039062,39.59772872924805,32.33502960205078,79.68948364257812,154.19000244140625,23.063539505004883
2013-03-13,123.80729675292969,61.3738899230957,78.80674743652344,39.5375862121582,32.02949142456055,79.60680389404297,153.66000366210938,22.94517707824707
2013-03-14,124.4664535522461,61.57958221435547,79.59597778320312,39.92515182495117,32.16362380981445,79.36572265625,153.67999267578125,23.1142635345459
2013-03-15,124.3021240234375,61.40839385986328,79.55398559570312,40.00533676147461,31.873001098632812,79.7376708984375,154.0,23.16499137878418
2013-03-18,123.6161117553711,61.27394104003906,79.11741638183594,39.5643196105957,31.515295028686523,80.34380340576172,155.3800048828125,23.029722213745117
2013-03-19,123.32892608642578,61.15740203857422,78.78155517578125,39.44403839111328,31.291723251342773,80.88802337646484,156.0800018310547,22.860633850097656
2013-03-20,124.1904296875,61.58765411376953,79.51200866699219,39.684600830078125,31.470569610595703,79.9856185913086,155.3699951171875,23.021265029907227
2013-03-21,123.1295166015625,60.88849639892578,78.81511688232422,39.323768615722656,31.150146484375,80.75712585449219,156.25,22.91981315612793
2013-03-22,124.11860656738281,61.48007583618164,79.05862426757812,39.664546966552734,31.269372940063477,80.81910705566406,155.5500030517578,22.962087631225586
2013-03-25,123.60013580322266,61.2559814453125,79.10409545898438,39.170082092285156,31.23955535888672,80.7433853149414,155.24000549316406,22.978994369506836
2013-03-26,124.58924102783203,61.58765411376953,79.35668182373047,39.41731262207031,31.686687469482422,80.83975219726562,154.72000122070312,23.190357208251953
2013-03-27,124.58924102783203,61.668331146240234,79.40721893310547,39.22353744506836,31.805925369262695,81.52860260009766,155.36000061035156,23.308713912963867
2013-03-28,124.97213745117188,61.82065963745117,79.50821685791016,39.41063690185547,31.873001098632812,81.11531829833984,154.4499969482422,23.08890151977539
2013-04-01,124.47763061523438,61.39940643310547,78.43892669677734,38.88275909423828,31.530193328857422,81.72621154785156,154.6699981689453,23.08890151977539
2013-04-02,125.09182739257812,61.883445739746094,77.95061492919922,39.29703140258789,31.54510498046875,81.39490509033203,152.42999267578125,22.978994369506836
2013-04-03,123.823486328125,61.31875228881836,76.7297134399414,39.10326385498047,31.172489166259766,82.12664794921875,150.72999572753906,22.590091705322266
2013-04-04,124.3260269165039,61.3366813659668,77.3864517211914,39.450721740722656,31.083066940307617,83.1068344116211,150.2899932861328,22.56473159790039
2013-04-05,123.76765441894531,60.825740814208984,77.23490142822266,39.27031326293945,31.008541107177734,84.78437042236328,152.80999755859375,22.547821044921875
2013-04-08,124.60521697998047,61.14842987060547,77.87480926513672,39.42400360107422,31.060707092285156,84.13541412353516,152.16000366210938,22.615455627441406
2013-04-09,125.03594207763672,61.560752868652344,77.64746856689453,39.5643196105957,31.366247177124023,83.92831420898438,153.33999633789062,22.759180068969727
2013-04-10,126.56749725341797,62.7618522644043,79.0535659790039,40.1523323059082,31.664335250854492,82.7755355834961,150.75,22.708454132080078
2013-04-11,126.98233032226562,62.734962463378906,79.16304016113281,40.46638870239258,31.69414520263672,82.93431854248047,151.0500030517578,22.615455627441406
2013-04-12,126.6712875366211,62.690147399902344,78.84308624267578,40.36616134643555,31.209753036499023,84.1699447631836,143.9499969482422,22.33646011352539
2013-04-15,123.73577880859375,61.45319366455078,75.87090301513672,39.571006774902344,30.449628829956055,84.90166473388672,131.30999755859375,21.668563842773438
2013-04-16,125.56243896484375,62.26885986328125,77.18438720703125,40.13228988647461,31.075611114501953,84.20446014404297,132.8000030517578,21.896831512451172
2013-04-17,123.72775268554688,61.049827575683594,75.84564971923828,39.29703140258789,30.58376693725586,84.76361083984375,132.8699951171875,21.57556915283203
2013-04-18,122.95398712158203,60.20728302001953,75.42464447021484,39.176753997802734,30.58376693725586,84.9706802368164,134.3000030517578,21.803834915161133
2013-04-19,124.02294921875,61.03191375732422,76.2918701171875,39.49081802368164,31.030899047851562,84.79121398925781,135.47000122070312,21.753108978271484
2013-04-22,124.57333374023438,61.659366607666016,76.51079559326172,39.65786361694336,31.179946899414062,84.85334777832031,137.89999389648438,21.820743560791016
2013-04-23,125.85755157470703,62.250919342041016,77.72322082519531,40.21916198730469,31.328990936279297,84.55652618408203,136.8800048828125,21.685474395751953
2013-04-24,125.93726348876953,62.224021911621094,78.12741088867188,40.56662368774414,31.515295028686523,84.77053833007812,138.3699951171875,21.922197341918945
2013-04-25,126.44782257080078,62.55571365356445,78.64102935791016,40.78045654296875,31.79847526550293,84.40464782714844,141.6300048828125,22.20964813232422
2013-04-26,126.22454071044922,62.3585090637207,78.22005462646484,40.81385040283203,31.47803497314453,85.17779541015625,140.91000366210938,22.08283233642578
2013-04-29,127.07006072998047,62.93216323852539,78.7841567993164,41.335052490234375,31.805925369262695,84.86714935302734,142.3000030517578,22.378734588623047
2013-04-30,127.37315368652344,63.38930130004883,79.23038482666016,41.38850784301758,32.26051330566406,84.91546630859375,142.77000427246094,22.20964813232422
2013-05-01,126.25638580322266,63.093475341796875,77.31067657470703,41.141273498535156,31.910253524780273,85.78779602050781,141.11000061035156,21.81229019165039
2013-05-02,127.42906188964844,63.891273498535156,78.53992462158203,41.26823043823242,32.16362380981445,85.67713165283203,141.9199981689453,22.091283798217773
2013-05-03,128.7212371826172,64.6441879272461,79.78607940673828,41.796112060546875,32.431907653808594,83.65715026855469,142.08999633789062,22.33646011352539
2013-05-06,129.04830932617188,64.89514923095703,80.29972076416016,41.74266052246094,32.47662353515625,83.44963073730469,142.14999389648438,22.361825942993164
2013-05-07,129.70236206054688,64.8592758178711,80.95645904541016,41.809478759765625,32.7076416015625,83.12448120117188,140.3800048828125,22.285734176635742
2013-05-08,130.29266357421875,65.17304992675781,81.19219970703125,42.2504997253418,32.96101379394531,83.25591278076172,142.4600067138672,22.387187957763672
2013-05-09,129.92579650878906,65.08338165283203,80.91432189941406,41.8428955078125,32.72254943847656,83.04141235351562,140.80999755859375,22.378734588623047
2013-05-10,130.34848022460938,65.47774505615234,81.52899169921875,41.88966751098633,32.469173431396484,82.14904022216797,139.60000610351562,22.277280807495117
2013-05-13,130.4521942138672,65.55843353271484,81.47007751464844,41.8696174621582,32.17108154296875,81.51951599121094,138.42999267578125,22.175825119018555
2013-05-14,131.80029296875,65.89903259277344,82.51409912109375,41.94980239868164,32.32012939453125,80.63404846191406,137.80999755859375,22.09973907470703
2013-05-15,132.51019287109375,66.03350067138672,82.68250274658203,42.13022232055664,32.32758331298828,81.17366790771484,134.6300048828125,22.04901123046875
2013-05-16,131.8879852294922,65.9617919921875,82.4720230102539,41.8428955078125,32.215789794921875,82.01760864257812,134.08999633789062,22.023649215698242
2013-05-17,133.164306640625,66.59821319580078,83.3982162475586,42.13022232055664,32.35739517211914,80.97996520996094,131.07000732421875,22.13355827331543
2013-05-20,133.15628051757812,66.49960327148438,83.53289794921875,42.36408615112305,32.439369201660156,80.88308715820312,135.1199951171875,22.277280807495117
2013-05-21,133.34780883789062,66.57129669189453,83.54974365234375,42.450958251953125,32.372291564941406,81.51951599121094,132.8800048828125,22.150466918945312
2013-05-22,132.35870361328125,65.98869323730469,82.32887268066406,42.0233039855957,32.01458740234375,80.30889892578125,131.94000244140625,22.04901123046875
2013-05-23,131.97573852539062,65.83631134033203,82.42994689941406,41.42192077636719,31.776124954223633,80.6894302368164,134.61000061035156,22.150466918945312
2013-05-24,131.86404418945312,65.80047607421875,82.4130630493164,41.061092376708984,31.500381469726562,80.80010223388672,133.75999450683594,22.0659236907959
2013-05-28,132.65379333496094,66.23072052001953,83.48238372802734,41.16799545288086,31.671791076660156,78.75242614746094,133.49000549316406,22.268827438354492
2013-05-29,131.7923126220703,65.91698455810547,82.70777130126953,40.773765563964844,31.269372940063477,79.63788604736328,134.8300018310547,22.12510108947754
2013-05-30,132.27890014648438,66.26654052734375,83.26348114013672,40.93414306640625,31.269372940063477,79.44417572021484,136.6999969482422,22.12510108947754
2013-05-31,130.38038635253906,65.65705108642578,82.34573364257812,40.13897705078125,30.703006744384766,79.17440032958984,133.9199981689453,21.863018035888672
2013-06-03,131.09835815429688,65.7735595703125,83.12874603271484,40.29265213012695,31.1575870513916,79.59394073486328,136.50999450683594,22.13355827331543
2013-06-04,130.46815490722656,65.4329833984375,82.24468994140625,40.43966293334961,30.777524948120117,78.85884857177734,135.22999572753906,22.21809959411621
2013-06-05,128.64146423339844,64.58142852783203,81.19219970703125,39.5375862121582,30.226055145263672,79.94757843017578,135.52000427246094,22.116647720336914
2013-06-06,129.8060760498047,64.89514923095703,82.05101013183594,39.758094787597656,30.479434967041016,79.89905548095703,136.52999877929688,22.201189041137695
2013-06-07,131.45730590820312,65.78253173828125,82.68250274658203,40.29265213012695,30.32294464111328,78.4705810546875,133.27999877929688,22.251916885375977
2013-06-10,131.45730590820312,65.80937957763672,83.18771362304688,40.33274841308594,29.913066864013672,78.09607696533203,133.94000244140625,22.167373657226562
2013-06-11,130.10122680664062,65.15509033203125,82.28681945800781,39.83827209472656,29.346708297729492,79.0252914428711,133.25,21.972923278808594
2013-06-12,129.0243682861328,64.40218353271484,81.47007751464844,39.79150390625,29.14549446105957,77.89498901367188,134.25,21.998287200927734
2013-06-13,130.98663330078125,65.21783447265625,82.90984344482422,40.39958190917969,29.764026641845703,79.11540985107422,133.74000549316406,22.142011642456055
2013-06-14,130.16505432128906,64.7875747680664,82.2699203491211,39.95855712890625,29.29454231262207,78.92822265625,134.42999267578125,22.235008239746094
2013-06-17,131.1701202392578,65.41506958007812,82.80880737304688,40.533206939697266,29.56281852722168,78.51216888427734,133.77000427246094,22.285734176635742
2013-06-18,132.20706176757812,65.95284271240234,83.7854995727539,40.82053756713867,29.68950653076172,78.55374908447266,132.1300048828125,22.3280086517334
2013-06-19,130.38038635253906,65.21783447265625,82.75828552246094,40.05877685546875,28.772884368896484,77.74239349365234,130.58999633789062,22.361825942993164
2013-06-20,127.1498031616211,63.66715621948242,80.56915283203125,38.588741302490234,27.483657836914062,76.46647644042969,123.5999984741211,21.634748458862305
2013-06-21,127.5580062866211,63.32905578613281,80.8049087524414,38.715694427490234,27.87862777709961,75.16973114013672,125.05000305175781,21.49947738647461
2013-06-24,125.94621276855469,62.69965744018555,79.74400329589844,38.107627868652344,27.312265396118164,75.48177337646484,123.93000030517578,21.406478881835938
2013-06-25,127.15705108642578,63.158226013183594,80.51020050048828,38.595420837402344,27.89352035522461,74.80915069580078,123.47000122070312,21.42338752746582
2013-06-26,128.41600036621094,63.724700927734375,80.88909912109375,38.74911117553711,28.333208084106445,75.29460144042969,118.27999877929688,21.364208221435547
2013-06-27,129.1697998046875,63.99446105957031,82.14362335205078,39.13907241821289,28.90172576904297,76.06429290771484,115.94000244140625,21.35575294494629
2013-06-28,128.64053344726562,64.08438110351562,81.67212677001953,39.06407165527344,29.067827224731445,76.58438873291016,119.11000061035156,21.245845794677734
2013-07-01,129.3943634033203,64.4800033569336,83.00245666503906,39.43222427368164,29.158435821533203,76.73868560791016,121.12999725341797,21.381118774414062
2013-07-02,129.27403259277344,64.50701141357422,82.94328308105469,39.23451614379883,28.637474060058594,76.68997955322266,120.05000305175781,21.465660095214844
2013-07-03,129.3301544189453,64.76776123046875,83.11239624023438,39.24816131591797,28.37322425842285,76.46067810058594,120.73999786376953,21.660112380981445
2013-07-05,130.72547912597656,65.26231384277344,84.2878646850586,39.43222427368164,28.1920223236084,73.85427856445312,118.08999633789062,21.609384536743164
2013-07-08,131.47117614746094,65.32524108886719,84.62614440917969,39.67764663696289,28.229766845703125,74.57014465332031,119.51000213623047,21.71929168701172
2013-07-09,132.41746520996094,65.72085571289062,85.41262817382812,39.89581298828125,28.599729537963867,74.64663696289062,120.62000274658203,21.854562759399414
2013-07-10,132.46560668945312,66.09854888916016,85.6493911743164,40.0117073059082,28.327917098999023,74.0627670288086,120.94999694824219,21.922197341918945
2013-07-11,134.26991271972656,67.41133117675781,86.65576171875,41.04796600341797,29.717145919799805,74.93157196044922,124.23999786376953,22.0321044921875
2013-07-12,134.3260040283203,67.70806121826172,86.83335876464844,40.7752571105957,29.40003204345703,74.86900329589844,124.12999725341797,22.116647720336914
2013-07-15,134.83921813964844,67.86091613769531,87.59443664550781,41.027503967285156,29.702041625976562,75.26520538330078,124.18000030517578,22.057466506958008
2013-07-16,134.3340301513672,67.77101135253906,87.1546859741211,41.00023651123047,29.822830200195312,75.5223388671875,124.88999938964844,22.08283233642578
2013-07-17,134.67880249023438,67.94184112548828,87.49295043945312,41.122947692871094,30.09464454650879,75.6613998413086,123.31999969482422,22.0659236907959
2013-07-18,135.4166259765625,67.77101135253906,88.07648468017578,41.39564895629883,29.739788055419922,74.71612548828125,124.01000213623047,22.15892219543457
2013-07-19,135.65716552734375,67.06964874267578,88.2117691040039,41.36156463623047,29.6567325592041,75.89766693115234,125.11000061035156,22.175825119018555
2013-07-22,135.92176818847656,67.26747131347656,88.39784240722656,41.59335708618164,29.951189041137695,76.00887298583984,128.83999633789062,22.15892219543457
2013-07-23,135.633056640625,66.7729263305664,88.33863067626953,41.681983947753906,30.27584457397461,75.68915557861328,129.7100067138672,22.192737579345703
2013-07-24,135.1359405517578,66.98873901367188,87.60291290283203,41.62744140625,29.96629524230957,74.73003387451172,127.4800033569336,22.015195846557617
2013-07-25,135.46473693847656,67.41133117675781,88.4062728881836,41.709251403808594,30.139938354492188,74.70221710205078,128.6699981689453,21.989830017089844
2013-07-26,135.6090545654297,67.77101135253906,88.05109405517578,41.450191497802734,30.071990966796875,75.16098022460938,128.77999877929688,21.854562759399414
2013-07-29,135.1920623779297,67.64514923095703,87.43377685546875,41.054779052734375,29.694494247436523,74.61186218261719,128.47000122070312,21.846107482910156
2013-07-30,135.1920623779297,68.00480651855469,87.5099105834961,41.04796600341797,29.626541137695312,74.58401489257812,128.1199951171875,21.770017623901367
2013-07-31,135.2882843017578,68.13066864013672,87.66209411621094,41.143402099609375,29.452882766723633,74.85514068603516,127.95999908447266,21.922197341918945
2013-08-01,136.8519744873047,68.82302856445312,88.85449981689453,41.702430725097656,29.988941192626953,73.41278839111328,126.61000061035156,21.972923278808594
2013-08-02,137.08456420898438,69.2096939086914,88.93059539794922,42.043304443359375,29.981393814086914,74.2210693359375,126.36000061035156,21.88838005065918
2013-08-05,136.88406372070312,69.254638671875,89.23502349853516,41.954681396484375,29.79263687133789,73.64971923828125,125.69999694824219,21.778470993041992
2013-08-06,136.10623168945312,68.84102630615234,88.33863067626953,41.89331817626953,29.415136337280273,73.86566925048828,123.97000122070312,21.600929260253906
2013-08-07,135.6651611328125,68.71517181396484,87.71282958984375,41.709251403808594,29.098033905029297,74.41614532470703,124.1500015258789,21.45720863342285
2013-08-08,136.16238403320312,69.05684661865234,88.07648468017578,42.0842170715332,29.6567325592041,74.61820983886719,126.86000061035156,21.567113876342773
2013-08-09,135.76937866210938,68.77806854248047,87.98344421386719,42.15920639038086,29.717145919799805,74.7366714477539,126.86000061035156,21.71929168701172
2013-08-12,135.6090545654297,68.9399185180664,88.44857025146484,42.043304443359375,29.996492385864258,74.2280502319336,129.1300048828125,21.98137855529785
2013-08-13,136.0099334716797,69.32662200927734,88.33019256591797,42.31600570678711,30.177701950073242,73.15498352050781,127.73999786376953,21.972923278808594
2013-08-14,135.3123321533203,69.0658187866211,87.98344421386719,42.33646011352539,30.27584457397461,73.26648712158203,129.0,22.150466918945312
2013-08-15,133.41983032226562,67.89688873291016,86.35131072998047,41.9819450378418,29.928546905517578,72.27703094482422,131.69000244140625,22.361825942993164
2013-08-16,132.97885131835938,67.86991882324219,85.98765563964844,42.05694580078125,29.671836853027344,72.0262222290039,132.5800018310547,22.370277404785156
2013-08-19,132.12876892089844,67.7530288696289,85.11662292480469,41.756980895996094,29.113140106201172,71.39911651611328,132.00999450683594,22.34491539001465
2013-08-20,132.77833557128906,68.04976654052734,86.34284973144531,41.702430725097656,29.060285568237305,71.94954681396484,132.4499969482422,22.302642822265625
2013-08-21,131.96043395996094,67.81595611572266,85.81856536865234,41.211578369140625,28.38077163696289,71.16220092773438,132.07000732421875,22.277280807495117
2013-08-22,133.1632080078125,68.4813461303711,87.02787780761719,41.61381530761719,28.841325759887695,71.88683319091797,132.80999755859375,22.285734176635742
2013-08-23,133.61227416992188,68.9399185180664,87.24771881103516,41.975135803222656,29.181087493896484,72.66727447509766,134.89999389648438,22.46327781677246
2013-08-26,133.11514282226562,68.97592163085938,87.25619506835938,41.6683464050293,28.863977432250977,73.02954864501953,135.4499969482422,22.590091705322266
2013-08-27,130.97409057617188,67.56420135498047,85.20964813232422,40.95933151245117,28.19956398010254,73.94925689697266,136.75,22.809906005859375
2013-08-28,131.4391326904297,67.82495880126953,85.37881469726562,40.91160202026367,28.259963989257812,73.35009002685547,136.7100067138672,22.843725204467773
2013-08-29,131.64772033691406,68.3015365600586,86.23294830322266,40.84343338012695,28.486473083496094,73.93537139892578,135.8699951171875,22.60700225830078
2013-08-30,131.23069763183594,67.86091613769531,84.8882827758789,40.33894348144531,28.705427169799805,73.85175323486328,134.6199951171875,22.53936767578125
2013-09-03,131.82408142089844,68.24756622314453,85.46336364746094,41.11613464355469,28.886627197265625,72.8100814819336,136.4199981689453,22.65772819519043
2013-09-04,132.91465759277344,68.97592163085938,86.21602630615234,41.48427963256836,29.40003204345703,72.6494140625,134.66000366210938,22.46327781677246
2013-09-05,133.08306884765625,69.0927734375,86.35131072998047,41.450191497802734,29.74734115600586,71.63645935058594,132.1999969482422,22.41254997253418
2013-09-06,133.14720153808594,69.17373657226562,86.58808898925781,41.675174713134766,30.185243606567383,71.99271392822266,134.14999389648438,22.53936767578125
2013-09-09,134.4222412109375,69.98297882080078,87.89888763427734,42.24782943725586,30.97800064086914,72.02764892578125,133.91000366210938,22.395641326904297
2013-09-10,135.4166259765625,70.32469177246094,88.76146697998047,42.72505569458008,31.212055206298828,71.52465057373047,131.74000549316406,22.192737579345703
2013-09-11,135.8415985107422,70.18978881835938,88.80374908447266,42.87504196166992,31.234703063964844,72.160400390625,131.6999969482422,22.226552963256836
2013-09-12,135.48077392578125,70.14485168457031,88.15259552001953,42.62961196899414,30.87230682373047,72.06258392333984,127.66999816894531,22.33646011352539
2013-09-13,135.7854766845703,70.18978881835938,88.6346206665039,42.834136962890625,31.076162338256836,72.34205627441406,127.81999969482422,22.268827438354492
2013-09-16,136.57131958007812,70.00096130371094,88.82914733886719,43.16819763183594,31.423452377319336,71.85999298095703,126.44999694824219,21.989830017089844
2013-09-17,137.1807403564453,70.46853637695312,89.70861053466797,43.19546890258789,31.355504989624023,72.45384216308594,126.5,21.761564254760742
2013-09-18,138.7685089111328,71.31375885009766,90.56275177001953,44.347625732421875,32.66921615600586,73.34803009033203,132.00999450683594,22.235008239746094
2013-09-19,138.53591918945312,71.48461151123047,90.46974182128906,44.13628005981445,32.495567321777344,72.9149169921875,131.75,22.150466918945312
2013-09-20,137.56744384765625,71.23926544189453,90.139892578125,43.81584548950195,31.77076530456543,73.29916381835938,127.95999908447266,21.947559356689453
2013-09-23,136.93080139160156,71.09500885009766,90.14839172363281,43.80221176147461,31.88400650024414,73.83712768554688,127.55000305175781,21.786930084228516
2013-09-24,136.60845947265625,71.09500885009766,90.44770050048828,43.73404312133789,31.61221694946289,74.63351440429688,127.66000366210938,21.778470993041992
2013-09-25,136.21363830566406,70.85152435302734,90.2780990600586,43.781761169433594,31.370609283447266,74.78720092773438,128.7899932861328,21.81229019165039
2013-09-26,136.73745727539062,71.40165710449219,90.77836608886719,43.965824127197266,31.498964309692383,74.26327514648438,127.79000091552734,21.98137855529785
2013-09-27,136.10891723632812,71.31143188476562,90.37137603759766,43.80903625488281,31.129011154174805,74.44486999511719,128.97000122070312,21.871471405029297
2013-09-30,135.3836212158203,71.14009857177734,90.39678955078125,43.495426177978516,30.77415657043457,74.33312225341797,128.17999267578125,21.778470993041992
2013-10-01,136.4553680419922,71.86161804199219,91.44822692871094,43.72722625732422,31.385711669921875,74.10759735107422,124.58999633789062,21.634748458862305
2013-10-02,136.32643127441406,71.83454132080078,91.07514953613281,43.71360397338867,31.506511688232422,74.2196044921875,127.05999755859375,21.846107482910156
2013-10-03,135.06935119628906,70.99578857421875,90.14240264892578,43.427249908447266,31.385711669921875,74.10052490234375,127.18000030517578,21.81229019165039
2013-10-04,136.0927734375,71.60906982421875,90.74445343017578,43.529518127441406,31.793411254882812,74.0445556640625,126.52999877929688,21.87992286682129
2013-10-07,134.9163055419922,71.01382446289062,89.68453979492188,43.07956314086914,31.5216121673584,74.34571075439453,127.63999938964844,22.0321044921875
2013-10-08,133.3449249267578,69.64298248291016,88.23460388183594,42.745513916015625,31.219614028930664,74.36670684814453,127.4000015258789,22.108192443847656
2013-10-09,133.44171142578125,69.42654418945312,87.87847900390625,42.92958068847656,31.45366096496582,73.77134704589844,126.11000061035156,21.947559356689453
2013-10-10,136.3184051513672,70.89657592773438,89.99830627441406,43.699951171875,32.193572998046875,73.89049530029297,124.2699966430664,22.226552963256836
2013-10-11,137.19668579101562,71.45578002929688,91.3041000366211,43.93174362182617,32.33702087402344,73.86936950683594,122.5999984741211,22.108192443847656
2013-10-14,137.74459838867188,71.96080017089844,91.761962890625,44.08173370361328,32.52577590942383,73.27398681640625,122.83000183105469,22.09973907470703
2013-10-15,136.74546813964844,71.68123626708984,90.86316680908203,43.87038803100586,32.20866394042969,73.2249984741211,123.7300033569336,22.023649215698242
2013-10-16,138.65524291992188,72.4928970336914,91.99087524414062,44.197628021240234,32.46537399291992,74.1425552368164,123.54000091552734,22.192737579345703
2013-10-17,139.58193969726562,72.9077377319336,92.79644012451172,44.78392791748047,32.66921615600586,74.81498718261719,127.41999816894531,22.07437515258789
2013-10-18,140.52471923828125,74.08922576904297,93.85633087158203,45.04981231689453,32.69941329956055,74.97612762451172,126.8499984741211,22.201189041137695
2013-10-21,140.53274536132812,74.25157928466797,93.66980743408203,45.11799240112305,32.646568298339844,74.73795318603516,126.9800033569336,22.150466918945312
2013-10-22,141.3466339111328,74.35979461669922,93.91568756103516,45.567935943603516,32.963680267333984,75.57148742675781,129.33999633789062,22.12510108947754
2013-10-23,140.6697540283203,73.90882873535156,93.60192108154297,45.12479782104492,32.193572998046875,75.86570739746094,128.69000244140625,21.786930084228516
2013-10-24,141.1371307373047,74.23355865478516,94.10222625732422,45.43840026855469,32.12562561035156,75.57148742675781,129.89999389648438,21.795381546020508
2013-10-25,141.78179931640625,74.76561737060547,94.18701934814453,45.308876037597656,32.2766227722168,75.85166931152344,130.4600067138672,21.863018035888672
2013-10-28,142.0074005126953,74.7836685180664,94.14459991455078,45.233882904052734,32.46537399291992,75.5925064086914,130.55999755859375,21.947559356689453
2013-10-29,142.7648162841797,74.90992736816406,94.41596984863281,45.329315185546875,32.57107162475586,75.6905746459961,129.77000427246094,21.88838005065918
2013-10-30,142.05575561523438,74.83781433105469,93.12712097167969,45.16571044921875,32.38987731933594,75.23531341552734,129.60000610351562,21.95601463317871
2013-10-31,141.65284729003906,74.66642761230469,92.58446502685547,44.91347122192383,32.05765914916992,75.39639282226562,127.73999786376953,21.770017623901367
2013-11-01,141.9912872314453,74.68445587158203,92.1859359741211,44.6953010559082,32.07276916503906,74.58026885986328,126.94999694824219,21.49947738647461
2013-11-04,142.49087524414062,74.79270935058594,93.2458267211914,44.91347122192383,32.26906204223633,74.65056610107422,126.80999755859375,21.406478881835938
2013-11-05,142.03965759277344,74.87386322021484,92.9236068725586,44.524864196777344,31.619762420654297,73.7585678100586,126.55999755859375,21.347299575805664
2013-11-06,142.7648162841797,74.8558120727539,92.52510833740234,44.91347122192383,31.717914581298828,73.7936782836914,127.19999694824219,21.364208221435547
2013-11-07,140.95980834960938,73.44890594482422,90.96492767333984,44.20443344116211,31.144105911254883,74.41870880126953,126.16000366210938,21.2120304107666
2013-11-08,142.86155700683594,74.44099426269531,92.61835479736328,44.463504791259766,31.076162338256836,72.62779235839844,124.27999877929688,21.33039093017578
2013-11-11,142.8857421875,74.32372283935547,92.74555969238281,44.55894470214844,30.9176025390625,72.35391235351562,123.87000274658203,21.42338752746582
2013-11-12,142.5956268310547,74.44099426269531,92.82186126708984,44.40896987915039,30.751501083374023,72.69097900390625,122.44999694824219,21.2796630859375
2013-11-13,143.73988342285156,75.34284973144531,93.71218872070312,44.5521354675293,30.80435562133789,72.95790100097656,122.8499984741211,21.372663497924805
2013-11-14,144.4570770263672,75.57732391357422,93.61891174316406,44.75666427612305,31.302654266357422,73.40740203857422,124.2699966430664,21.465660095214844
2013-11-15,145.08555603027344,75.72161865234375,93.97504425048828,45.11799240112305,31.899110794067383,73.55485534667969,124.31999969482422,21.43184471130371
2013-11-18,144.57794189453125,74.98210144042969,93.31366729736328,45.11799240112305,32.18601989746094,73.99730682373047,122.9000015258789,21.288118362426758
2013-11-19,144.26361083984375,74.76561737060547,92.73709869384766,45.0020866394043,31.98971939086914,73.43547821044922,122.94999694824219,21.254301071166992
2013-11-20,143.81240844726562,74.58526611328125,92.70316314697266,44.68848419189453,31.55181121826172,72.18535614013672,120.12000274658203,21.271211624145508
2013-11-21,144.9727325439453,75.34284973144531,94.37358093261719,44.9680061340332,31.5216121673584,72.30470275878906,119.94000244140625,21.541749954223633
2013-11-22,145.69798278808594,75.7486801147461,94.83993530273438,45.097530364990234,31.748111724853516,72.97895812988281,119.91999816894531,21.609384536743164
2013-11-25,145.55294799804688,75.92908477783203,94.95865631103516,44.96119689941406,31.340410232543945,73.18966674804688,120.45999908447266,21.584020614624023
2013-11-26,145.59324645996094,76.32586669921875,95.66236877441406,44.96119689941406,31.446109771728516,73.46354675292969,119.81999969482422,21.57556915283203
2013-11-27,145.9477996826172,76.85798645019531,96.19657897949219,45.07027053833008,31.649959564208984,73.33715057373047,119.45999908447266,21.57556915283203
2013-11-29,145.85105895996094,77.3179702758789,96.24749755859375,45.15888977050781,31.9746150970459,73.35823059082031,120.69999694824219,21.567113876342773
2013-12-02,145.47235107421875,77.0925064086914,95.28086853027344,44.82483673095703,31.302654266357422,72.78765106201172,117.58000183105469,21.541749954223633
2013-12-03,144.84381103515625,77.02935028076172,94.82295989990234,44.51123046875,31.19695472717285,73.05533599853516,117.95999908447266,21.668563842773438
2013-12-04,144.82774353027344,77.10148620605469,94.56856536865234,44.272621154785156,31.15920639038086,72.35794067382812,119.95999908447266,21.710838317871094
2013-12-05,144.191162109375,77.0022964477539,94.63642120361328,44.020381927490234,30.97800064086914,72.1536636352539,118.30000305175781,21.685474395751953
2013-12-06,145.8028106689453,77.56146240234375,95.37413787841797,44.565773010253906,31.665067672729492,72.49885559082031,118.55000305175781,21.761564254760742
2013-12-09,146.1734161376953,77.87712860107422,95.34867095947266,44.51804733276367,31.710371017456055,72.66792297363281,119.72000122070312,21.685474395751953
2013-12-10,145.64964294433594,77.822998046875,94.4837875366211,44.44306182861328,31.725460052490234,73.18916320800781,121.81999969482422,21.753108978271484
2013-12-11,144.0138397216797,76.82189178466797,92.93208312988281,44.02719497680664,31.023313522338867,72.62559509277344,120.86000061035156,21.753108978271484
2013-12-12,143.53842163085938,76.62348937988281,93.13558959960938,43.7067756652832,30.842100143432617,72.35086059570312,118.29000091552734,21.550203323364258
2013-12-13,143.52230834960938,76.52429962158203,93.44084930419922,43.679500579833984,30.9176025390625,72.70313262939453,119.37999725341797,21.465660095214844
2013-12-16,144.4167938232422,76.94818115234375,94.55160522460938,43.993106842041016,31.121458053588867,72.43543243408203,119.69000244140625,21.533292770385742
2013-12-17,143.9574432373047,76.79486083984375,94.41596984863281,43.80221176147461,30.849655151367188,72.75941467285156,118.6500015258789,21.43184471130371
2013-12-18,146.41514587402344,77.68768310546875,95.71328735351562,44.49124526977539,31.463693618774414,72.39322662353516,117.61000061035156,21.474111557006836
2013-12-19,146.24594116210938,77.47125244140625,95.00106048583984,44.49124526977539,30.884706497192383,72.3227310180664,114.81999969482422,21.524839401245117
2013-12-20,147.09664916992188,78.26020050048828,96.60356903076172,44.74568176269531,30.83897590637207,73.43573760986328,115.94000244140625,21.69392967224121
2013-12-23,147.88247680664062,79.08351135253906,97.69908905029297,45.20641326904297,31.067535400390625,73.02015686035156,115.56999969482422,21.69392967224121
2013-12-24,148.20657348632812,79.1197509765625,98.07359313964844,45.295799255371094,31.25037956237793,72.43543243408203,116.0999984741211,21.761564254760742
2013-12-26,148.9600372314453,79.3821029663086,98.08208465576172,45.54336166381836,30.983736038208008,72.15631103515625,116.73999786376953,21.795381546020508
2013-12-27,148.9519500732422,79.18305969238281,98.02252197265625,45.77716064453125,31.463693618774414,71.95133972167969,117.12000274658203,21.854562759399414
2013-12-30,148.92764282226562,79.06544494628906,97.96295166015625,45.96969223022461,31.600820541381836,72.44606018066406,115.38999938964844,21.727746963500977
2013-12-31,149.6324920654297,79.5811538696289,98.19276428222656,46.14162063598633,31.844608306884766,71.98667907714844,116.12000274658203,21.69392967224121
2014-01-02,148.19850158691406,78.95684051513672,97.1287841796875,45.32331085205078,30.61805534362793,72.20572662353516,118.0,21.381118774414062
2014-01-03,148.17413330078125,78.3868637084961,97.62248229980469,45.37144470214844,30.564727783203125,72.20572662353516,119.29000091552734,21.245845794677734
2014-01-06,147.7447967529297,78.09735107421875,96.83085632324219,45.31642532348633,30.27523422241211,72.5096435546875,119.5,21.271211624145508
2014-01-07,148.65213012695312,78.82115173339844,97.63947296142578,45.57086181640625,30.404741287231445,72.69337463378906,118.81999969482422,21.254301071166992
2014-01-08,148.68453979492188,78.99302673339844,97.76715087890625,45.55710983276367,30.305702209472656,72.49555206298828,118.12000274658203,21.051395416259766
2014-01-09,148.7817840576172,78.730712890625,97.79271697998047,45.52272415161133,30.14571762084961,72.9195556640625,118.45999908447266,20.882308959960938
2014-01-10,149.1868896484375,78.9840087890625,98.32894134521484,45.94219207763672,30.678998947143555,73.78878784179688,120.26000213623047,21.017578125
2014-01-13,147.20193481445312,77.81688690185547,96.98409271240234,45.54336166381836,30.313322067260742,74.15628814697266,121.0199966430664,21.009124755859375
2014-01-14,148.80609130859375,79.30065155029297,98.17572784423828,45.907814025878906,30.64090919494629,73.81707763671875,119.88999938964844,21.009124755859375
2014-01-15,149.60813903808594,79.95209503173828,98.90776062011719,46.1003532409668,30.633289337158203,73.73936462402344,119.66000366210938,21.06830406188965
2014-01-16,149.41378784179688,79.96112060546875,99.02690887451172,46.07971954345703,30.46568489074707,74.23401641845703,119.79000091552734,21.034488677978516
2014-01-17,148.7817840576172,79.50875091552734,98.67793273925781,45.94219207763672,30.313322067260742,74.54501342773438,120.93000030517578,21.059852600097656
2014-01-21,149.21925354003906,80.11492919921875,99.26524353027344,46.1622428894043,30.267614364624023,74.60152435302734,119.69999694824219,21.110576629638672
2014-01-22,149.31655883789062,80.32300567626953,99.76747131347656,46.1622428894043,30.671382904052734,74.41783142089844,119.19000244140625,21.2120304107666
2014-01-23,148.09315490722656,80.05162048339844,99.09500885009766,45.85280227661133,29.91716766357422,75.4708251953125,121.79000091552734,21.195117950439453
2014-01-24,144.93345642089844,78.47732543945312,96.56697845458984,44.594383239746094,29.132482528686523,75.95842742919922,122.29000091552734,21.203575134277344
2014-01-27,144.22044372558594,77.71733093261719,95.15401458740234,44.388092041015625,29.01820945739746,75.42840576171875,120.95999908447266,21.059852600097656
2014-01-28,145.0792694091797,77.67212677001953,96.15840148925781,44.7731819152832,29.2010440826416,75.61216735839844,120.94999694824219,21.161304473876953
2014-01-29,143.68577575683594,76.83976745605469,94.77098846435547,44.27119064331055,28.782045364379883,76.23408508300781,122.47000122070312,21.144393920898438
2014-01-30,145.20895385742188,78.26020050048828,96.1839828491211,44.49811553955078,29.04868507385254,76.01497650146484,119.7699966430664,21.059852600097656
2014-01-31,144.3582000732422,78.05209350585938,95.46896362304688,43.74169921875,29.09438705444336,76.52379608154297,120.08999633789062,21.034488677978516
2014-02-03,141.109375,76.26072692871094,92.4813003540039,42.847747802734375,28.271602630615234,77.45623779296875,121.31999969482422,21.034488677978516
2014-02-04,142.0977783203125,76.82169342041016,93.17926025390625,43.342864990234375,28.842985153198242,76.63435363769531,120.98999786376953,21.195117950439453
2014-02-05,141.91957092285156,76.62262725830078,92.4813003540039,43.43225860595703,28.736328125,75.92584991455078,121.29000091552734,21.237394332885742
2014-02-06,143.79107666015625,77.59972381591797,93.21333312988281,44.20242691040039,29.33816909790039,75.5998764038086,121.23999786376953,21.321935653686523
2014-02-07,145.57345581054688,78.9840087890625,94.268798828125,44.78005599975586,29.505779266357422,75.66368865966797,122.16999816894531,21.567113876342773
2014-02-10,145.84083557128906,79.4363784790039,94.51564025878906,44.62876892089844,29.178186416625977,75.87620544433594,122.91999816894531,21.44875144958496
2014-02-11,147.43690490722656,80.34111022949219,95.35831451416016,45.33706283569336,29.810518264770508,75.43693542480469,124.36000061035156,21.558658599853516
2014-02-12,147.5098419189453,80.49492645263672,95.7328109741211,45.412696838378906,29.81812286376953,75.04725646972656,124.43000030517578,21.600929260253906
2014-02-13,148.2714385986328,81.09204864501953,96.95001983642578,45.550228118896484,29.84859848022461,75.47237396240234,125.48999786376953,21.71929168701172
2014-02-14,149.0897216796875,81.2549057006836,97.0862045288086,45.722137451171875,30.214284896850586,75.514892578125,127.1500015258789,21.795381546020508
2014-02-18,149.2679443359375,81.65299987792969,98.09913635253906,46.11411666870117,29.93240737915039,75.68492889404297,127.4000015258789,22.108192443847656
2014-02-19,148.27944946289062,81.09204864501953,97.0947036743164,45.80467224121094,29.726707458496094,75.3660888671875,126.2699966430664,22.167373657226562
2014-02-20,149.15452575683594,81.4720230102539,98.14168548583984,45.962825775146484,29.83336639404297,75.18185424804688,127.5999984741211,22.20964813232422
2014-02-21,148.98431396484375,81.36347198486328,98.4480972290039,46.052223205566406,30.039058685302734,75.57864379882812,127.58000183105469,22.150466918945312
2014-02-24,149.81076049804688,81.79773712158203,99.17163848876953,46.45106506347656,30.039058685302734,75.38731384277344,128.99000549316406,22.24346351623535
2014-02-25,149.7539825439453,81.70726013183594,99.2737808227539,46.341026306152344,29.696237564086914,76.06043243408203,129.2100067138672,22.142011642456055
2014-02-26,149.76211547851562,81.63490295410156,99.88662719726562,46.1828727722168,29.719087600708008,76.46427917480469,128.11000061035156,22.08283233642578
2014-02-27,150.54800415039062,82.1645736694336,100.43136596679688,46.341026306152344,30.28284454345703,76.8823471069336,128.1999969482422,22.015195846557617
2014-02-28,150.92881774902344,82.07368469238281,100.03133392333984,46.42355728149414,30.077159881591797,76.92487335205078,127.62000274658203,22.091283798217773
2014-03-03,149.86744689941406,81.46499633789062,99.49506378173828,45.440208435058594,29.543874740600586,77.43833923339844,130.2899932861328,22.395641326904297
2014-03-04,151.973876953125,82.50068664550781,101.99756622314453,46.341026306152344,30.046680450439453,76.27357482910156,128.67999267578125,22.311098098754883
2014-03-05,152.1116485595703,82.72782135009766,101.93795013427734,46.29977798461914,30.069534301757812,76.43694305419922,128.88999938964844,22.12510108947754
2014-03-06,152.46005249023438,82.65511322021484,101.92092895507812,46.7811279296875,30.496150970458984,75.68399810791016,130.1699981689453,22.3280086517334
2014-03-07,152.5248565673828,82.2463150024414,101.88687896728516,46.52670669555664,30.107627868652344,75.20818328857422,129.08999633789062,22.226552963256836
2014-03-10,152.44386291503906,82.3189926147461,101.54643249511719,46.23788070678711,29.901927947998047,75.31475067138672,129.1300048828125,22.040557861328125
2014-03-11,151.69032287597656,81.96468353271484,100.49095916748047,45.90093994140625,29.566730499267578,75.51358032226562,129.86000061035156,22.04901123046875
2014-03-12,151.73089599609375,82.27356719970703,100.79736328125,45.729026794433594,29.62767791748047,76.03919219970703,131.75999450683594,21.989830017089844
2014-03-13,150.02944946289062,81.11067962646484,99.63128662109375,44.87633514404297,29.09438705444336,77.06193542480469,132.2100067138672,21.88838005065918
2014-03-14,149.60813903808594,80.55651092529297,100.04834747314453,44.78005599975586,29.254379272460938,77.07614135742188,133.10000610351562,22.00674057006836
2014-03-17,150.96121215820312,81.26513671875,100.49095916748047,45.34394454956055,29.61243438720703,76.50079345703125,131.63999938964844,21.761564254760742
2014-03-18,152.03872680664062,82.2463150024414,101.95499420166016,45.625877380371094,30.023820877075195,76.7778091430664,130.6199951171875,21.871471405029297
2014-03-19,151.22857666015625,81.8011474609375,101.29102325439453,45.06888198852539,29.383882522583008,76.18119049072266,128.08999633789062,21.863018035888672
2014-03-20,152.1116485595703,82.02826690673828,101.42725372314453,44.89695739746094,29.513402938842773,76.04625701904297,127.86000061035156,21.761564254760742
2014-03-21,151.52166748046875,81.04122161865234,100.95909881591797,44.80756759643555,29.696237564086914,76.87012481689453,128.47000122070312,21.778470993041992
2014-03-24,150.8950958251953,80.33094787597656,99.81001281738281,44.924468994140625,29.985740661621094,77.41705322265625,126.18000030517578,21.770017623901367
2014-03-25,151.61119079589844,80.59503173828125,99.78612518310547,45.412696838378906,30.32855987548828,77.12586975097656,126.41000366210938,21.913742065429688
2014-03-26,150.52072143554688,79.5570068359375,97.87454223632812,45.405826568603516,30.397123336791992,77.72959899902344,125.41000366210938,21.896831512451172
2014-03-27,150.203369140625,79.11079406738281,97.6270523071289,45.63275146484375,30.793277740478516,78.12020874023438,124.58999633789062,22.091283798217773
2014-03-28,150.9439239501953,79.2656021118164,97.5331802368164,45.976585388183594,31.037057876586914,77.67984771728516,124.55999755859375,22.09973907470703
2014-03-31,152.18084716796875,79.83016204833984,99.28260040283203,46.21038055419922,31.242755889892578,77.48808288574219,123.61000061035156,22.08283233642578
2014-04-01,153.1898651123047,81.23245239257812,100.58829498291016,46.50606918334961,31.60843276977539,76.8258285522461,123.38999938964844,21.81229019165039
2014-04-02,153.7025909423828,81.44187927246094,101.04057312011719,46.59547424316406,31.669387817382812,76.3843994140625,124.31999969482422,21.761564254760742
2014-04-03,153.4990692138672,80.79534912109375,100.01651000976562,46.464813232421875,31.547489166259766,76.7190170288086,123.91999816894531,21.939105987548828
2014-04-04,151.6844024658203,78.64640045166016,97.703857421875,46.320396423339844,31.463693618774414,77.23174285888672,125.56999969482422,22.040557861328125
2014-04-07,150.0081024169922,77.89972686767578,96.27869415283203,46.1003532409668,31.600820541381836,77.69454956054688,124.91000366210938,21.989830017089844
2014-04-08,150.6265411376953,78.61906433105469,96.95289611816406,46.07284927368164,31.966489791870117,77.8797378540039,126.08999633789062,22.24346351623535
2014-04-09,152.2459259033203,79.96678161621094,98.35243225097656,46.66423034667969,32.21028518676758,77.49518585205078,126.31999969482422,22.302642822265625
2014-04-10,149.04783630371094,77.4899673461914,95.54480743408203,45.839046478271484,31.867467880249023,78.2143783569336,127.01000213623047,22.311098098754883
2014-04-11,147.70516967773438,76.5885009765625,94.22203826904297,45.563987731933594,31.867467880249023,78.84817504882812,126.93000030517578,22.20964813232422
2014-04-14,148.8688507080078,77.18949127197266,94.48661041259766,45.82530212402344,31.798898696899414,78.64164733886719,127.8499984741211,22.41254997253418
2014-04-15,149.89414978027344,77.4444351196289,94.85355377197266,45.63275146484375,31.318946838378906,79.13299560546875,125.48999786376953,22.429460525512695
2014-04-16,151.4647216796875,78.4733657836914,95.88617706298828,46.19663619995117,31.715099334716797,79.23265075683594,125.54000091552734,22.471731185913086
2014-04-17,151.6763153076172,78.49159240722656,96.36404418945312,46.43730926513672,32.004600524902344,78.36394500732422,124.75,22.522457122802734
2014-04-21,152.2052764892578,79.07438659667969,96.81633758544922,46.49919891357422,31.806503295898438,78.29981994628906,124.23999786376953,22.446367263793945
2014-04-22,152.89691162109375,79.70268249511719,97.81475830078125,46.691734313964844,31.72271156311035,78.56331634521484,123.77999877929688,22.437915802001953
2014-04-23,152.53887939453125,79.00154876708984,97.20036315917969,46.58171844482422,31.49416160583496,79.0119400024414,123.76000213623047,22.421005249023438
2014-04-24,152.8480682373047,79.75732421875,96.95289611816406,46.57483673095703,31.524639129638672,79.16146087646484,124.55999755859375,22.556276321411133
2014-04-25,151.59487915039062,78.48250579833984,95.24609375,46.347904205322266,31.098012924194336,79.27539825439453,125.43000030517578,22.46327781677246
2014-04-28,152.0750732421875,78.7374496459961,94.69139099121094,46.49232864379883,31.25037956237793,78.89088439941406,124.87999725341797,22.387187957763672
2014-04-29,152.7830047607422,79.36576080322266,94.93035125732422,46.794891357421875,31.547489166259766,78.78400421142578,124.86000061035156,22.446367263793945
2014-04-30,153.23867797851562,79.57520294189453,95.5618667602539,46.980552673339844,31.486541748046875,79.11155700683594,124.22000122070312,22.3280086517334
2014-05-01,153.25498962402344,79.81195068359375,95.52774047851562,47.11121368408203,31.524639129638672,79.96031188964844,123.80000305175781,22.15892219543457
2014-05-02,153.03526306152344,79.66627502441406,95.60456085205078,47.03556823730469,31.69985580444336,80.4529037475586,125.05999755859375,22.21809959411621
2014-05-05,153.3282012939453,80.0851058959961,95.48506927490234,47.00118637084961,31.524639129638672,79.96745300292969,126.22000122070312,22.167373657226562
2014-05-06,151.99365234375,79.04704284667969,93.9319076538086,46.91866683959961,31.669387817382812,80.28868103027344,125.9800033569336,22.184284210205078
2014-05-07,152.8887939453125,78.81941223144531,93.99163818359375,46.973663330078125,31.836994171142578,80.00313568115234,124.16999816894531,22.24346351623535
2014-05-08,152.72607421875,78.74652862548828,93.04435729980469,46.980552673339844,31.760799407958984,79.66050720214844,124.16999816894531,22.175825119018555
2014-05-09,152.953857421875,79.0379638671875,93.89777374267578,46.91178512573242,31.707475662231445,79.40357208251953,124.0999984741211,22.0659236907959
2014-05-12,154.44308471679688,80.34008026123047,96.0312271118164,47.22122573852539,32.24075698852539,79.08235168457031,124.94000244140625,22.116647720336914
2014-05-13,154.5814208984375,80.39469146728516,95.09249877929688,47.28998565673828,32.362648010253906,79.76763153076172,124.5999984741211,22.21809959411621
2014-05-14,153.84901428222656,79.97583770751953,93.5478744506836,47.20061492919922,32.5911979675293,80.63127899169922,125.80999755859375,22.319551467895508
2014-05-15,152.49822998046875,79.34754943847656,92.91638946533203,46.99430847167969,32.28646469116211,81.2737045288086,124.7699966430664,22.184284210205078
2014-05-16,153.0271453857422,79.86654663085938,93.50520324707031,47.09746170043945,32.71308898925781,81.0453109741211,124.5,22.20964813232422
2014-05-19,153.588623046875,80.4220199584961,94.51219940185547,47.00118637084961,32.71308898925781,80.44572448730469,124.58000183105469,22.192737579345703
2014-05-20,152.62026977539062,80.13065338134766,93.0699691772461,46.70549011230469,32.44645309448242,80.6241683959961,124.69000244140625,22.235008239746094
2014-05-21,153.90591430664062,80.8955307006836,93.5478744506836,47.069942474365234,32.69786071777344,80.13163757324219,124.38999938964844,22.277280807495117
2014-05-22,154.28028869628906,81.2506332397461,94.52071380615234,47.13184356689453,32.926414489746094,80.01741790771484,124.66999816894531,22.294191360473633
2014-05-23,154.89878845214844,81.8425064086914,95.55331420898438,47.255611419677734,32.86546325683594,80.44572448730469,124.51000213623047,22.34491539001465
2014-05-27,155.85084533691406,82.86237335205078,96.92726135253906,47.59256362915039,32.583587646484375,80.91682434082031,121.8499984741211,22.15892219543457
2014-05-28,155.73695373535156,82.6073989868164,96.42379760742188,47.43441390991211,32.77404022216797,81.9161148071289,121.19999694824219,22.167373657226562
2014-05-29,156.54254150390625,83.13554382324219,96.74807739257812,47.723228454589844,32.86546325683594,81.48076629638672,120.94000244140625,22.175825119018555
2014-05-30,156.79486083984375,83.14462280273438,96.31283569335938,47.7301025390625,32.41598129272461,81.44505310058594,120.43000030517578,22.00674057006836
2014-06-02,156.9738311767578,83.06270599365234,95.79228210449219,47.826385498046875,32.515018463134766,80.83956909179688,119.69999694824219,21.98137855529785
2014-06-03,156.89247131347656,83.0262680053711,95.5618667602539,47.709468841552734,32.69786071777344,79.84480285644531,120.01000213623047,21.964468002319336
2014-06-04,157.20986938476562,83.33585357666016,95.93736267089844,47.695709228515625,32.515018463134766,79.8233413696289,119.76000213623047,21.905288696289062
2014-06-05,158.23512268066406,84.03701782226562,97.95132446289062,48.02578353881836,32.85784912109375,79.85917663574219,120.66000366210938,21.93065071105957
2014-06-06,158.99197387695312,84.51961517333984,98.89007568359375,48.2870979309082,33.18543243408203,79.85917663574219,120.61000061035156,22.023649215698242
2014-06-09,159.1547088623047,84.45586395263672,99.76051330566406,48.23896026611328,33.30732727050781,79.74459838867188,120.6500015258789,22.116647720336914
2014-06-10,159.1709442138672,84.6015625,99.56424713134766,48.13581848144531,33.48255157470703,79.45124816894531,121.38999938964844,22.057466506958008
2014-06-11,158.61761474609375,84.58335876464844,99.07781982421875,47.89513397216797,33.368263244628906,79.59441375732422,121.41000366210938,21.998287200927734
2014-06-12,157.49464416503906,83.81846618652344,98.47189331054688,47.90888214111328,33.20828628540039,80.30286407470703,122.63999938964844,22.311098098754883
2014-06-13,157.97479248046875,84.06434631347656,98.64258575439453,47.94327163696289,33.22352600097656,80.25991821289062,122.95999908447266,22.311098098754883
2014-06-16,158.10499572753906,84.13716888427734,99.12046813964844,47.95701599121094,33.071163177490234,80.46033477783203,122.41999816894531,22.378734588623047
2014-06-17,158.54440307617188,84.18268585205078,99.82025146484375,47.922637939453125,33.078773498535156,79.8233413696289,122.27999877929688,22.404096603393555
2014-06-18,159.70806884765625,84.65618896484375,100.49442291259766,48.33523941040039,33.444461822509766,80.4388198852539,122.66999816894531,22.497095108032227
2014-06-19,159.88706970214844,84.6015625,100.57976531982422,48.59653854370117,33.25399398803711,79.40833282470703,126.94000244140625,22.716909408569336
2014-06-20,160.2117156982422,84.70108032226562,100.91255187988281,48.514015197753906,33.18543243408203,80.00945281982422,126.5,22.759180068969727
2014-06-23,160.1626434326172,84.71935272216797,100.7162857055664,48.38337326049805,33.116859436035156,79.75895690917969,126.8499984741211,22.674636840820312
2014-06-24,159.19784545898438,84.63716888427734,99.64107513427734,48.08079147338867,33.10163879394531,80.56766510009766,126.9800033569336,22.708454132080078
2014-06-25,159.91732788085938,85.17586517333984,100.48589324951172,48.06388854980469,33.1714973449707,80.77519226074219,126.98999786376953,22.742271423339844
2014-06-26,159.8029022216797,85.22151184082031,100.31522369384766,48.09911346435547,33.20988845825195,81.16161346435547,126.7300033569336,22.649274826049805
2014-06-27,160.1136016845703,85.59584045410156,100.9893798828125,48.127288818359375,33.286678314208984,81.04000091552734,126.66000366210938,22.60700225830078
2014-06-30,160.03187561035156,85.741943359375,101.39045715332031,48.16957473754883,33.19453430175781,81.2403564453125,128.0399932861328,22.471731185913086
2014-07-01,161.1028594970703,86.6823501586914,102.42304992675781,48.59230422973633,33.50935363769531,80.56017303466797,127.69999694824219,22.404096603393555
2014-07-02,161.26651000976562,86.82840728759766,102.02816009521484,48.669803619384766,33.709007263183594,79.69916534423828,127.69999694824219,22.361825942993164
2014-07-03,162.05958557128906,87.37625122070312,102.6449203491211,48.76844024658203,33.90864944458008,79.41216278076172,127.16000366210938,22.319551467895508
2014-07-07,161.49542236328125,87.11144256591797,100.88877868652344,48.38798522949219,33.885623931884766,79.99335479736328,127.0199966430664,22.142011642456055
2014-07-08,160.45703125,86.06149291992188,99.66374969482422,47.880706787109375,33.73204040527344,80.89022827148438,127.06999969482422,22.08283233642578
2014-07-09,161.17652893066406,86.7005844116211,99.79225158691406,48.035709381103516,33.92401123046875,80.95479583740234,127.83999633789062,21.93065071105957
2014-07-10,160.5387725830078,86.42671203613281,98.7300033569336,47.50729751586914,33.73971939086914,80.97633361816406,128.5399932861328,21.964468002319336
2014-07-11,160.75955200195312,86.9836196899414,98.6015396118164,47.53548812866211,33.70132064819336,81.4929428100586,128.77999877929688,21.770017623901367
2014-07-14,161.56903076171875,87.50407409667969,99.10693359375,47.887752532958984,33.962398529052734,81.14134979248047,125.72000122070312,21.854562759399414
2014-07-15,161.26651000976562,87.20279693603516,98.1303482055664,47.767974853515625,33.93937301635742,80.97633361816406,124.52999877929688,21.651657104492188
2014-07-16,161.86337280273438,87.54971313476562,97.86477661132812,48.06388854980469,34.02381896972656,81.40682220458984,124.97000122070312,21.685474395751953
2014-07-17,160.0236358642578,86.39017486572266,96.35707092285156,47.45094299316406,33.38650131225586,82.43285369873047,127.08999633789062,21.7362003326416
2014-07-18,161.65899658203125,87.75971221923828,97.85621643066406,47.8243408203125,33.90864944458008,82.16737365722656,126.12999725341797,21.592477798461914
2014-07-21,161.3564453125,87.65016174316406,97.46212768554688,47.64820861816406,34.02381896972656,82.57632446289062,126.33999633789062,21.69392967224121
2014-07-22,162.05958557128906,88.20706939697266,98.2845458984375,47.85957717895508,34.338645935058594,82.74848175048828,125.73999786376953,21.600929260253906
2014-07-23,162.41941833496094,88.77314758300781,98.40445709228516,47.958213806152344,34.36936569213867,82.64089965820312,125.62000274658203,21.660112380981445
2014-07-24,162.42758178710938,88.67273712158203,98.20744323730469,48.07093811035156,34.5229377746582,82.02381896972656,124.3499984741211,21.634748458862305
2014-07-25,161.66717529296875,88.32577514648438,97.31651306152344,47.8736572265625,34.384727478027344,82.99244689941406,125.79000091552734,21.71929168701172
2014-07-28,161.7325439453125,88.3531723022461,96.82820892333984,47.880706787109375,34.62274932861328,82.877685546875,125.58000183105469,21.677021026611328
2014-07-29,161.03750610351562,88.1979751586914,97.09378051757812,47.782073974609375,34.415435791015625,83.17900085449219,125.19999694824219,21.609384536743164
2014-07-30,161.06207275390625,88.54491424560547,97.4792709350586,47.711612701416016,34.24650192260742,82.02381896972656,124.83000183105469,21.516389846801758
2014-07-31,157.88143920898438,86.75537872314453,95.25196075439453,46.91549301147461,33.647579193115234,81.77996063232422,123.38999938964844,21.406478881835938
2014-08-01,157.39894104003906,86.43582916259766,94.81507873535156,46.59139633178711,33.83185958862305,82.41295623779297,124.37999725341797,21.237394332885742
2014-08-04,158.5355224609375,87.02928161621094,95.65460968017578,46.80980682373047,34.14668273925781,82.19715881347656,123.98999786376953,21.398025512695312
2014-08-05,156.998291015625,86.36280822753906,95.41472625732422,46.21094512939453,33.624542236328125,82.46334838867188,123.87000274658203,21.296573638916016
2014-08-06,157.0474395751953,86.29885864257812,95.71459197998047,46.09820556640625,33.39418029785156,82.5136489868164,125.66999816894531,21.43184471130371
2014-08-07,156.19699096679688,86.02494812011719,95.25196075439453,45.72480392456055,33.263641357421875,83.28347778320312,126.18000030517578,21.474111557006836
2014-08-08,158.00404357910156,86.64583587646484,96.1771240234375,45.99253463745117,33.5631103515625,83.10358428955078,126.19000244140625,21.372663497924805
2014-08-11,158.46188354492188,87.15715026855469,97.09378051757812,46.168670654296875,33.99311828613281,83.09638214111328,125.95999908447266,21.406478881835938
2014-08-12,158.2411651611328,87.1205825805664,96.42557525634766,46.133460998535156,34.031497955322266,82.55684661865234,125.98999786376953,21.271211624145508
2014-08-13,159.3123016357422,88.04275512695312,97.17945861816406,46.39411544799805,34.215797424316406,83.09638214111328,126.19999694824219,21.254301071166992
2014-08-14,160.06454467773438,88.49922943115234,97.3250961303711,46.640716552734375,34.2695426940918,83.76544952392578,126.30999755859375,21.000667572021484
2014-08-15,160.03187561035156,88.92839813232422,97.1366195678711,46.59139633178711,34.17739486694336,84.67903137207031,125.4800033569336,21.085214614868164
2014-08-18,161.37278747558594,89.61312866210938,98.55010223388672,46.89434814453125,34.50757598876953,83.83736419677734,124.95999908447266,20.907670974731445
2014-08-19,162.2149658203125,90.11530303955078,98.89279174804688,47.007080078125,34.6688346862793,83.57833862304688,124.68000030517578,20.94994354248047
2014-08-20,162.64828491210938,90.11530303955078,98.4729995727539,46.859130859375,34.599727630615234,83.44165802001953,124.22000122070312,21.009124755859375
2014-08-21,163.12257385253906,90.29789733886719,98.68718719482422,47.056400299072266,34.453826904296875,83.90926361083984,122.87999725341797,21.059852600097656
2014-08-22,162.8690948486328,90.43486785888672,98.69570922851562,46.83094787597656,34.36167526245117,84.37691497802734,123.19000244140625,21.026033401489258
2014-08-25,163.69496154785156,90.7544174194336,99.15834045410156,47.13389205932617,34.615074157714844,84.69343566894531,122.73999786376953,21.059852600097656
2014-08-26,163.80117797851562,90.8457260131836,100.0578384399414,47.14094161987305,34.8223991394043,84.42009735107422,123.3499984741211,21.06830406188965
2014-08-27,163.7357940673828,90.86396026611328,99.80937957763672,47.23252868652344,34.99900817871094,85.13946533203125,123.31999969482422,21.102121353149414
2014-08-28,163.64585876464844,90.76355743408203,99.29541778564453,47.021175384521484,34.65347671508789,85.58551025390625,124.0,21.119029998779297
2014-08-29,164.11195373535156,91.10137176513672,99.85224151611328,47.000038146972656,34.599727630615234,85.64302062988281,123.86000061035156,21.161304473876953
2014-09-02,164.03016662597656,91.36613464355469,100.40047454833984,47.09162521362305,34.54597473144531,84.16561889648438,121.6500015258789,20.856945037841797
2014-09-03,163.94020080566406,90.82746124267578,99.76655578613281,47.422752380371094,34.99900817871094,84.63426971435547,122.1500015258789,20.941490173339844
2014-09-04,163.70310974121094,90.74530792236328,99.3810806274414,47.19729995727539,34.90686798095703,83.603271484375,121.4800033569336,20.856945037841797
2014-09-05,164.43898010253906,91.20181274414062,99.697998046875,47.204349517822266,35.206329345703125,83.44459533691406,122.05999755859375,20.82312774658203
2014-09-08,164.01382446289062,91.37528228759766,99.85224151611328,46.704124450683594,34.791690826416016,83.48067474365234,120.7300033569336,20.7216739654541
2014-09-09,162.97535705566406,90.6174545288086,98.67002868652344,46.57026290893555,34.36167526245117,83.4157485961914,120.87000274658203,20.55258560180664
2014-09-10,163.58863830566406,91.36613464355469,99.25254821777344,46.837982177734375,34.215797424316406,82.88941955566406,120.26000213623047,20.408864974975586
2014-09-11,163.7767333984375,91.29310607910156,99.89505004882812,46.577308654785156,33.98543167114258,82.61542510986328,119.47000122070312,20.307411193847656
2014-09-12,162.8200225830078,90.82746124267578,98.83281707763672,46.51390075683594,33.624542236328125,81.75021362304688,118.37999725341797,20.146778106689453
2014-09-15,162.69737243652344,89.95096588134766,97.75341796875,46.41526412963867,33.45560836791992,81.87277221679688,118.63999938964844,20.172142028808594
2014-09-16,163.92388916015625,90.73614501953125,98.02751922607422,46.612545013427734,33.893287658691406,81.54109191894531,118.83000183105469,20.358139038085938
2014-09-17,164.1446533203125,90.87313079833984,98.2845458984375,46.281402587890625,33.578468322753906,81.33199310302734,117.54000091552734,20.27359390258789
2014-09-18,165.01953125,91.55787658691406,98.88420867919922,46.640716552734375,33.624542236328125,81.59159088134766,117.77999877929688,20.079145431518555
2014-09-19,164.87086486816406,91.50114440917969,97.63347625732422,46.47867202758789,33.37114715576172,82.62984466552734,117.08999633789062,20.019960403442383
2014-09-22,163.59754943847656,90.6500015258789,96.26280975341797,46.27434158325195,32.86436080932617,82.73079681396484,116.8499984741211,19.850872039794922
2014-09-23,162.66107177734375,90.40289306640625,95.36333465576172,45.8868522644043,32.68008041381836,83.24270629882812,117.5999984741211,19.850872039794922
2014-09-24,163.93435668945312,91.37301635742188,96.22660827636719,46.119361877441406,33.14845657348633,82.78126525878906,117.05000305175781,19.9354190826416
2014-09-25,161.28919982910156,89.45109558105469,94.60311889648438,45.442996978759766,32.42667770385742,83.76188659667969,117.38999938964844,19.89314842224121
2014-09-26,162.57070922851562,90.40289306640625,95.45352172851562,45.633216857910156,32.57257080078125,83.63928985595703,117.05999755859375,19.859329223632812
2014-09-29,162.27499389648438,90.28394317626953,95.376220703125,45.21049880981445,31.91221046447754,84.30986022949219,117.02999877929688,19.977689743041992
2014-09-30,161.84776306152344,90.41204833984375,93.93305206298828,45.17527389526367,31.91221046447754,83.83392333984375,116.20999908447266,19.631061553955078
2014-10-01,159.65444946289062,88.96604919433594,92.60160064697266,44.639827728271484,31.259538650512695,85.4595718383789,116.7699966430664,19.563425064086914
2014-10-02,159.67913818359375,88.96604919433594,93.48637390136719,44.16072463989258,31.428464889526367,84.71508026123047,116.73999786376953,19.487335205078125
2014-10-03,161.4370880126953,89.8446273803711,94.1907958984375,44.16072463989258,31.69722557067871,85.07647705078125,114.61000061035156,19.301342010498047
2014-10-06,161.24813842773438,89.6524429321289,93.38331604003906,44.442543029785156,32.11186218261719,85.12711334228516,116.02999877929688,19.54651641845703
2014-10-07,158.7591094970703,88.38033294677734,91.8456802368164,43.688690185546875,31.82774543762207,86.27632904052734,116.36000061035156,19.470428466796875
2014-10-08,161.53562927246094,90.10089111328125,93.60665130615234,44.37913513183594,32.30381774902344,86.29804992675781,117.47000122070312,19.394338607788086
2014-10-09,158.33187866210938,88.64570617675781,91.08116912841797,43.18846130371094,31.797033309936523,85.92220306396484,117.63999938964844,19.16607093811035
2014-10-10,156.52459716796875,86.43096160888672,89.97301483154297,42.540279388427734,31.10596466064453,86.77516174316406,117.58999633789062,19.098434448242188
2014-10-13,153.953369140625,85.07644653320312,89.61224365234375,42.483917236328125,31.42078971862793,87.3028335571289,118.5199966430664,19.098434448242188
2014-10-14,154.19163513183594,85.08562469482422,90.66022491455078,42.589599609375,31.605066299438477,87.87384033203125,118.58999633789062,18.81098747253418
2014-10-15,153.14840698242188,84.5365219116211,91.57078552246094,42.335960388183594,31.205768585205078,88.5677490234375,118.98999786376953,18.574262619018555
2014-10-16,153.01690673828125,84.00572967529297,92.60160064697266,41.94141387939453,30.92167091369629,88.00394439697266,119.22000122070312,18.7602596282959
2014-10-17,154.82418823242188,85.11309814453125,92.32672119140625,42.723453521728516,31.267208099365234,87.512451171875,118.98999786376953,18.827898025512695
2014-10-20,156.32752990722656,86.38520050048828,93.4090576171875,42.99119567871094,31.359357833862305,87.8304443359375,119.80000305175781,18.692625045776367
2014-10-21,159.4244384765625,88.65486907958984,94.94671630859375,43.50550079345703,31.48989486694336,87.12932586669922,120.0199966430664,18.844804763793945
2014-10-22,158.29080200195312,88.19728088378906,93.58946990966797,43.18846130371094,31.282567977905273,87.22327423095703,119.33999633789062,18.633445739746094
2014-10-23,160.13092041015625,89.52434539794922,95.24736785888672,43.60413360595703,31.274883270263672,86.44983673095703,118.5199966430664,18.85325813293457
2014-10-24,161.3631134033203,90.2564926147461,95.41058349609375,43.84368896484375,31.497570037841797,86.53662872314453,118.3499984741211,18.734895706176758
2014-10-27,161.1413116455078,90.32054138183594,95.35903930664062,43.59709930419922,31.251850128173828,86.69563293457031,118.05999755859375,18.68416976928711
2014-10-28,162.98965454101562,91.6841812133789,98.07353973388672,44.259361267089844,31.881498336791992,86.15349578857422,118.0999984741211,18.83635139465332
2014-10-29,162.7432098388672,91.34555053710938,97.84159088134766,43.92118453979492,31.92757225036621,86.34864044189453,116.41000366210938,19.05616569519043
2014-10-30,163.78652954101562,91.53772735595703,98.6748046875,44.23822784423828,32.2270393371582,86.42093658447266,115.19000244140625,18.895530700683594
2014-10-31,165.65948486328125,92.80068969726562,100.1265640258789,45.055503845214844,32.36524963378906,86.1968994140625,112.66000366210938,18.87016487121582
2014-11-03,165.74981689453125,93.07526397705078,99.95475769042969,44.66799545288086,32.096500396728516,86.19690704345703,112.1500015258789,18.701080322265625
2014-11-04,165.17483520507812,92.76409149169922,99.49089813232422,44.41435623168945,32.12721252441406,86.4649887084961,112.22000122070312,18.430540084838867
2014-11-05,166.2180633544922,92.77327728271484,99.67127990722656,44.498905181884766,31.84310531616211,86.341796875,109.79000091552734,18.481266021728516
2014-11-06,166.88345336914062,93.06611633300781,100.10079193115234,44.259361267089844,31.45149803161621,85.78388977050781,109.87999725341797,18.498172760009766
2014-11-07,167.03956604003906,92.98377227783203,100.25540924072266,44.28050231933594,31.65114402770996,86.76927185058594,112.97000122070312,18.582719802856445
2014-11-10,167.56533813476562,93.3132095336914,100.7536392211914,44.47776412963867,31.73560905456543,85.97225189208984,110.45999908447266,18.40517807006836
2014-11-11,167.7296142578125,93.60607147216797,100.8223648071289,44.74549865722656,31.704896926879883,86.03024291992188,112.04000091552734,18.498172760009766
2014-11-12,167.5488739013672,93.77082061767578,101.27763366699219,44.36503982543945,31.643457412719727,85.9577407836914,111.5,18.438995361328125
2014-11-13,167.73785400390625,94.17352294921875,100.41862487792969,44.57640838623047,31.559005737304688,86.1606674194336,111.66999816894531,18.100818634033203
2014-11-14,167.77890014648438,94.46635437011719,100.23823547363281,44.639827728271484,31.820066452026367,86.58091735839844,114.47000122070312,18.295269012451172
2014-11-17,167.88568115234375,94.18267822265625,99.40499114990234,44.463680267333984,31.482210159301758,86.363525390625,114.05000305175781,18.21917724609375
2014-11-18,168.8550262451172,94.88737487792969,99.98049926757812,44.9498176574707,31.65114402770996,86.60264587402344,115.05000305175781,18.126184463500977
2014-11-19,168.58395385742188,94.45722198486328,98.91536712646484,44.815948486328125,31.635787963867188,86.05197143554688,113.68000030517578,18.03318214416504
2014-11-20,168.87965393066406,94.8781967163086,100.02349853515625,44.54822540283203,31.582029342651367,86.50121307373047,114.86000061035156,18.18536376953125
2014-11-21,169.78326416015625,95.06124877929688,100.14374542236328,44.93572235107422,32.58793258666992,87.02288055419922,115.38999938964844,18.37981414794922
2014-11-24,170.2596893310547,95.80254364013672,101.3377914428711,45.1964111328125,32.31917953491211,87.09534454345703,115.11000061035156,18.21917724609375
2014-11-25,170.13650512695312,95.94896697998047,101.41506958007812,45.273902893066406,32.11186218261719,87.81996154785156,115.37999725341797,18.1346378326416
2014-11-26,170.57192993164062,96.57129669189453,101.75013732910156,45.450035095214844,32.518821716308594,88.0590591430664,115.16000366210938,18.092365264892578
2014-11-28,170.21047973632812,97.01978302001953,100.23823547363281,45.083683013916016,31.866151809692383,88.75463104248047,112.11000061035156,17.263835906982422
2014-12-01,169.0275115966797,95.92154693603516,98.6748046875,45.041404724121094,31.320964813232422,88.23686218261719,116.58000183105469,17.618921279907227
2014-12-02,170.1200714111328,96.30590057373047,99.86023712158203,45.168216705322266,31.31327247619629,87.37986755371094,115.13999938964844,17.24692726135254
2014-12-03,170.7772674560547,96.47979736328125,100.8223648071289,45.111854553222656,31.397754669189453,87.72120666503906,116.33000183105469,17.145475387573242
2014-12-04,170.58840942382812,96.43402862548828,100.34129333496094,44.96390914916992,31.45149803161621,88.4547348022461,115.87999725341797,17.09474754333496
2014-12-05,170.86761474609375,96.44317626953125,101.09725952148438,45.06253433227539,31.390073776245117,87.93913269042969,114.43000030517578,17.052474975585938
2014-12-08,169.72576904296875,95.75678253173828,99.83448028564453,44.66799545288086,30.929351806640625,89.01392364501953,115.77999877929688,16.756574630737305
2014-12-09,169.61077880859375,96.05879974365234,101.50957489013672,44.42844772338867,30.6375732421875,89.471435546875,118.19000244140625,16.874935150146484
2014-12-10,166.89169311523438,94.54873657226562,99.35344696044922,43.86481475830078,30.184532165527344,90.12504577636719,117.95999908447266,16.612850189208984
2014-12-11,167.73785400390625,94.9971694946289,99.74861145019531,43.8084602355957,29.9311466217041,90.49545288085938,117.69000244140625,16.460668563842773
2014-12-12,165.02694702148438,93.96302032470703,98.53738403320312,42.963008880615234,29.4397029876709,91.72274017333984,117.41000366210938,16.325397491455078
2014-12-15,163.893310546875,92.9928970336914,97.54093933105469,42.251426696777344,29.017385482788086,91.53394317626953,114.38999938964844,16.063312530517578
2014-12-16,162.5789031982422,91.50114440917969,97.40347290039062,42.55436325073242,28.9713134765625,92.6668930053711,114.94999694824219,15.970315933227539
2014-12-17,165.7662811279297,93.16680145263672,100.41004943847656,43.06304168701172,29.637271881103516,91.83171844482422,114.2699966430664,16.063312530517578
2014-12-18,169.86546325683594,95.4090347290039,101.90471649169922,43.831390380859375,30.04231071472168,90.19768524169922,115.1500015258789,16.012588500976562
2014-12-19,170.58827209472656,95.82879638671875,102.13666534423828,43.89542770385742,30.252614974975586,91.41049194335938,114.7699966430664,16.249309539794922
2014-12-22,171.37290954589844,96.06766510009766,102.83245849609375,44.10885238647461,30.673221588134766,91.53394317626953,112.55000305175781,15.953408241271973
2014-12-23,171.6041717529297,95.7277603149414,102.96131134033203,43.96656036376953,30.392807006835938,89.71835327148438,112.73999786376953,16.11404037475586
2014-12-24,171.62075805664062,95.81046295166016,103.25879669189453,44.165767669677734,30.462921142578125,90.20674896240234,112.7699966430664,15.902680397033691
2014-12-26,172.1741180419922,96.4902114868164,103.93128967285156,44.27960205078125,30.70438003540039,90.54149627685547,114.83000183105469,15.885773658752441
2014-12-29,172.40541076660156,96.47185516357422,104.37101745605469,43.959449768066406,30.51743507385254,91.21829223632812,113.66999816894531,15.733592987060547
2014-12-30,171.4803009033203,95.82879638671875,103.75885009765625,43.553932189941406,30.579748153686523,91.46575927734375,115.19999694824219,15.71668529510498
2014-12-31,169.77874755859375,94.84591674804688,103.13807678222656,43.283592224121094,30.603113174438477,91.64041900634766,113.58000183105469,15.598322868347168
2015-01-02,169.68783569335938,94.56114196777344,102.5431137084961,43.09861755371094,30.19809341430664,92.65928649902344,114.08000183105469,15.412327766418457
2015-01-05,166.62335205078125,93.1740493774414,101.17219543457031,42.081268310546875,29.660646438598633,94.11483764648438,115.80000305175781,15.192512512207031
2015-01-06,165.05389404296875,91.92472839355469,99.42190551757812,41.60459899902344,29.536022186279297,95.8105239868164,117.12000274658203,15.048789978027344
2015-01-07,167.11068725585938,93.10975646972656,100.64624786376953,42.06703567504883,30.17472267150879,95.62127685546875,116.43000030517578,14.955790519714355
2015-01-08,170.07608032226562,94.89185333251953,102.35344696044922,42.63618850708008,30.68879508972168,94.3550033569336,115.94000244140625,15.014972686767578
2015-01-09,168.71316528320312,94.2671890258789,101.37053680419922,42.42987060546875,30.587541580200195,95.38838195800781,117.26000213623047,14.989607810974121
2015-01-12,167.39157104492188,93.2842788696289,101.03424835205078,42.33026885986328,30.338287353515625,95.9342269897461,118.55999755859375,14.65988826751709
2015-01-13,166.9207000732422,93.2567367553711,101.11186981201172,42.54369354248047,30.603113174438477,95.9342269897461,118.16000366210938,14.600707054138184
2015-01-14,165.9129638671875,92.74230194091797,100.70661926269531,42.422760009765625,30.4317569732666,96.66200256347656,117.97000122070312,14.761340141296387
2015-01-15,164.3931121826172,91.53892517089844,99.0080337524414,42.69309616088867,30.50185775756836,98.18301391601562,120.94000244140625,14.55843448638916
2015-01-16,166.5489959716797,92.61370849609375,100.6203842163086,43.24802780151367,30.758892059326172,96.9312515258789,122.5199966430664,14.837428092956543
2015-01-20,166.90420532226562,93.34858703613281,100.1978988647461,43.39741134643555,30.7121639251709,98.21942901611328,124.19999694824219,14.634523391723633
2015-01-21,167.7467803955078,93.8262710571289,99.87886047363281,43.73891067504883,31.389799118041992,97.08406829833984,124.2300033569336,14.727520942687988
2015-01-22,170.2412567138672,95.56242370605469,101.91372680664062,43.90252685546875,31.98956871032715,96.7347412109375,125.2300033569336,14.710615158081055
2015-01-23,169.307861328125,95.773681640625,101.8447265625,43.653533935546875,31.748104095458984,98.08116912841797,124.2300033569336,14.6176176071167
2015-01-26,169.70436096191406,95.6634750366211,102.8276596069336,44.25114059448242,31.76368522644043,97.78273010253906,122.98999786376953,14.566889762878418
2015-01-27,167.46588134765625,93.18323516845703,102.33617401123047,44.3151741027832,31.592323303222656,97.93560028076172,124.4000015258789,14.642979621887207
2015-01-28,165.31820678710938,92.70555877685547,100.61176300048828,43.653533935546875,31.249614715576172,99.53668975830078,123.41999816894531,14.431619644165039
2015-01-29,166.84637451171875,93.59660339355469,101.99991607666016,44.25114059448242,31.249614715576172,98.88170623779297,120.76000213623047,14.363984107971191
2015-01-30,164.74832153320312,92.87092590332031,99.75817108154297,43.553932189941406,30.392807006835938,100.63560485839844,123.44999694824219,14.710615158081055
2015-02-02,166.78855895996094,93.6792984008789,100.67212677001953,44.08039855957031,30.93804359436035,100.25569915771484,122.41999816894531,14.913517951965332
2015-02-03,169.2004852294922,94.57952117919922,102.47413635253906,44.78470230102539,31.52222442626953,98.13359069824219,121.05000305175781,15.327783584594727
2015-02-04,168.55621337890625,94.4968490600586,102.09476470947266,44.41477584838867,31.36644744873047,98.30136108398438,121.58000183105469,14.989607810974121
2015-02-05,170.2578125,95.31438446044922,103.41397094726562,45.02659606933594,31.55337905883789,97.22203826904297,121.79000091552734,15.192512512207031
2015-02-06,169.78700256347656,94.73567199707031,103.3018798828125,44.46456527709961,31.01593780517578,95.50103759765625,118.63999938964844,15.234785079956055
2015-02-09,169.02706909179688,94.43254089355469,102.48280334472656,44.25114059448242,30.969205856323242,95.34793090820312,119.16999816894531,15.38696575164795
2015-02-10,170.8277587890625,95.90233612060547,103.13807678222656,44.65665054321289,30.891315460205078,94.5895004272461,118.47000122070312,15.192512512207031
2015-02-11,170.92691040039062,96.25135803222656,102.9914779663086,44.41477584838867,30.66542625427246,94.76451110839844,117.06999969482422,15.074152946472168
2015-02-12,172.5706329345703,97.37207794189453,104.16411590576172,45.104854583740234,31.31970977783203,94.45094299316406,117.33999633789062,15.302422523498535
2015-02-13,173.2809600830078,98.20801544189453,104.78487396240234,45.403663635253906,31.67800521850586,93.48107147216797,117.9800033569336,15.47150993347168
2015-02-17,173.5535888671875,98.29986572265625,105.11251831054688,45.5103759765625,31.607913970947266,92.07365417480469,116.01000213623047,15.479962348937988
2015-02-18,173.5701141357422,98.43767547607422,105.224609375,45.78071594238281,31.600126266479492,92.62054443359375,116.33999633789062,15.293968200683594
2015-02-19,173.4462127685547,98.92454528808594,105.23324584960938,45.837642669677734,31.46770477294922,92.00800323486328,115.94000244140625,15.243242263793945
2015-02-20,174.48695373535156,99.5859375,105.51774597167969,46.26449203491211,31.67800521850586,92.27779388427734,115.27999877929688,15.184057235717773
2015-02-23,174.46224975585938,99.68695068359375,105.6212158203125,46.10086441040039,31.3586483001709,93.3352279663086,115.43000030517578,15.08260726928711
2015-02-24,174.95782470703125,99.76045989990234,105.75918579101562,46.38543701171875,31.81041145324707,94.56031036376953,115.26000213623047,15.091059684753418
2015-02-25,174.8091278076172,99.51244354248047,105.87989807128906,46.420997619628906,31.748104095458984,94.96868133544922,115.69999694824219,15.319329261779785
2015-02-26,174.60264587402344,100.01766204833984,106.26789093017578,46.29295349121094,31.755889892578125,93.67066192626953,116.06999969482422,15.192512512207031
2015-02-27,174.00787353515625,99.57674407958984,105.69022369384766,46.31428909301758,31.732534408569336,94.45819854736328,116.16000366210938,15.361602783203125
2015-03-02,175.1065216064453,100.47695922851562,106.45758819580078,46.38543701171875,31.685787200927734,92.69880676269531,115.68000030517578,15.1417875289917
2015-03-03,174.38783264160156,100.00847625732422,105.82818603515625,46.10086441040039,31.4443302154541,92.36273193359375,115.47000122070312,15.234785079956055
2015-03-04,173.65267944335938,99.6226577758789,105.50052642822266,45.9158821105957,31.101621627807617,92.39189910888672,115.11000061035156,15.099517822265625
2015-03-05,173.84266662597656,99.79718780517578,105.8109130859375,46.02260971069336,31.054882049560547,92.27503204345703,115.0,15.04033374786377
2015-03-06,171.39772033691406,98.66732025146484,104.47447967529297,45.396549224853516,30.579748153686523,90.23648071289062,111.86000061035156,14.854339599609375
2015-03-09,172.10809326171875,98.95207977294922,104.93145751953125,45.467689514160156,30.462921142578125,91.06946563720703,111.97000122070312,14.812065124511719
2015-03-10,169.3161163330078,97.11487579345703,103.72437286376953,44.478797912597656,29.785268783569336,92.26773834228516,111.41999816894531,14.6176176071167
2015-03-11,168.91966247558594,96.55451202392578,104.36241149902344,44.592620849609375,30.011152267456055,92.9399185180664,110.75,14.693705558776855
2015-03-12,171.06723022460938,97.18833923339844,106.09544372558594,45.14754104614258,30.19809341430664,92.8741683959961,110.72000122070312,14.626070976257324
2015-03-13,170.01832580566406,96.76580810546875,105.71609497070312,44.88431167602539,29.83201026916504,92.5892105102539,110.87999725341797,14.330167770385742
2015-03-16,172.289794921875,98.01510620117188,106.33688354492188,45.389427185058594,30.1903076171875,93.48060607910156,110.80999755859375,14.313258171081543
2015-03-17,171.77769470214844,98.1712875366211,106.62141418457031,45.275596618652344,30.540807723999023,94.25511932373047,110.20999908447266,14.21180534362793
2015-03-18,173.84266662597656,99.13578033447266,107.4749755859375,46.24315643310547,31.288545608520508,96.07443237304688,112.37000274658203,14.600707054138184
2015-03-19,173.0497283935547,99.28276824951172,107.68191528320312,45.70246505737305,30.758892059326172,95.58494567871094,112.29000091552734,14.35552978515625
2015-03-20,174.57717895507812,99.9254379272461,108.6303482055664,46.71269226074219,31.218454360961914,96.08907318115234,113.56999969482422,14.549980163574219
2015-03-23,174.237060546875,99.73207092285156,108.5355224609375,46.94746780395508,31.31192398071289,95.97216033935547,114.29000091552734,14.71906852722168
2015-03-24,173.25796508789062,99.37300872802734,108.50965118408203,46.84786605834961,31.43655014038086,96.90008544921875,114.56999969482422,14.600707054138184
2015-03-25,170.71908569335938,97.09883880615234,105.91770935058594,46.62732696533203,30.93804359436035,96.08171844482422,114.7300033569336,14.642979621887207
2015-03-26,170.31256103515625,96.76739501953125,105.78797912597656,46.22180938720703,30.64984130859375,94.58390808105469,115.4800033569336,14.820524215698242
2015-03-27,170.7024688720703,97.15408325195312,106.46253967285156,46.34275436401367,30.735530853271484,95.76025390625,115.05999755859375,14.524619102478027
2015-03-30,172.78509521484375,98.26813507080078,107.9068374633789,46.37120819091797,31.32749366760254,95.28532409667969,113.75,14.600707054138184
2015-03-31,171.27500915527344,97.22775268554688,107.5609130859375,45.65265655517578,31.257394790649414,95.48993682861328,113.66000366210938,14.431619644165039
2015-04-01,170.66925048828125,96.72134399414062,107.60415649414062,45.97991943359375,31.646852493286133,96.74420928955078,115.5999984741211,14.693705558776855
2015-04-02,171.2832794189453,96.78578186035156,107.80306243896484,46.37832260131836,32.12197494506836,95.7191162109375,115.27999877929688,14.6176176071167
2015-04-06,172.4365692138672,97.57760620117188,108.27873992919922,46.84786605834961,32.53479766845703,95.18460845947266,116.69000244140625,14.80361270904541
2015-04-07,171.98023986816406,97.41185760498047,107.58686065673828,46.783843994140625,32.371219635009766,95.98268127441406,116.11000061035156,14.8797025680542
2015-04-08,172.56101989746094,98.18529510498047,108.51227569580078,46.98303985595703,33.048885345458984,96.01197814941406,115.47000122070312,14.592254638671875
2015-04-09,173.32437133789062,98.80216217041016,108.1230239868164,47.047061920166016,33.376014709472656,94.76724243164062,114.66999816894531,14.592254638671875
2015-04-10,174.27027893066406,99.20729064941406,108.6419677734375,47.13956069946289,33.39937973022461,94.90631866455078,115.97000122070312,14.74443244934082
2015-04-13,173.48194885253906,98.95868682861328,108.7111587524414,46.84075927734375,33.20465850830078,95.03816986083984,115.13999938964844,14.676797866821289
2015-04-14,173.8138885498047,98.67326354980469,108.68521881103516,47.18935775756836,33.352657318115234,95.71176147460938,114.44000244140625,14.74443244934082
2015-04-15,174.5938262939453,99.2901611328125,109.4462890625,47.40278244018555,33.58632278442383,95.6312484741211,115.43000030517578,15.04033374786377
2015-04-16,174.54400634765625,99.15206146240234,109.3857192993164,47.53084945678711,33.85114288330078,95.15531921386719,115.02999877929688,15.200966835021973
2015-04-17,172.5361328125,97.6052474975586,107.61280059814453,46.9332389831543,33.25917434692383,96.24626159667969,115.5999984741211,15.167150497436523
2015-04-20,174.11253356933594,99.06916809082031,108.66790771484375,46.98303985595703,33.228023529052734,95.39685821533203,114.72000122070312,15.099517822265625
2015-04-21,173.90518188476562,99.4926986694336,108.55548858642578,47.40278244018555,33.42274475097656,94.96492767333984,115.37999725341797,14.989607810974121
2015-04-22,174.75975036621094,100.03592681884766,108.71981811523438,47.49528121948242,33.78104782104492,93.51521301269531,113.83000183105469,15.04033374786377
2015-04-23,175.19947814941406,100.41341400146484,109.21278381347656,47.67312240600586,34.03030014038086,93.91790008544922,114.66000366210938,15.226332664489746
2015-04-24,175.60604858398438,101.77606964111328,108.84952545166016,47.95058822631836,34.1549186706543,94.50363159179688,113.05000305175781,15.217876434326172
2015-04-27,174.87582397460938,101.51829528808594,107.64739990234375,48.18536376953125,34.28733444213867,94.50363159179688,115.33000183105469,15.217876434326172
2015-04-28,175.4317626953125,101.31571197509766,108.2441635131836,48.24227523803711,34.341861724853516,93.20033264160156,116.33000183105469,15.243242263793945
2015-04-29,174.70999145507812,100.68042755126953,107.06794738769531,47.82252502441406,33.9134635925293,92.05814361572266,115.51000213623047,15.344693183898926
2015-04-30,172.95928955078125,99.09679412841797,104.80205535888672,47.317413330078125,33.39937973022461,92.21920013427734,113.47000122070312,15.463053703308105
2015-05-01,174.8343963623047,100.40420532226562,105.48528289794922,47.84386444091797,33.601890563964844,90.97787475585938,113.08000183105469,15.446146011352539
2015-05-04,175.33224487304688,100.56996154785156,105.86580657958984,47.7940788269043,33.79662322998047,90.11939239501953,114.0999984741211,15.437691688537598
2015-05-05,173.32437133789062,98.9310531616211,104.51664733886719,47.0826530456543,33.43053436279297,89.9946517944336,114.41999816894531,15.564504623413086
2015-05-06,172.61082458496094,98.24974060058594,104.8798828125,47.20357894897461,33.01772689819336,88.453857421875,114.36000061035156,15.564504623413086
2015-05-07,173.29945373535156,98.83898162841797,105.2777328491211,47.047061920166016,32.970985412597656,89.64250946044922,113.41999816894531,15.319329261779785
2015-05-08,175.5811767578125,100.07276916503906,106.06471252441406,48.13555145263672,33.39159393310547,89.88460540771484,113.97000122070312,15.403871536254883
2015-05-11,174.7431640625,99.68601989746094,106.12523651123047,47.715824127197266,33.07223892211914,87.69823455810547,113.52999877929688,15.336236953735352
2015-05-12,174.22044372558594,99.23487854003906,105.93499755859375,47.68736267089844,32.96319580078125,87.92568969726562,114.5,15.496871948242188
2015-05-13,174.2536163330078,99.43744659423828,105.93499755859375,48.043087005615234,33.0255126953125,87.2213363647461,116.55000305175781,15.513778686523438
2015-05-14,176.0706787109375,100.89217376708984,107.05928039550781,48.61933135986328,33.352657318115234,87.45610809326172,117.18000030517578,15.606776237487793
2015-05-15,176.26148986816406,100.89217376708984,106.93822479248047,48.67625427246094,33.60969161987305,89.20964813232422,117.52999877929688,15.598322868347168
2015-05-18,176.80914306640625,101.33412170410156,108.14900207519531,48.51261520385742,33.2669677734375,87.712890625,117.5199966430664,15.556052207946777
2015-05-19,176.7510528564453,101.22364807128906,108.00198364257812,48.32764434814453,33.32149124145508,86.93517303466797,115.88999938964844,15.226332664489746
2015-05-20,176.6265411376953,101.2881088256836,108.20086669921875,48.42013168334961,33.29812240600586,87.08193969726562,116.08000183105469,15.192512512207031
2015-05-21,177.1409912109375,101.8128890991211,108.07979583740234,48.67625427246094,33.1812858581543,88.29985046386719,115.69000244140625,15.378509521484375
2015-05-22,176.71783447265625,101.71163177490234,107.61280059814453,48.36322784423828,33.29033660888672,88.33650970458984,115.5999984741211,15.20942211151123
2015-05-26,174.81781005859375,100.54231262207031,106.58362579345703,47.49528121948242,32.76068115234375,89.84798431396484,113.91000366210938,14.913517951965332
2015-05-27,176.47723388671875,102.16276550292969,107.88955688476562,47.95770263671875,32.768455505371094,90.05338287353516,113.88999938964844,14.710615158081055
2015-05-28,176.27810668945312,101.9325942993164,107.79442596435547,47.87233352661133,32.340065002441406,89.833251953125,114.0199966430664,14.786703109741211
2015-05-29,175.18284606933594,101.324951171875,107.14578247070312,47.40989303588867,32.02851486206055,90.03134155273438,114.0999984741211,14.972698211669922
2015-06-01,175.53968811035156,101.66558837890625,107.48306274414062,47.28184509277344,31.903892517089844,89.06373596191406,114.0,14.938882827758789
2015-06-02,175.365478515625,101.34335327148438,107.69062805175781,47.50238800048828,32.02851486206055,87.82112121582031,114.45999908447266,15.116423606872559
2015-06-03,175.83004760742188,101.64716339111328,108.76304626464844,47.765621185302734,31.864940643310547,86.40938568115234,113.63999938964844,14.921975135803223
2015-06-04,174.3448944091797,100.87374877929688,107.67332458496094,47.25337600708008,31.382015228271484,87.53435516357422,112.83999633789062,14.786703109741211
2015-06-05,174.0461883544922,100.6343994140625,108.45171356201172,46.69135665893555,31.24181365966797,86.46818542480469,112.23999786376953,14.854339599609375
2015-06-08,172.975830078125,99.61238098144531,107.95011901855469,46.62732696533203,31.234025955200195,86.37263488769531,112.56999969482422,14.862791061401367
2015-06-09,172.95101928710938,99.4466552734375,107.62144470214844,46.37120819091797,31.047090530395508,85.6888427734375,112.81999969482422,15.099517822265625
2015-06-10,175.0251922607422,100.80933380126953,108.96195983886719,47.34587097167969,31.498857498168945,84.9388427734375,113.77999877929688,15.158696174621582
2015-06-11,175.58944702148438,100.95663452148438,109.23869323730469,47.47393035888672,31.343074798583984,86.7255630493164,113.26000213623047,15.02342700958252
2015-06-12,174.24530029296875,100.12798309326172,108.91008758544922,47.09687042236328,31.343074798583984,86.7255630493164,113.2300033569336,14.871248245239258
2015-06-15,173.49856567382812,99.63080596923828,108.56414794921875,46.812294006347656,30.992572784423828,86.86527252197266,113.7300033569336,14.80361270904541
2015-06-16,174.44444274902344,100.17403411865234,109.3338394165039,46.79806137084961,31.000354766845703,87.5490951538086,113.31999969482422,14.845885276794434
2015-06-17,174.7265625,100.45022583007812,109.16950225830078,46.69135665893555,31.187299728393555,86.87262725830078,113.8499984741211,14.888155937194824
2015-06-18,176.54356384277344,101.91419219970703,110.6311264038086,47.11110305786133,31.47548484802246,86.44615936279297,115.31999969482422,14.888155937194824
2015-06-19,175.75987243652344,101.41028594970703,110.57923889160156,46.99726867675781,31.202882766723633,87.55642700195312,115.12000274658203,14.752885818481445
2015-06-22,176.6603546142578,102.15779113769531,111.3403091430664,47.886566162109375,31.65463638305664,85.76970672607422,113.63999938964844,14.80361270904541
2015-06-23,176.78536987304688,102.2408676147461,111.57376861572266,48.01461410522461,31.96621322631836,85.2550277709961,112.88999938964844,14.98115348815918
2015-06-24,175.50140380859375,101.71482849121094,110.6311264038086,47.60199737548828,31.740324020385742,85.99026489257812,112.58999633789062,14.8797025680542
2015-06-25,174.9678497314453,101.51183319091797,110.5705795288086,47.58100128173828,31.631250381469727,85.6888427734375,112.44000244140625,14.896612167358398
2015-06-26,174.93450927734375,100.8381576538086,110.26788330078125,47.559295654296875,31.33306312561035,84.72564697265625,112.55999755859375,14.964245796203613
2015-06-29,171.26605224609375,98.45722198486328,107.48306274414062,46.09794616699219,30.634675979614258,86.96822357177734,113.06999969482422,14.896612167358398
2015-06-30,171.6245574951172,98.80790710449219,107.98467254638672,45.931556701660156,31.089805603027344,86.36527252197266,112.37000274658203,15.217876434326172
2015-07-01,173.00021362304688,99.59233093261719,108.3046875,46.228172302246094,31.066267013549805,85.19953155517578,111.9800033569336,15.031881332397461
2015-07-02,172.84178161621094,99.6200180053711,107.5047836303711,46.286033630371094,31.215347290039062,85.47956085205078,111.76000213623047,15.006516456604004
2015-07-06,172.3498992919922,99.38928985595703,107.47003936767578,45.3527946472168,30.34433937072754,87.0638656616211,112.05999755859375,14.516161918640137
2015-07-07,173.43377685546875,99.63851165771484,107.59162902832031,45.36726379394531,29.889202117919922,87.88182830810547,110.76000213623047,14.431619644165039
2015-07-08,170.52398681640625,97.90354919433594,105.95012664794922,44.311031341552734,28.861249923706055,88.64079284667969,111.08999633789062,14.363984107971191
2015-07-09,170.83248901367188,97.8481674194336,106.33228302001953,45.041709899902344,29.418384552001953,86.89440155029297,111.36000061035156,14.533071517944336
2015-07-10,172.98350524902344,99.34319305419922,107.8087387084961,46.51754379272461,30.16385269165039,85.51634979248047,111.48999786376953,14.600707054138184
2015-07-13,174.89280700683594,101.08731842041016,109.02469635009766,46.691165924072266,30.367874145507812,85.25114440917969,110.98999786376953,14.609162330627441
2015-07-14,175.65145874023438,101.75176239013672,109.63263702392578,47.08183670043945,30.422801971435547,85.53109741210938,110.73999786376953,14.55843448638916
2015-07-15,175.59312438964844,101.86250305175781,109.05073547363281,46.908199310302734,30.077539443969727,86.43751525878906,110.16000366210938,14.389348030090332
2015-07-16,177.0021514892578,103.30215454101562,109.70210266113281,47.313331604003906,30.45420265197754,87.03435516357422,109.76000213623047,14.321714401245117
2015-07-17,177.15223693847656,104.82482147216797,109.22445678710938,47.23375701904297,30.414962768554688,87.48388671875,108.6500015258789,14.245623588562012
2015-07-20,177.2439727783203,105.18470001220703,108.63387298583984,47.35673141479492,30.218782424926758,87.1154556274414,105.69999694824219,14.017355918884277
2015-07-21,176.54356384277344,105.12010955810547,108.12141418457031,47.219276428222656,30.226633071899414,87.58705139160156,105.37000274658203,14.076536178588867
2015-07-22,176.22674560546875,103.92965698242188,108.52093505859375,46.85755157470703,29.7950439453125,88.13235473632812,104.80000305175781,13.873631477355957
2015-07-23,175.2346649169922,103.54206085205078,107.32239532470703,46.73457336425781,29.504703521728516,89.2303695678711,104.33000183105469,13.755269050598145
2015-07-24,173.41708374023438,102.52693939208984,105.59405517578125,46.22092819213867,29.080970764160156,89.45143127441406,105.3499984741211,13.64536190032959
2015-07-27,172.40823364257812,101.67794799804688,104.71683502197266,45.88090515136719,28.531681060791016,89.93036651611328,104.86000061035156,13.38327693939209
2015-07-28,174.52590942382812,102.55463409423828,105.61141204833984,46.45966339111328,28.822017669677734,89.27459716796875,105.0199966430664,13.493184089660645
2015-07-29,175.72650146484375,102.94222259521484,105.9067153930664,46.62604904174805,29.104515075683594,88.94294738769531,105.16999816894531,13.535455703735352
2015-07-30,175.76821899414062,103.43135070800781,106.21067810058594,46.58988571166992,28.814170837402344,89.628173828125,104.2699966430664,13.48473072052002
2015-07-31,175.50140380859375,103.3113784790039,106.7926254272461,46.86479568481445,29.128047943115234,90.29146575927734,104.93000030517578,13.298731803894043
2015-08-03,174.90948486328125,102.98837280273438,106.26280975341797,46.741817474365234,28.64153289794922,91.24185943603516,104.0999984741211,13.078919410705566
2015-08-04,174.56764221191406,102.79459381103516,106.01094055175781,46.77798843383789,28.743547439575195,90.5181655883789,104.30999755859375,13.155009269714355
2015-08-05,175.1429443359375,103.58821105957031,106.25414276123047,47.023956298828125,28.75139617919922,89.8387680053711,103.93000030517578,13.104283332824707
2015-08-06,173.70884704589844,101.9271011352539,104.82105255126953,46.82862091064453,28.50029182434082,90.63631439208984,104.38999938964844,13.09582805633545
2015-08-07,173.3753662109375,101.79792022705078,104.11756896972656,46.741817474365234,28.484594345092773,91.82533264160156,104.6500015258789,13.045103073120117
2015-08-10,175.55978393554688,102.96070098876953,105.3161392211914,47.313331604003906,28.963275909423828,90.68804168701172,105.72000122070312,13.324095726013184
2015-08-11,173.97569274902344,101.64103698730469,104.41288757324219,46.58988571166992,28.327659606933594,92.12808990478516,106.26000213623047,13.146554946899414
2015-08-12,174.18417358398438,101.99169921875,104.21312713623047,46.257102966308594,27.88823127746582,91.6259536743164,107.75,13.104283332824707
2015-08-13,173.96734619140625,101.8255844116211,103.86570739746094,46.228172302246094,27.84113883972168,91.33048248291016,106.86000061035156,13.045103073120117
2015-08-14,174.60098266601562,101.98245239257812,104.53446960449219,46.300506591796875,27.880388259887695,91.54472351074219,106.8499984741211,12.96055793762207
2015-08-17,175.57647705078125,102.83149719238281,105.63749694824219,46.213687896728516,27.574350357055664,91.958251953125,107.12999725341797,12.909832954406738
2015-08-18,175.06787109375,102.30545043945312,104.79501342773438,45.86643981933594,27.27615737915039,91.23451232910156,107.11000061035156,12.84219741821289
2015-08-19,173.6838836669922,101.63179779052734,103.70936584472656,45.4613151550293,26.93874168395996,92.1355209350586,108.55000305175781,12.698473930358887
2015-08-20,170.05712890625,98.81718444824219,101.08646392822266,44.361671447753906,26.51500701904297,93.06600952148438,110.44000244140625,12.732291221618652
2015-08-21,164.93800354003906,94.4982681274414,99.9052734375,43.348854064941406,25.698917388916016,93.34664154052734,111.12999725341797,12.5209321975708
2015-08-24,157.99298095703125,90.8623275756836,96.00563049316406,41.851318359375,24.576791763305664,93.3171157836914,110.52999877929688,12.20811939239502
2015-08-25,156.13375854492188,90.52088928222656,95.2674331665039,42.249210357666016,24.890674591064453,91.81794738769531,109.16000366210938,12.258845329284668
2015-08-26,162.12828063964844,95.07965850830078,97.69055938720703,43.247562408447266,25.71461296081543,90.04557800292969,107.66999816894531,12.182757377624512
2015-08-27,166.13853454589844,97.4882583618164,99.4362564086914,43.77568435668945,26.852428436279297,90.09721374511719,107.7300033569336,12.622383117675781
2015-08-28,166.1469268798828,97.46980285644531,100.4177017211914,43.710567474365234,26.507152557373047,90.3630599975586,108.69999694824219,12.952104568481445
2015-08-31,164.80455017089844,96.26090240478516,100.05292510986328,43.3850212097168,26.55423355102539,89.66889953613281,108.81999969482422,13.264915466308594
2015-09-01,159.88551330566406,93.25247955322266,97.18684387207031,41.9308967590332,25.52627944946289,90.31499481201172,109.19999694824219,12.825288772583008
2015-09-02,162.92037963867188,95.88253784179688,98.93254852294922,42.55305099487305,25.895095825195312,89.53787231445312,108.62000274658203,12.935194969177246
2015-09-03,163.03704833984375,95.41188049316406,98.77620697021484,42.65433883666992,25.997102737426758,89.97452545166016,107.83999633789062,13.019740104675293
2015-09-04,160.5692138671875,94.27682495117188,98.0292739868164,41.67769241333008,25.220245361328125,90.79607391357422,107.48999786376953,12.859106063842773
2015-09-08,164.60450744628906,96.9345703125,100.27007293701172,42.90031814575195,26.020641326904297,89.45646667480469,107.5199966430664,12.952104568481445
2015-09-09,162.4034423828125,95.84562683105469,99.11491394042969,42.72669219970703,25.887243270874023,89.88573455810547,106.12999725341797,12.7830171585083
2015-09-10,163.2871856689453,96.88841247558594,99.56653594970703,43.00883102416992,26.154041290283203,89.27886199951172,106.37999725341797,12.892922401428223
2015-09-11,164.0292205810547,97.42367553710938,100.0355453491211,43.0015983581543,26.25604820251465,89.84131622314453,106.16000366210938,12.87601375579834
2015-09-14,163.42062377929688,97.12836456298828,99.57523345947266,42.676048278808594,26.216815948486328,89.98194885253906,106.22000122070312,12.715380668640137
2015-09-15,165.46327209472656,98.27268981933594,100.69564819335938,42.965431213378906,26.467920303344727,88.25751495361328,105.9000015258789,12.757654190063477
2015-09-16,166.8972625732422,98.82637786865234,101.56414031982422,43.62376022338867,27.11136817932129,87.92451477050781,107.30999755859375,12.969012260437012
2015-09-17,166.52206420898438,98.86328887939453,101.91155242919922,43.64546203613281,27.04859733581543,88.99762725830078,108.41000366210938,12.884469032287598
2015-09-18,163.80091857910156,97.45718383789062,100.50454711914062,42.55305099487305,26.54639434814453,90.36683654785156,109.20999908447266,12.690017700195312
2015-09-21,164.64730834960938,97.76245880126953,100.32218933105469,42.531368255615234,26.499311447143555,88.89398956298828,108.52999877929688,12.83374309539795
2015-09-22,162.51025390625,96.30082702636719,98.80226135253906,41.518531799316406,26.004947662353516,90.13002014160156,107.79000091552734,12.757654190063477
2015-09-23,162.25045776367188,96.37483978271484,98.50697326660156,41.32320785522461,25.58906364440918,90.12258911132812,108.22000122070312,12.656200408935547
2015-09-24,161.6637420654297,96.02330017089844,98.34196472167969,41.20744705200195,25.47920036315918,90.73683166503906,110.48999786376953,12.732291221618652
2015-09-25,161.62191772460938,95.20921325683594,97.047607421875,41.56917190551758,25.42427635192871,89.95233917236328,109.80999755859375,12.808379173278809
2015-09-28,157.56556701660156,92.49874877929688,94.330078125,40.75167465209961,24.88282012939453,91.49177551269531,108.41999816894531,12.630837440490723
2015-09-29,157.65777587890625,92.01770782470703,93.65939331054688,40.69380569458008,25.000532150268555,91.75086212158203,107.9800033569336,12.715380668640137
2015-09-30,160.59947204589844,94.1361312866211,95.11398315429688,41.46788787841797,25.722450256347656,91.43256378173828,106.86000061035156,12.808379173278809
2015-10-01,161.0184783935547,94.56167602539062,94.94849395751953,41.598114013671875,25.86370086669922,91.82267761230469,106.7300033569336,12.723835945129395
2015-10-02,163.42369079589844,96.21757507324219,96.35955810546875,42.30708312988281,26.55423355102539,92.37889099121094,108.98999786376953,12.808379173278809
2015-10-05,166.33184814453125,97.595947265625,98.65898895263672,43.14628219604492,27.127073287963867,91.12552642822266,108.7699966430664,12.97746753692627
2015-10-06,165.76193237304688,97.13341522216797,97.97959899902344,43.196929931640625,27.079984664916992,91.51866149902344,109.86000061035156,13.231097221374512
2015-10-07,167.11962890625,97.7161865234375,99.71292114257812,43.7395133972168,27.80191421508789,91.21455383300781,109.69999694824219,13.205734252929688
2015-10-08,168.628173828125,98.10472869873047,100.61006164550781,44.08676528930664,28.100095748901367,90.45062255859375,109.13999938964844,13.264915466308594
2015-10-09,168.72877502441406,98.54878234863281,100.81037902832031,44.166351318359375,28.202102661132812,90.68795013427734,110.87000274658203,13.324095726013184
2015-10-12,168.88796997070312,98.789306640625,100.6623306274414,44.07954025268555,27.9902400970459,91.37773132324219,111.30999755859375,13.112737655639648
2015-10-13,167.82359313964844,98.15099334716797,99.28611755371094,43.522483825683594,27.53510856628418,91.53341674804688,111.86000061035156,13.028192520141602
2015-10-14,167.01904296875,97.99373626708984,98.31058502197266,43.609291076660156,27.74698257446289,92.33438110351562,113.80999755859375,13.06201171875
2015-10-15,169.5835723876953,99.60334014892578,100.6623306274414,44.354434967041016,28.42182159423828,91.88198852539062,113.29000091552734,13.028192520141602
2015-10-16,170.3545684814453,100.0196533203125,100.53165435791016,44.31826400756836,28.445362091064453,91.91166687011719,112.48999786376953,13.036648750305176
2015-10-19,170.43836975097656,100.59317016601562,100.7232894897461,44.166351318359375,28.155027389526367,91.65953826904297,112.0199966430664,12.799925804138184
2015-10-20,170.22052001953125,100.07515716552734,100.58390808105469,43.985477447509766,28.147174835205078,91.09583282470703,112.7300033569336,12.825288772583008
2015-10-21,169.1645050048828,99.46460723876953,99.05095672607422,43.963783264160156,27.739131927490234,92.00064849853516,111.7300033569336,12.715380668640137
2015-10-22,172.02232360839844,101.49051666259766,99.92195129394531,44.45573043823242,28.311965942382812,92.1563949584961,111.69000244140625,12.757654190063477
2015-10-23,173.90798950195312,104.3305435180664,100.90620422363281,44.897029876708984,28.47674560546875,91.37024688720703,111.5,12.681563377380371
2015-10-26,173.4805908203125,104.39527893066406,100.21810150146484,44.730628967285156,28.217802047729492,91.97842407226562,111.43000030517578,12.647747039794922
2015-10-27,173.14535522460938,104.60801696777344,99.12064361572266,44.339969635009766,27.89607810974121,92.20832824707031,111.68000030517578,12.588566780090332
2015-10-28,175.11480712890625,105.47763061523438,102.01236724853516,44.62934875488281,27.574350357055664,91.83750915527344,110.77999877929688,12.799925804138184
2015-10-29,175.01426696777344,105.31111145019531,100.92362976074219,44.303802490234375,27.315399169921875,90.37644958496094,109.72000122070312,12.723835945129395
2015-10-30,174.260009765625,104.83927917480469,100.46197509765625,44.20975112915039,27.362468719482422,91.05877685546875,109.30000305175781,12.850651741027832
2015-11-02,176.3216094970703,106.0234146118164,102.5523910522461,44.62934875488281,27.903919219970703,90.64031219482422,108.58999633789062,12.7830171585083
2015-11-03,176.83287048339844,106.39344787597656,103.08372497558594,44.6148796081543,28.272729873657227,89.89702606201172,106.9800033569336,13.011285781860352
2015-11-04,176.29647827148438,106.40271759033203,103.0314712524414,44.3689079284668,28.045166015625,90.00117492675781,105.97000122070312,12.791471481323242
2015-11-05,176.12051391601562,106.11592864990234,103.10983276367188,44.289329528808594,28.092247009277344,89.7632827758789,105.63999938964844,12.690017700195312
2015-11-06,176.0283203125,106.1899185180664,103.84148406982422,44.08676528930664,27.69989776611328,88.44772338867188,104.0999984741211,12.613930702209473
2015-11-09,174.3856964111328,105.06131744384766,102.6220932006836,43.63100051879883,27.009361267089844,87.94969940185547,104.4000015258789,12.504021644592285
2015-11-10,174.78799438476562,104.79308319091797,102.92692565917969,43.60205841064453,26.89166259765625,88.20988464355469,104.18000030517578,12.478658676147461
2015-11-11,174.10076904296875,104.66355895996094,102.02980041503906,43.826324462890625,26.94658660888672,88.0240707397461,103.83000183105469,12.351842880249023
2015-11-12,171.6703338623047,103.64594268798828,100.07872772216797,43.25480651855469,26.687637329101562,88.44772338867188,103.8499984741211,12.174301147460938
2015-11-13,169.74276733398438,101.61077117919922,99.35578918457031,42.8930778503418,26.318830490112305,88.95314025878906,103.55999755859375,12.081302642822266
2015-11-16,172.3240203857422,103.07240295410156,100.2093734741211,43.43565368652344,26.828880310058594,88.87136840820312,103.70999908447266,12.140483856201172
2015-11-17,172.1983184814453,103.13717651367188,99.8261489868164,43.55140686035156,26.750415802001953,89.02005767822266,102.33999633789062,11.954486846923828
2015-11-18,174.930419921875,105.11683654785156,101.5158920288086,43.949310302734375,27.040752410888672,89.20579528808594,102.43000030517578,12.00521469116211
2015-11-19,174.77963256835938,105.19082641601562,101.08911895751953,44.173580169677734,27.28400993347168,89.8004150390625,103.55999755859375,12.00521469116211
2015-11-20,175.41653442382812,105.90314483642578,101.74235534667969,44.07229995727539,27.558658599853516,89.52545928955078,103.08999633789062,11.98830509185791
2015-11-23,175.2153778076172,105.597900390625,102.24755096435547,43.797393798828125,27.299701690673828,89.8004150390625,102.26000213623047,12.081302642822266
2015-11-24,175.45004272460938,105.5053939819336,102.99659729003906,43.804622650146484,27.44094467163086,89.79305267333984,102.94000244140625,12.27575397491455
2015-11-25,175.4249267578125,105.597900390625,103.7979507446289,43.905906677246094,27.229080200195312,90.00117492675781,102.45999908447266,12.258845329284668
2015-11-27,175.62600708007812,105.74591064453125,104.18988800048828,43.913143157958984,26.632705688476562,89.91194152832031,101.25,12.072848320007324
2015-11-30,174.8969268798828,105.47763061523438,103.73694610595703,43.87697219848633,26.671939849853516,90.2686996459961,101.91999816894531,11.996758460998535
2015-12-01,176.56466674804688,106.5322036743164,104.42503356933594,44.339969635009766,26.875967025756836,91.48798370361328,102.27999877929688,12.13202953338623
2015-12-02,174.76284790039062,105.87541198730469,103.30144500732422,43.86973190307617,26.55423355102539,91.51776885986328,100.69000244140625,11.878397941589355
2015-12-03,172.3156280517578,104.08076477050781,101.55945587158203,43.6599235534668,26.4051456451416,89.030029296875,101.76000213623047,12.013667106628418
2015-12-04,175.67630004882812,106.51372528076172,102.58724212646484,44.01441955566406,26.585630416870117,89.81211853027344,104.0199966430664,11.996758460998535
2015-12-07,174.61192321777344,106.03265380859375,101.04557037353516,43.732276916503906,26.14619255065918,90.68354797363281,102.66999816894531,11.650130271911621
2015-12-08,173.4386444091797,106.04191589355469,100.48809051513672,43.088417053222656,25.855854034423828,90.728271484375,102.83999633789062,11.590948104858398
2015-12-09,172.0894317626953,104.43228149414062,99.36449432373047,42.8930778503418,25.643985748291016,90.6314468383789,102.63999938964844,11.599404335021973
2015-12-10,172.53353881835938,104.90406036376953,99.69548034667969,42.90031814575195,25.471351623535156,90.7505874633789,102.55000305175781,11.55713176727295
2015-12-11,169.18963623046875,102.4896011352539,97.47444915771484,42.08281326293945,24.75727653503418,92.1806869506836,103.11000061035156,11.438770294189453
2015-12-14,170.04446411132812,103.26668548583984,96.77761840820312,42.14793014526367,25.157472610473633,90.98893737792969,101.79000091552734,11.362680435180664
2015-12-15,171.82957458496094,103.89571380615234,98.17122650146484,42.357730865478516,25.541975021362305,90.45266723632812,101.5199966430664,11.337318420410156
2015-12-16,174.3437957763672,105.44061279296875,99.66936492919922,43.21139907836914,26.044178009033203,90.25898742675781,102.75,11.286592483520508
2015-12-17,171.68711853027344,103.90495300292969,98.60673522949219,42.661582946777344,25.70676612854004,91.27942657470703,100.5,11.168230056762695
2015-12-18,168.62855529785156,101.9118423461914,97.09991455078125,42.21304702758789,25.620445251464844,91.78594207763672,102.04000091552734,11.218957901000977
2015-12-21,170.01956176757812,103.04387664794922,97.83154296875,42.408626556396484,25.82047462463379,91.76356506347656,103.1500015258789,11.168230056762695
2015-12-22,171.56234741210938,103.72123718261719,98.72868347167969,42.729736328125,26.027671813964844,91.1006851196289,102.61000061035156,11.117504119873047
2015-12-23,173.68687438964844,104.49140930175781,99.9742202758789,43.444942474365234,26.39426040649414,90.41541290283203,102.30999755859375,11.320408821105957
2015-12-24,173.4001922607422,104.47285461425781,100.16316223144531,43.3719596862793,26.298635482788086,90.93342590332031,103.05000305175781,11.320408821105957
2015-12-28,173.0039825439453,104.41719055175781,99.69954681396484,43.26979064941406,26.115345001220703,91.20215606689453,102.2699966430664,11.159775733947754
2015-12-29,174.8502655029297,106.05958557128906,100.77552795410156,43.700382232666016,26.13924217224121,89.6869125366211,102.19999694824219,11.345771789550781
2015-12-30,173.61097717285156,105.10382843017578,99.7607650756836,43.437644958496094,25.73280906677246,89.5973892211914,101.41999816894531,11.235865592956543
2015-12-31,171.874267578125,103.79549407958984,98.51856231689453,42.85380554199219,25.653121948242188,90.0004653930664,101.45999908447266,11.295045852661133
2016-01-04,169.47154235839844,101.60563659667969,96.2353744506836,42.196983337402344,24.951820373535156,90.64976501464844,102.88999938964844,11.210502624511719
2016-01-05,169.7581787109375,101.42932891845703,96.4453353881836,42.13130569458008,25.00760269165039,90.28404235839844,103.18000030517578,11.100594520568848
2016-01-06,167.61685180664062,100.45504760742188,94.97566986083984,41.437992095947266,24.52944564819336,91.50069427490234,104.66999816894531,10.923053741455078
2016-01-07,163.5953826904297,97.3094253540039,92.43881225585938,40.57683181762695,23.772369384765625,91.66490173339844,106.1500015258789,10.87232780456543
2016-01-08,161.7996826171875,96.5114517211914,90.8467025756836,40.08786392211914,23.517353057861328,92.07543182373047,105.68000030517578,10.821601867675781
2016-01-11,161.95989990234375,96.80836486816406,90.45303344726562,40.25572204589844,23.509380340576172,91.06778717041016,104.73999786376953,10.525697708129883
2016-01-12,163.26661682128906,97.93114471435547,90.7242431640625,40.44546127319336,23.557199478149414,92.38143157958984,104.20999908447266,10.458063125610352
2016-01-13,159.1946563720703,94.55355834960938,87.81118774414062,39.81784439086914,23.31014633178711,93.2919921875,104.72000122070312,10.398881912231445
2016-01-14,161.80810546875,96.56710052490234,89.02710723876953,40.32870101928711,23.612985610961914,92.41873931884766,103.0199966430664,10.424245834350586
2016-01-15,158.33477783203125,93.5699691772461,87.58375549316406,38.86909866333008,22.68057632446289,93.85928344726562,104.08000183105469,10.204432487487793
2016-01-19,158.54550170898438,93.7741470336914,86.4027328491211,39.226715087890625,23.015287399291992,93.56818389892578,103.9800033569336,10.119889259338379
2016-01-20,156.51373291015625,93.48645782470703,86.7614517211914,38.33635330200195,22.513225555419922,94.553466796875,105.37000274658203,10.043798446655273
2016-01-21,157.39051818847656,93.57923889160156,86.56021118164062,38.6209716796875,22.60088348388672,93.91156768798828,105.48999786376953,10.179069519042969
2016-01-22,160.61940002441406,96.28874969482422,88.6772232055664,39.75945281982422,23.373899459838867,93.55326843261719,105.0,10.483426094055176
2016-01-25,158.1914520263672,94.85977172851562,86.70894622802734,39.226715087890625,22.975439071655273,94.060791015625,106.08000183105469,10.255158424377441
2016-01-26,160.3496551513672,95.71341705322266,88.44100189208984,39.92730712890625,23.31014633178711,94.1055908203125,107.29000091552734,10.458063125610352
2016-01-27,158.6045379638672,93.32870483398438,87.22505187988281,39.67188262939453,23.23045539855957,94.08324432373047,107.69000244140625,10.584878921508789
2016-01-28,159.43069458007812,94.6463394165039,87.20756530761719,39.78865432739258,23.5970458984375,94.21756744384766,106.54000091552734,10.703239440917969
2016-01-29,163.31724548339844,96.6227798461914,90.06814575195312,40.4892578125,24.36208724975586,95.0162124633789,106.94999694824219,10.804692268371582
2016-02-01,163.2582244873047,96.8825912475586,89.65697479248047,40.44546127319336,24.1309814453125,94.72530364990234,108.05000305175781,10.601787567138672
2016-02-02,160.31590270996094,94.7855224609375,87.72367858886719,39.50403594970703,23.349992752075195,96.48271942138672,108.08999633789062,10.415791511535645
2016-02-03,161.27699279785156,94.33087158203125,87.83741760253906,39.83245086669922,24.011449813842773,95.68248748779297,109.25,10.677876472473145
2016-02-04,161.52992248535156,94.32157897949219,88.17859649658203,39.88351821899414,24.194740295410156,96.1461410522461,110.56999969482422,10.660967826843262
2016-02-05,158.45277404785156,91.04605865478516,85.76416015625,39.27048873901367,23.915815353393555,96.25831604003906,112.31999969482422,10.59333324432373
2016-02-08,156.31980895996094,89.6541976928711,84.35576629638672,38.54069137573242,23.589075088500977,98.32977294921875,113.83000183105469,10.542607307434082
2016-02-09,156.32827758789062,89.37586212158203,83.7871322631836,38.09550857543945,23.262338638305664,98.43447875976562,113.58000183105469,10.272066116333008
2016-02-10,156.19338989257812,89.71914672851562,83.83088684082031,38.051719665527344,23.35796356201172,99.30191040039062,114.45999908447266,10.28897476196289
2016-02-11,154.16160583496094,89.58924865722656,82.92110443115234,37.4970817565918,22.967470169067383,99.9974136352539,119.05999755859375,10.415791511535645
2016-02-12,157.3399658203125,90.95328521728516,84.49571990966797,38.15389633178711,23.365936279296875,98.33722686767578,118.36000061035156,10.567970275878906
2016-02-16,159.99560546875,93.00395965576172,86.49899291992188,38.92748260498047,23.883939743041992,97.29778289794922,114.7699966430664,10.449607849121094
2016-02-17,162.6090545654297,95.11031341552734,87.85490417480469,39.598899841308594,24.354127883911133,96.6995620727539,115.4800033569336,10.66942310333252
2016-02-18,161.94309997558594,94.02464294433594,87.43500518798828,39.39455795288086,24.210678100585938,97.88854217529297,118.29000091552734,10.610241889953613
2016-02-19,161.86715698242188,94.30300903320312,87.8724136352539,39.35075759887695,24.099105834960938,97.97080993652344,117.58000183105469,10.517244338989258
2016-02-22,164.21090698242188,95.83406066894531,88.85218048095703,39.79594421386719,24.69680404663086,97.91846466064453,115.48999786376953,10.677876472473145
2016-02-23,162.13694763183594,94.25663757324219,88.03861999511719,39.146427154541016,24.170833587646484,98.31480407714844,117.22000122070312,10.534152030944824
2016-02-24,162.8788299560547,95.15668487548828,88.88713836669922,39.00776290893555,24.115047454833984,98.120361328125,117.61000061035156,10.66942310333252
2016-02-25,164.85154724121094,96.09388732910156,89.70071411132812,39.47483444213867,24.194740295410156,98.47183990478516,117.91999816894531,10.660967826843262
2016-02-26,164.47218322753906,95.9732437133789,90.26933288574219,39.37266159057617,23.95566177368164,97.52214050292969,117.11000061035156,10.644059181213379
2016-02-29,163.182373046875,95.11031341552734,89.8669204711914,39.139129638671875,24.162860870361328,97.9483642578125,118.63999938964844,10.779329299926758
2016-03-01,167.01829528808594,98.16310119628906,91.80017852783203,40.16084289550781,25.023548126220703,96.22362518310547,117.7699966430664,10.787784576416016
2016-03-02,167.76858520507812,98.20021057128906,92.74495697021484,40.43817138671875,25.358253479003906,96.62076568603516,118.68000030517578,10.846964836120605
2016-03-03,168.42613220214844,98.0146255493164,93.71598815917969,40.8322639465332,25.6451473236084,96.97290802001953,120.7300033569336,10.906145095825195
2016-03-04,168.97412109375,98.05176544189453,94.23212432861328,41.1314811706543,26.15518569946289,96.35101318359375,120.54000091552734,11.117504119873047
2016-03-07,169.10902404785156,97.44860076904297,95.255615234375,41.08039093017578,26.115345001220703,96.32108306884766,121.13999938964844,11.320408821105957
2016-03-08,167.26275634765625,96.64132690429688,92.95491790771484,40.67900085449219,25.669057846069336,97.3849105834961,120.58000183105469,11.168230056762695
2016-03-09,168.08892822265625,97.26303100585938,93.42733764648438,40.8322639465332,25.828441619873047,96.79303741455078,119.58000183105469,11.337318420410156
2016-03-10,168.2238006591797,97.11457824707031,92.66624450683594,40.766578674316406,25.868289947509766,96.3959732055664,121.5,11.320408821105957
2016-03-11,170.93850708007812,98.81265258789062,94.65201568603516,41.83208465576172,26.41020393371582,95.4219970703125,119.41000366210938,11.362680435180664
2016-03-14,170.71926879882812,98.97965240478516,94.4070816040039,41.74451446533203,26.250812530517578,95.72171020507812,117.87000274658203,11.261228561401367
2016-03-15,170.44107055664062,98.94254302978516,92.93743896484375,41.35042190551758,25.87625503540039,95.81160736083984,117.95999908447266,11.168230056762695
2016-03-16,171.42745971679688,99.82405090332031,93.59351348876953,41.71532440185547,26.39426040649414,96.09622192382812,120.58999633789062,11.362680435180664
2016-03-17,172.51504516601562,99.76836395263672,95.0281753540039,42.03642654418945,26.976011276245117,96.49335479736328,120.12999725341797,11.489497184753418
2016-03-18,173.19293212890625,99.92472839355469,95.88544464111328,41.96344757080078,27.119464874267578,96.69570922851562,119.80000305175781,11.481043815612793
2016-03-21,173.4386444091797,100.31558990478516,95.65801239013672,41.897762298583984,27.175249099731445,95.95394134521484,118.95999908447266,11.514861106872559
2016-03-22,173.3455047607422,100.62271881103516,95.54430389404297,41.82479476928711,27.11149787902832,95.93142700195312,119.30999755859375,11.599404335021973
2016-03-23,172.20144653320312,99.79442596435547,93.7780532836914,41.40150451660156,26.649274826049805,97.01787567138672,116.61000061035156,11.354227066040039
2016-03-24,172.12521362304688,99.82234954833984,94.0588150024414,41.12417221069336,26.585519790649414,97.05530548095703,116.33000183105469,11.286592483520508
2016-03-28,172.2268829345703,99.68277740478516,94.17288208007812,41.372310638427734,26.673185348510742,97.18267059326172,116.5999984741211,11.320408821105957
2016-03-29,173.8199462890625,101.28348541259766,96.7875747680664,41.8174934387207,27.039772033691406,98.20162200927734,118.76000213623047,11.295045852661133
2016-03-30,174.5826873779297,101.77674865722656,96.79637145996094,42.13130569458008,27.31869888305664,97.16767883300781,117.0999984741211,11.252774238586426
2016-03-31,174.15899658203125,101.62782287597656,97.06837463378906,41.71532440185547,27.29479217529297,97.85689544677734,117.63999938964844,11.235865592956543
2016-04-01,175.34535217285156,102.7073745727539,97.49828338623047,41.270145416259766,27.215106964111328,98.11222076416016,116.93000030517578,11.04141616821289
2016-04-04,174.77752685546875,102.3165283203125,96.68231201171875,41.18257141113281,26.88836097717285,98.17232513427734,116.1500015258789,10.889235496520996
2016-04-05,173.0319366455078,101.33003234863281,95.58551025390625,40.37248992919922,26.362384796142578,99.24592590332031,117.66000366210938,10.863873481750488
2016-04-06,174.92161560058594,102.99588775634766,96.66474914550781,41.02931213378906,26.681156158447266,98.52519226074219,116.94000244140625,10.982234001159668
2016-04-07,172.8285369873047,101.51616668701172,95.3573989868164,40.43087387084961,26.147218704223633,99.7414321899414,118.61000061035156,10.948415756225586
2016-04-08,173.2946014404297,101.44171905517578,95.73468780517578,41.204463958740234,26.601465225219727,99.11080169677734,118.43000030517578,11.210502624511719
2016-04-11,172.88783264160156,101.0694351196289,95.43637084960938,41.22635269165039,26.94414520263672,98.98312377929688,120.02999877929688,11.295045852661133
2016-04-12,174.49789428710938,101.91634368896484,96.46294403076172,41.83938217163086,27.358543395996094,98.2999267578125,120.05000305175781,11.540223121643066
2016-04-13,176.2605438232422,103.21926879882812,98.5423812866211,42.50349807739258,27.84467124938965,98.64527130126953,118.7699966430664,11.599404335021973
2016-04-14,176.2689971923828,103.22855377197266,98.41959381103516,42.64216232299805,27.70919418334961,98.17232513427734,117.11000061035156,11.5064058303833
2016-04-15,176.0741424560547,102.96798706054688,98.66523742675781,42.54729080200195,27.54981231689453,99.0131607055664,117.91999816894531,11.464133262634277
2016-04-18,177.31134033203125,103.51705932617188,99.41107177734375,42.912193298339844,27.677318572998047,98.58522033691406,117.73999786376953,11.514861106872559
2016-04-19,177.8705596923828,102.88422393798828,99.4900131225586,43.65658950805664,28.099685668945312,98.27738952636719,119.58000183105469,11.76003646850586
2016-04-20,178.0400848388672,102.96798706054688,99.63919067382812,43.69308090209961,27.97218132019043,97.19627380371094,118.97000122070312,11.98830509185791
2016-04-21,177.08250427246094,102.9772720336914,99.13909149169922,43.43035125732422,27.693254470825195,96.61823272705078,119.41999816894531,11.937579154968262
2016-04-22,177.08250427246094,101.42308807373047,100.12175750732422,43.452239990234375,27.52590560913086,96.37041473388672,117.88999938964844,11.886853218078613
2016-04-25,176.77743530273438,101.42308807373047,99.41107177734375,43.23329544067383,27.350576400756836,95.9725112915039,118.2300033569336,11.878397941589355
2016-04-26,177.0401611328125,100.92984008789062,100.38501739501953,43.386558532714844,27.645437240600586,95.53707885742188,118.69999694824219,12.030577659606934
2016-04-27,177.40455627441406,100.12016296386719,100.73593139648438,43.41575622558594,27.812788009643555,96.49057006835938,119.04000091552734,12.140483856201172
2016-04-28,175.79443359375,98.91033172607422,99.58654022216797,42.824607849121094,27.52590560913086,96.88849639892578,121.29000091552734,12.20811939239502
2016-04-29,174.84535217285156,98.38915252685547,98.69157409667969,42.64216232299805,27.406360626220703,97.1362533569336,123.6500015258789,12.326480865478516
2016-05-02,176.2350616455078,99.31981658935547,99.56897735595703,43.043556213378906,27.334632873535156,96.15824127197266,123.23999786376953,12.157393455505371
2016-05-03,174.70130920410156,98.3984603881836,97.93704986572266,42.33564758300781,26.56161880493164,97.36944580078125,122.95999908447266,11.971397399902344
2016-05-04,173.7267608642578,97.76558685302734,97.12979888916016,41.8466796875,26.131275177001953,97.90355682373047,122.20999908447266,11.979850769042969
2016-05-05,173.69287109375,97.73766326904297,96.74373626708984,41.75910186767578,26.123306274414062,98.55803680419922,122.06999969482422,11.861489295959473
2016-05-06,174.3284454345703,98.25885009765625,97.31405639648438,41.87587356567383,26.16315269470215,98.13676452636719,123.18000030517578,11.937579154968262
2016-05-09,174.47250366210938,98.53804016113281,97.59484100341797,41.788299560546875,25.828441619873047,98.44520568847656,120.6500015258789,11.675493240356445
2016-05-10,176.64186096191406,99.88750457763672,98.57749938964844,42.3867301940918,26.32253646850586,98.4527359008789,120.9800033569336,11.962942123413086
2016-05-11,174.9893798828125,98.98478698730469,97.35792541503906,42.02183532714844,26.2587833404541,99.0094223022461,122.12000274658203,12.241935729980469
2016-05-12,175.040283203125,98.54735565185547,96.8402328491211,42.007232666015625,26.18705940246582,98.55803680419922,121.16000366210938,12.258845329284668
2016-05-13,173.514892578125,98.18438720703125,96.19971466064453,41.57665252685547,25.716875076293945,99.5134506225586,121.70999908447266,12.241935729980469
2016-05-16,175.22669982910156,99.41288757324219,97.4193344116211,42.07292175292969,26.027671813964844,98.65580749511719,121.80000305175781,12.377206802368164
2016-05-17,173.59120178222656,98.16578674316406,95.87508392333984,41.76639938354492,25.908132553100586,98.82138061523438,122.22000122070312,12.47020435333252
2016-05-18,173.6420135498047,98.5194320678711,96.37519073486328,41.781002044677734,25.653121948242188,97.41461181640625,120.0999984741211,12.377206802368164
2016-05-19,173.04039001464844,98.00756072998047,95.60307312011719,41.481781005859375,25.414043426513672,97.8358383178711,119.87000274658203,12.343389511108398
2016-05-20,174.1334991455078,99.08711242675781,97.20875549316406,41.82479476928711,25.669057846069336,97.91105651855469,119.70999908447266,12.394116401672363
2016-05-23,173.8962860107422,98.95683288574219,97.09468841552734,41.686119079589844,25.621244430541992,98.12922668457031,119.37000274658203,12.326480865478516
2016-05-24,176.1503448486328,100.93914794921875,99.0951919555664,42.291866302490234,25.88422966003418,97.69294738769531,117.30000305175781,12.326480865478516
2016-05-25,177.3451690673828,101.66504669189453,99.67427825927734,42.73704528808594,26.195022583007812,97.32430267333984,116.9800033569336,12.47020435333252
2016-05-26,177.39601135253906,101.96286010742188,99.56021881103516,42.85380554199219,26.37035369873047,97.82833099365234,116.58000183105469,12.461750984191895
2016-05-27,178.15867614746094,102.49334716796875,100.55168914794922,42.81001663208008,26.362384796142578,97.68539428710938,115.62000274658203,12.512475967407227
2016-05-31,177.8197479248047,102.68876647949219,100.90267944335938,42.60566711425781,26.39426040649414,97.91863250732422,116.05999755859375,12.436387062072754
2016-06-01,178.1841278076172,102.69808959960938,101.58702850341797,42.569175720214844,26.37832260131836,98.31591033935547,115.94000244140625,12.563201904296875
2016-06-02,178.72647094726562,102.91216278076172,102.36795043945312,42.569175720214844,26.593486785888672,99.02450561523438,115.66999816894531,12.588566780090332
2016-06-03,178.19259643554688,102.42819213867188,101.75373840332031,42.84650421142578,26.999923706054688,100.43416595458984,118.87999725341797,12.673110008239746
2016-06-06,179.09930419921875,102.80046844482422,102.85049438476562,43.08734130859375,27.28682518005371,99.6878662109375,118.91999816894531,12.825288772583008
2016-06-07,179.37899780273438,102.53987121582031,103.14884185791016,43.40114974975586,27.533870697021484,99.92910766601562,118.81999969482422,12.952104568481445
2016-06-08,179.9636993408203,102.71670532226562,103.91217803955078,43.48872756958008,27.733097076416016,100.46430969238281,120.58000183105469,13.171916961669922
2016-06-09,179.71795654296875,102.54917907714844,103.24534606933594,42.955970764160156,27.414335250854492,101.11265563964844,121.25,13.146554946899414
2016-06-10,178.01467895507812,101.3858642578125,101.84150695800781,41.7080192565918,26.72100067138672,101.60256958007812,121.73999786376953,12.985920906066895
2016-06-13,176.64186096191406,100.5389404296875,100.73593139648438,41.10228729248047,26.34644889831543,102.05491638183594,122.63999938964844,12.985920906066895
2016-06-14,176.29441833496094,100.5389404296875,100.4464111328125,40.44546127319336,26.2587833404541,101.97954559326172,122.7699966430664,12.90137767791748
2016-06-15,176.04867553710938,100.25044250488281,100.51660919189453,40.71549606323242,26.53770637512207,102.37157440185547,123.68000030517578,12.83374309539795
2016-06-16,176.5740966796875,100.54826354980469,100.50782012939453,40.803062438964844,26.442081451416016,102.86909484863281,122.37999725341797,12.613930702209473
2016-06-17,175.9164276123047,99.3697280883789,100.07789611816406,41.204463958740234,26.51380729675293,102.22834777832031,123.94999694824219,12.909832954406738
2016-06-20,177.04937744140625,99.99491119384766,101.16587829589844,42.22617721557617,26.983985900878906,101.13526153564453,123.20999908447266,13.028192520141602
2016-06-21,177.5519561767578,100.31218719482422,100.97285461425781,42.569175720214844,27.19118881225586,100.6678466796875,120.83999633789062,12.926740646362305
2016-06-22,177.2622833251953,100.06956481933594,100.5780258178711,42.54310989379883,27.2602596282959,100.83370208740234,120.9000015258789,12.850651741027832
2016-06-23,179.57078552246094,101.49726867675781,102.49955749511719,43.71990966796875,27.918882369995117,99.68031311035156,120.11000061035156,12.952104568481445
2016-06-24,173.12255859375,97.31681060791016,98.60382843017578,39.966094970703125,26.224149703979492,102.35647583007812,126.0,12.690017700195312
2016-06-27,170.02194213867188,95.3852310180664,95.36617279052734,39.19894790649414,25.886808395385742,104.9119644165039,126.68000030517578,12.664654731750488
2016-06-28,173.08843994140625,97.47544860839844,96.8402328491211,40.226776123046875,26.649843215942383,105.13057708740234,125.31999969482422,12.867559432983398
2016-06-29,176.03575134277344,99.20172119140625,99.04254913330078,40.96413803100586,27.32451629638672,104.32402038574219,125.83999633789062,13.053556442260742
2016-06-30,178.43783569335938,100.34954071044922,100.88511657714844,41.57487487792969,27.597606658935547,104.70840454101562,126.47000122070312,12.97746753692627
2016-07-01,178.81265258789062,100.85340881347656,101.24485778808594,41.57487487792969,27.862651824951172,106.16222381591797,128.41000366210938,13.138099670410156
2016-07-05,177.5263671875,100.23754119873047,99.75325012207031,40.77048873901367,27.268299102783203,107.49144744873047,129.47000122070312,12.766107559204102
2016-07-06,178.5911407470703,101.05867767333984,100.47756958007812,40.696006774902344,27.196008682250977,107.66513061523438,130.22999572753906,12.816834449768066
2016-07-07,178.48043823242188,101.35729217529297,100.68929290771484,40.53214645385742,27.12372589111328,107.6576156616211,129.74000549316406,12.45329475402832
2016-07-08,181.1381072998047,102.9249496459961,103.03606414794922,41.150333404541016,27.710046768188477,108.45052337646484,130.52000427246094,12.580111503601074
2016-07-11,181.77691650390625,103.51284790039062,104.22706604003906,41.75362777709961,27.975095748901367,107.49906158447266,129.2899932861328,12.529385566711426
2016-07-12,183.09725952148438,104.035400390625,105.62098693847656,42.31966781616211,28.368669509887695,105.7317123413086,127.1500015258789,12.766107559204102
2016-07-13,183.07168579101562,103.783447265625,105.20631408691406,42.274986267089844,28.320472717285156,106.9779281616211,128.32000732421875,12.605474472045898
2016-07-14,184.09384155273438,104.49266052246094,105.31218719482422,42.63993835449219,28.7301025390625,105.42210388183594,127.33000183105469,12.656200408935547
2016-07-15,183.8468780517578,104.32466125488281,105.60334014892578,42.4239387512207,28.665847778320312,104.51590728759766,126.83999633789062,12.622383117675781
2016-07-18,184.3408966064453,105.01519012451172,105.77976989746094,42.528221130371094,28.92285919189453,104.41770935058594,127.04000091552734,12.563201904296875
2016-07-19,184.1535186767578,104.63261413574219,105.25044250488281,42.19306182861328,28.62568473815918,105.00675201416016,127.20999908447266,12.487112998962402
2016-07-20,184.92015075683594,105.85503387451172,105.93860626220703,42.572906494140625,28.77025604248047,104.43275451660156,125.38999938964844,12.402569770812988
2016-07-21,184.22161865234375,105.61238861083984,105.43570709228516,42.40160369873047,28.68191146850586,104.6442642211914,127.30000305175781,12.334935188293457
2016-07-22,185.0479278564453,106.05097961425781,106.22090911865234,42.48353576660156,28.8907413482666,104.82548522949219,126.3499984741211,12.309572219848633
2016-07-25,184.54531860351562,106.06028747558594,106.06212615966797,42.431400299072266,28.601593017578125,104.74996948242188,125.47000122070312,12.174301147460938
2016-07-26,184.63058471679688,106.1816177368164,106.5738296508789,42.610145568847656,28.826480865478516,104.9161605834961,126.0,12.123576164245605
2016-07-27,184.43458557128906,106.91878509521484,106.873779296875,42.76655578613281,28.92285919189453,106.22271728515625,128.02999877929688,12.00521469116211
2016-07-28,184.64756774902344,107.29205322265625,106.60028076171875,42.72186279296875,28.930898666381836,106.02631378173828,127.66000366210938,11.971397399902344
2016-07-29,184.9456787109375,107.52532958984375,106.81201171875,43.22833251953125,29.0835018157959,106.90984344482422,128.97999572753906,12.072848320007324
2016-08-01,184.7923583984375,108.09453582763672,106.90021514892578,42.9453125,29.027278900146484,105.75083923339844,129.22000122070312,11.861489295959473
2016-08-02,183.6083221435547,107.27339172363281,105.40924072265625,42.72930908203125,28.81844711303711,104.66131591796875,130.27000427246094,11.844581604003906
2016-08-03,184.1449737548828,107.62799072265625,106.26500701904297,42.580352783203125,28.914836883544922,104.72181701660156,129.64999389648438,12.039031028747559
2016-08-04,184.3408966064453,107.93590545654297,106.36204528808594,42.82613754272461,29.07547950744629,105.50867462158203,129.8699951171875,12.089757919311523
2016-08-05,185.8485565185547,108.97168731689453,107.89717102050781,43.01978302001953,29.412805557250977,104.4116439819336,127.55000305175781,12.140483856201172
2016-08-08,185.73785400390625,108.85040283203125,107.84423065185547,43.109161376953125,29.621641159057617,104.60834503173828,127.44000244140625,12.20811939239502
2016-08-09,185.8485565185547,109.1023178100586,107.95891571044922,43.45177459716797,29.822433471679688,105.63737487792969,127.95999908447266,12.174301147460938
2016-08-10,185.38865661621094,108.8224105834961,107.18254089355469,43.600738525390625,29.830469131469727,106.04586791992188,128.55999755859375,12.030577659606934
2016-08-11,186.2489776611328,109.28898620605469,107.69422912597656,43.913551330566406,30.21600341796875,105.10016632080078,127.66999816894531,12.216571807861328
2016-08-12,186.08705139160156,109.36357879638672,107.80010986328125,43.80183792114258,30.103559494018555,105.98538970947266,127.4000015258789,12.309572219848633
2016-08-15,186.6237335205078,109.8301773071289,108.86761474609375,43.97312927246094,30.41680145263672,104.98661804199219,127.83999633789062,12.512475967407227
2016-08-16,185.6612091064453,109.2236328125,107.98536682128906,43.906105041503906,30.28025245666504,104.70669555664062,128.47000122070312,12.613930702209473
2016-08-17,186.0104522705078,109.41960906982422,107.66773986816406,43.89120101928711,30.08749008178711,105.33470916748047,128.5,12.664654731750488
2016-08-18,186.42784118652344,109.44758605957031,108.4617691040039,44.11465072631836,30.36861228942871,105.50115203857422,129.11000061035156,12.825288772583008
2016-08-19,186.15524291992188,109.41960906982422,108.4617691040039,43.78693771362305,30.199939727783203,104.94886779785156,127.97000122070312,12.7830171585083
2016-08-22,186.14674377441406,109.50357818603516,108.70880126953125,43.83161544799805,29.79835319519043,105.83399963378906,127.77999877929688,12.664654731750488
2016-08-23,186.52157592773438,109.69954681396484,109.46751403808594,44.017818450927734,29.67786407470703,105.947509765625,127.76000213623047,12.715380668640137
2016-08-24,185.56748962402344,108.99034118652344,108.57646179199219,43.913551330566406,29.7581844329834,105.69784545898438,126.33999633789062,12.563201904296875
2016-08-25,185.43971252441406,108.81305694580078,108.7882080078125,43.734798431396484,29.78227996826172,105.29685974121094,126.2300033569336,12.613930702209473
2016-08-26,185.09046936035156,108.97168731689453,108.5676498413086,43.474124908447266,29.52526092529297,104.6839599609375,126.05000305175781,12.571657180786133
2016-08-29,186.00193786621094,109.1209945678711,109.13227081298828,43.60818099975586,29.750150680541992,106.08378601074219,126.30000305175781,12.5209321975708
2016-08-30,185.6952667236328,108.76638793945312,109.335205078125,43.54859161376953,29.669830322265625,105.67511749267578,125.02999877929688,12.402569770812988
2016-08-31,185.1671905517578,108.65444946289062,108.7176284790039,43.459224700927734,29.340530395507812,105.82645416259766,124.77999877929688,12.165846824645996
2016-09-01,185.1757049560547,108.93436431884766,108.79703521728516,43.757144927978516,29.565420150756836,105.9432373046875,125.29000091552734,12.030577659606934
2016-09-02,186.0104522705078,109.28898620605469,109.84689331054688,44.26361083984375,30.04733657836914,105.0791244506836,126.56999969482422,12.165846824645996
2016-09-06,186.5726318359375,109.97014617919922,109.95274353027344,44.561527252197266,30.68988037109375,105.84465026855469,128.7100067138672,12.250391006469727
2016-09-07,186.5556182861328,110.03546905517578,110.6408920288086,44.58387756347656,30.5935001373291,105.76886749267578,128.27000427246094,12.360297203063965
2016-09-08,186.1296844482422,109.39158630371094,110.42033386230469,44.457252502441406,30.513187408447266,104.44245910644531,127.58999633789062,12.580111503601074
2016-09-09,181.6747283935547,106.63887023925781,106.97079467773438,43.593284606933594,29.485097885131836,102.7217788696289,126.75,12.385661125183105
2016-09-12,184.28126525878906,108.55180358886719,108.4617691040039,43.9507942199707,29.685901641845703,102.77483367919922,126.58999633789062,12.385661125183105
2016-09-13,181.6321258544922,107.58132934570312,106.37972259521484,43.064476013183594,28.938936233520508,101.60753631591797,125.75,12.225027084350586
2016-09-14,181.56396484375,108.09453582763672,106.3973388671875,43.0048942565918,29.027278900146484,101.75914764404297,126.18000030517578,12.13202953338623
2016-09-15,183.3783416748047,109.7741928100586,107.66773986816406,43.37728500366211,29.52526092529297,101.31950378417969,125.37000274658203,12.191210746765137
2016-09-16,182.6695098876953,109.72179412841797,107.50896453857422,42.81869125366211,29.324462890625,102.13813018798828,125.05999755859375,12.20811939239502
2016-09-19,182.70372009277344,109.24469757080078,108.22355651855469,43.04213333129883,29.557384490966797,101.80461883544922,125.31999969482422,12.199664115905762
2016-09-20,182.71231079101562,109.45051574707031,107.76480102539062,43.30281448364258,29.573453903198242,102.16084289550781,125.44000244140625,12.241935729980469
2016-09-21,184.76693725585938,110.52633666992188,109.32637023925781,44.06251525878906,30.400728225708008,102.98706817626953,127.2699966430664,12.394116401672363
2016-09-22,185.93125915527344,111.40567016601562,110.89672088623047,44.50939178466797,30.617597579956055,103.80567169189453,127.56999969482422,12.461750984191895
2016-09-23,184.91250610351562,110.69470977783203,110.11156463623047,44.136985778808594,30.224035263061523,103.7071304321289,127.6500015258789,12.318024635314941
2016-09-26,183.41429138183594,109.76856231689453,109.01811218261719,43.727352142333984,29.78227996826172,104.3666000366211,127.55000305175781,12.402569770812988
2016-09-27,184.55296325683594,110.85371398925781,109.46041870117188,43.93588638305664,30.207971572875977,105.13217163085938,126.62000274658203,12.284208297729492
2016-09-28,185.46896362304688,111.04083251953125,110.30087280273438,44.24870300292969,30.481056213378906,104.9047622680664,126.22000122070312,12.571657180786133
2016-09-29,183.79095458984375,110.23632049560547,108.69075775146484,43.69755935668945,29.950942993164062,105.17005157470703,126.06999969482422,12.647747039794922
2016-09-30,185.17788696289062,111.05952453613281,109.88507080078125,44.04017639160156,30.079463958740234,104.23017883300781,125.63999938964844,12.690017700195312
2016-10-03,184.73272705078125,110.9005126953125,109.54005432128906,43.920997619628906,30.288284301757812,103.88616943359375,125.31999969482422,12.799925804138184
2016-10-04,183.79095458984375,110.73213958740234,109.00040435791016,43.913551330566406,29.950942993164062,102.67120361328125,120.97000122070312,12.766107559204102
2016-10-05,184.6042938232422,111.1250228881836,109.65507507324219,44.09230422973633,30.384672164916992,102.19282531738281,120.77999877929688,12.84219741821289
2016-10-06,184.73272705078125,111.06888580322266,109.54005432128906,43.85396957397461,30.408769607543945,101.62332153320312,119.66000366210938,12.867559432983398
2016-10-07,184.0991668701172,110.82564544677734,108.66423797607422,43.63052749633789,30.272218704223633,101.6916275024414,119.73999786376953,12.83374309539795
2016-10-10,185.05804443359375,111.52725219726562,109.96468353271484,43.757144927978516,30.601533889770508,101.091796875,120.16000366210938,12.97746753692627
2016-10-11,182.72079467773438,109.93695831298828,107.95647430419922,43.13895034790039,29.894733428955078,100.86396789550781,119.55000305175781,12.90137767791748
2016-10-12,182.96058654785156,109.84342193603516,107.8680191040039,43.04213333129883,29.838510513305664,100.96265411376953,119.73999786376953,12.808379173278809
2016-10-13,182.3612823486328,109.45051574707031,106.97450256347656,42.87827682495117,29.573453903198242,101.34236907958984,120.02999877929688,12.892922401428223
2016-10-14,182.45545959472656,109.58148193359375,106.54100799560547,42.952754974365234,29.621641159057617,99.92237854003906,119.36000061035156,12.90137767791748
2016-10-17,181.82192993164062,109.2821273803711,106.41714477539062,42.82613754272461,29.58951759338379,100.56023406982422,119.68000030517578,12.918285369873047
2016-10-18,182.96058654785156,110.2550277709961,107.02760314941406,43.25067138671875,30.111589431762695,100.88677215576172,120.41999816894531,12.943649291992188
2016-10-19,183.4485321044922,110.24568176269531,107.47874450683594,43.369842529296875,30.29631805419922,100.97026062011719,121.11000061035156,13.028192520141602
2016-10-20,183.10610961914062,110.11471557617188,107.16030883789062,43.43688201904297,30.207971572875977,101.07659912109375,120.73999786376953,12.909832954406738
2016-10-21,183.19178771972656,110.52633666992188,107.10720825195312,43.340057373046875,30.199939727783203,101.2283935546875,120.83000183105469,12.96055793762207
2016-10-24,183.9707489013672,111.85467529296875,107.7884292602539,43.33259582519531,30.328447341918945,100.78802490234375,120.55999755859375,12.969012260437012
2016-10-25,183.3543701171875,111.49921417236328,106.98336791992188,43.30281448364258,30.360572814941406,101.05382537841797,121.47000122070312,12.909832954406738
2016-10-26,182.98623657226562,110.74144744873047,105.9217300415039,43.109161376953125,30.0393009185791,100.3703842163086,120.79000091552734,12.825288772583008
2016-10-27,182.49826049804688,110.23632049560547,104.70975494384766,43.057029724121094,29.78227996826172,99.27693939208984,121.01000213623047,12.90137767791748
2016-10-28,181.95892333984375,109.54407501220703,104.41780090332031,43.04213333129883,29.661800384521484,99.05675506591797,121.58000183105469,12.816834449768066
2016-10-31,181.9674530029297,109.441162109375,104.8335952758789,43.064476013183594,29.830469131469727,99.66421508789062,121.94000244140625,12.647747039794922
2016-11-01,180.64910888671875,108.61795043945312,103.55084228515625,42.87827682495117,29.58951759338379,99.6717758178711,122.7300033569336,12.706927299499512
2016-11-02,179.56179809570312,107.74797058105469,102.23265075683594,42.58781051635742,29.236112594604492,100.10549926757812,123.63999938964844,12.55474853515625
2016-11-03,178.73989868164062,106.69091033935547,101.73724365234375,42.54310989379883,29.155790328979492,99.3370590209961,124.30000305175781,12.512475967407227
2016-11-04,178.5430145263672,106.3166732788086,102.39191436767578,42.13347244262695,28.858606338500977,100.22721099853516,124.38999938964844,12.427931785583496
2016-11-07,182.48114013671875,108.84246826171875,104.89554595947266,42.714420318603516,29.902755737304688,99.37511444091797,122.1500015258789,12.478658676147461
2016-11-08,183.30303955078125,109.55342102050781,105.16976928710938,42.833580017089844,30.095523834228516,98.97187042236328,121.63999938964844,12.461750984191895
2016-11-09,185.2463836669922,110.05859375,108.40768432617188,42.87083435058594,29.11563491821289,94.77227783203125,121.55999755859375,12.5209321975708
2016-11-10,185.708740234375,108.28116607666016,110.14161682128906,42.751651763916016,28.288352966308594,93.37247467041016,119.75,12.419477462768555
2016-11-11,185.2805938720703,108.32794189453125,112.67179870605469,42.49097442626953,27.750211715698242,92.84746551513672,117.0999984741211,12.182757377624512
2016-11-14,185.42617797851562,107.23345184326172,114.25538635253906,42.26009750366211,27.549409866333008,92.2921142578125,116.11000061035156,12.157393455505371
2016-11-15,186.873046875,108.7208480834961,114.60920715332031,42.446292877197266,28.103609085083008,92.74857330322266,117.12000274658203,12.427931785583496
2016-11-16,186.5220184326172,109.3663330078125,114.60035705566406,41.99940490722656,27.870685577392578,93.58544921875,116.7699966430664,12.27575397491455
2016-11-17,187.48089599609375,110.1614990234375,115.27272033691406,42.31966781616211,27.91084861755371,92.20842742919922,116.16999816894531,12.301116943359375
2016-11-18,187.0613555908203,109.7498779296875,115.8831558227539,41.8578987121582,27.782333374023438,91.94219207763672,115.1500015258789,12.402569770812988
2016-11-21,188.4739532470703,110.8911361694336,116.42280578613281,42.21540451049805,28.055418014526367,92.17036437988281,115.58000183105469,12.749198913574219
2016-11-22,188.84210205078125,111.22791290283203,117.48441314697266,42.31966781616211,28.481109619140625,92.139892578125,115.54000091552734,12.732291221618652
2016-11-23,188.9447784423828,110.77889251708984,118.21870422363281,42.17071533203125,28.1759033203125,91.78236389160156,113.25,12.7830171585083
2016-11-25,189.64682006835938,111.13436889648438,118.60796356201172,42.297332763671875,28.312442779541016,91.91932678222656,112.61000061035156,12.690017700195312
2016-11-28,188.7564239501953,110.88179016113281,117.068603515625,42.07389450073242,28.42488670349121,92.596435546875,113.80000305175781,12.732291221618652
2016-11-29,189.1246337890625,111.26533508300781,117.00667572021484,42.342010498046875,28.465045928955078,92.98438262939453,113.2699966430664,12.478658676147461
2016-11-30,188.6708526611328,109.91826629638672,116.43159484863281,42.297332763671875,28.51323890686035,91.47806549072266,111.75,12.859106063842773
2016-12-01,187.97743225097656,108.01924133300781,115.8654556274414,42.13347244262695,28.1759033203125,90.5121841430664,111.54000091552734,13.09582805633545
2016-12-02,188.07159423828125,108.23440551757812,115.80353546142578,42.23773956298828,28.208030700683594,91.17539978027344,112.13999938964844,13.188827514648438
2016-12-05,189.20166015625,109.07633972167969,117.79402160644531,42.65483093261719,28.440948486328125,91.07627868652344,111.54000091552734,13.256462097167969
2016-12-06,189.80093383789062,109.3382568359375,119.0679931640625,42.9453125,28.59355926513672,91.00768280029297,111.43000030517578,13.197280883789062
2016-12-07,192.28370666503906,110.72276306152344,120.22688293457031,43.58584213256836,29.07547950744629,91.7852783203125,111.83000183105469,13.09582805633545
2016-12-08,192.7545166015625,110.9192123413086,122.12004852294922,43.54859161376953,29.203983306884766,90.7027816772461,111.56999969482422,13.12119197845459
2016-12-09,193.91880798339844,111.78919219970703,122.35892486572266,43.734798431396484,29.051382064819336,89.57450103759766,110.4000015258789,13.188827514648438
2016-12-12,193.6962890625,111.28402709960938,121.06732177734375,43.54114532470703,28.858606338500977,89.74219512939453,110.81999969482422,13.273370742797852
2016-12-13,194.989013671875,112.68726348876953,121.07616424560547,44.0103759765625,29.179885864257812,90.0624008178711,110.44999694824219,13.3071870803833
2016-12-14,193.37954711914062,112.45337677001953,119.56336975097656,43.36239242553711,28.312442779541016,89.05610656738281,108.83000183105469,13.18037223815918
2016-12-15,194.17568969726562,112.63115692138672,120.45689392089844,43.26557159423828,28.360633850097656,89.5058822631836,107.33999633789062,13.163463592529297
2016-12-16,193.79588317871094,112.21361541748047,120.23574829101562,43.29536056518555,28.232126235961914,89.30009460449219,108.05000305175781,13.22264575958252
2016-12-19,194.21788024902344,112.67334747314453,121.02307891845703,43.22833251953125,28.039352416992188,90.2605972290039,108.58999633789062,13.146554946899414
2016-12-20,194.9671173095703,113.10494232177734,122.04931640625,43.37728500366211,28.135744094848633,89.81082153320312,107.79000091552734,13.205734252929688
2016-12-21,194.42457580566406,113.02049255371094,121.2530746459961,43.38933563232422,28.018760681152344,90.20726013183594,107.8499984741211,13.129645347595215
2016-12-22,194.08871459960938,112.70150756835938,120.20755767822266,43.29151153564453,27.685688018798828,90.04595947265625,107.58999633789062,13.112737655639648
2016-12-23,194.37290954589844,112.77655792236328,120.84713745117188,43.404380798339844,27.84815788269043,90.22942352294922,107.93000030517578,13.138099670410156
2016-12-27,194.8551025390625,113.35828399658203,121.38902282714844,43.351715087890625,27.970016479492188,89.93897247314453,108.55999755859375,13.341005325317383
2016-12-28,193.24476623535156,112.476318359375,120.1454086303711,43.1861572265625,28.181236267089844,90.59626007080078,108.86000061035156,13.349459648132324
2016-12-29,193.20175170898438,112.31683349609375,120.25196838378906,43.29151153564453,28.644285202026367,90.91736602783203,110.29000091552734,13.366368293762207
2016-12-30,192.4955596923828,111.16277313232422,119.79005432128906,43.44200897216797,28.441198348999023,91.05487060546875,109.61000061035156,13.391731262207031
2017-01-03,193.9681396484375,112.15730285644531,120.38521575927734,43.71291732788086,28.782390594482422,91.44468688964844,110.47000122070312,13.231097221374512
2017-01-04,195.12210083007812,112.76717376708984,122.39277648925781,44.20956039428711,29.001737594604492,91.7962646484375,110.86000061035156,13.332551002502441
2017-01-05,194.9671173095703,113.40518188476562,120.98039245605469,44.585819244384766,29.318552017211914,93.23323822021484,112.58000183105469,13.400187492370605
2017-01-06,195.6646270751953,114.39973449707031,120.53621673583984,44.43531036376953,29.19670295715332,92.3771743774414,111.75,13.38327693939209
2017-01-09,195.01881408691406,114.77500915527344,119.74562072753906,44.367591857910156,29.172332763671875,93.11856842041016,112.66999816894531,13.18037223815918
2017-01-10,195.01881408691406,115.0283432006836,120.89155578613281,44.37511444091797,29.34292984008789,93.05741882324219,113.1500015258789,13.12119197845459
2017-01-11,195.56991577148438,115.33796691894531,121.1047592163086,44.60838317871094,29.69224739074707,93.37080383300781,113.5,13.264915466308594
2017-01-12,195.0791015625,115.15967559814453,120.17204284667969,44.67611312866211,29.82222557067871,93.1644515991211,113.91000366210938,13.459367752075195
2017-01-13,195.52682495117188,115.55374908447266,121.04254913330078,44.841670989990234,29.797863006591797,92.72113037109375,114.20999908447266,13.434003829956055
2017-01-17,194.83790588378906,115.20661163330078,119.3991928100586,44.67611312866211,29.781606674194336,93.69182586669922,115.8499984741211,13.42555046081543
2017-01-18,195.2684783935547,115.44115447998047,119.79005432128906,44.548194885253906,29.61913299560547,92.4917984008789,114.87000274658203,13.3071870803833
2017-01-19,194.5451202392578,115.38487243652344,118.81289672851562,44.43531036376953,29.529775619506836,91.857421875,114.7699966430664,13.264915466308594
2017-01-20,195.2598876953125,115.63819122314453,119.42583465576172,44.691162109375,29.586637496948242,91.67398834228516,115.05000305175781,13.417094230651855
2017-01-23,194.75177001953125,115.73199462890625,118.9283676147461,44.80405044555664,30.02531623840332,92.59120178222656,115.79000091552734,13.417094230651855
2017-01-24,196.00047302246094,116.5107421875,120.7494125366211,44.91691207885742,30.212169647216797,91.95677185058594,115.2699966430664,13.450912475585938
2017-01-25,197.69699096679688,117.6835708618164,121.886474609375,45.38346481323242,30.545238494873047,90.80268859863281,114.31999969482422,13.366368293762207
2017-01-26,197.49029541015625,117.8055191040039,121.39791107177734,45.20286560058594,30.415254592895508,91.1083984375,113.26000213623047,13.42555046081543
2017-01-27,197.1802978515625,118.03068542480469,120.98039245605469,45.12761688232422,30.439626693725586,91.43708038330078,113.48999786376953,13.315643310546875
2017-01-30,195.95745849609375,117.1112289428711,119.2925796508789,44.80405044555664,30.277156829833984,91.16190338134766,113.97000122070312,13.23955249786377
2017-01-31,195.940185546875,116.87667846679688,120.12759399414062,44.871768951416016,30.334026336669922,91.7962646484375,115.55000305175781,13.315643310546875
2017-02-01,196.0177459716797,117.6835708618164,120.05654907226562,45.052364349365234,30.350271224975586,91.22869110107422,115.19999694824219,13.459367752075195
2017-02-02,196.14688110351562,117.58036041259766,119.75452423095703,45.074951171875,30.480249404907227,91.19039916992188,115.83999633789062,13.459367752075195
2017-02-03,197.49891662597656,117.91810607910156,121.58444213867188,45.25553894042969,30.667097091674805,91.1520767211914,116.12999725341797,13.450912475585938
2017-02-06,197.14581298828125,118.05888366699219,120.66946411132812,44.93196487426758,30.59398651123047,91.70359802246094,117.69999694824219,13.366368293762207
2017-02-07,197.1544952392578,118.490478515625,120.13648223876953,44.886817932128906,30.439626693725586,92.37765502929688,117.45999908447266,13.3071870803833
2017-02-08,197.41282653808594,118.68746185302734,119.92327117919922,44.96206283569336,30.626480102539062,93.63387298583984,118.19000244140625,13.357913970947266
2017-02-09,198.58396911621094,119.11906433105469,121.61109161376953,45.15019607543945,30.764585494995117,92.55384826660156,117.29000091552734,13.42555046081543
2017-02-10,199.3675994873047,119.51311492919922,122.53494262695312,45.25553894042969,31.048908233642578,92.50022888183594,117.5999984741211,13.5692720413208
2017-02-13,200.45272827148438,120.18867492675781,122.85474395751953,45.43614196777344,31.146394729614258,92.20917510986328,116.80000305175781,13.417094230651855
2017-02-14,201.25355529785156,120.59213256835938,123.26339721679688,45.36841583251953,31.178895950317383,91.54270935058594,116.93000030517578,13.434003829956055
2017-02-15,202.30419921875,121.3051528930664,124.00069427490234,45.5414924621582,31.430723190307617,91.1214370727539,117.44999694824219,13.450912475585938
2017-02-16,202.13197326660156,121.26763153076172,123.65425109863281,45.6468505859375,31.31699562072754,91.61933898925781,118.08000183105469,13.366368293762207
2017-02-17,202.4506072998047,121.79303741455078,123.57431030273438,45.52644348144531,31.18702507019043,92.16317749023438,117.68000030517578,13.341005325317383
2017-02-21,203.65623474121094,122.39350128173828,124.54255676269531,45.676944732666016,31.528217315673828,92.00233459472656,117.75,13.324095726013184
2017-02-22,203.4753875732422,122.44044494628906,123.99180603027344,45.676944732666016,31.625699996948242,92.15550994873047,117.91000366210938,13.256462097167969
2017-02-23,203.6131591796875,121.98065948486328,123.25448608398438,45.7747688293457,31.633817672729492,92.43126678466797,118.94000244140625,13.298731803894043
2017-02-24,203.87152099609375,122.21525573730469,123.16570281982422,45.44366455078125,31.260135650634766,93.45771789550781,119.69999694824219,13.273370742797852
2017-02-27,204.19015502929688,122.36537170410156,124.36490631103516,45.47377014160156,31.16264533996582,92.90618896484375,119.12000274658203,13.23955249786377
2017-02-28,203.6389923095703,121.99005889892578,122.44608306884766,45.406044006347656,30.86206817626953,93.25089263916016,119.2300033569336,13.290279388427734
2017-03-01,206.48944091796875,123.32237243652344,124.68473052978516,45.880123138427734,31.341371536254883,91.6883316040039,119.05999755859375,13.349459648132324
2017-03-02,205.18910217285156,122.70313262939453,123.25448608398438,45.5791130065918,30.788949966430664,91.35833740234375,117.58000183105469,13.138099670410156
2017-03-03,205.31826782226562,122.92833709716797,123.16570281982422,45.85002136230469,31.0245361328125,91.5962142944336,117.51000213623047,13.205734252929688
2017-03-06,204.7068328857422,122.65621948242188,122.32173919677734,45.70705032348633,31.040786743164062,91.15879821777344,116.72000122070312,13.188827514648438
2017-03-07,204.0954132080078,122.44981384277344,121.52227020263672,45.54901885986328,31.07328224182129,90.88249206542969,115.77999877929688,13.129645347595215
2017-03-08,203.7165069580078,122.6656494140625,120.72280883789062,45.38346481323242,30.78082847595215,90.39134216308594,115.05999755859375,12.83374309539795
2017-03-09,203.97483825683594,122.75946044921875,120.24308776855469,45.556541442871094,30.537118911743164,89.66993713378906,114.47000122070312,12.723835945129395
2017-03-10,204.68963623046875,123.27546691894531,120.77607727050781,45.9403190612793,30.87831687927246,89.98457336425781,114.72000122070312,12.605474472045898
2017-03-13,204.79293823242188,123.4819107055664,121.0603256225586,46.18111801147461,31.308876037597656,89.41667938232422,114.73999786376953,12.588566780090332
2017-03-14,204.00930786132812,123.18165588378906,120.48295593261719,45.82744216918945,31.13015365600586,89.84645080566406,114.12000274658203,12.53783893585205
2017-03-15,205.7746124267578,123.94163513183594,122.34840393066406,46.48212432861328,31.94251823425293,90.94393920898438,116.25,12.647747039794922
2017-03-16,205.3699188232422,123.85713958740234,122.50829315185547,46.70787048339844,32.13749313354492,90.48345184326172,116.7300033569336,12.630837440490723
2017-03-17,205.00926208496094,123.81395721435547,122.99687194824219,46.82827377319336,32.080623626708984,91.05136108398438,116.98999786376953,12.673110008239746
2017-03-20,204.78439331054688,123.92676544189453,122.46391296386719,46.730438232421875,32.45432662963867,91.44276428222656,117.51000213623047,12.664654731750488
2017-03-21,202.1550750732422,122.0463638305664,119.00831604003906,46.51974868774414,32.09687042236328,92.20250701904297,118.54000091552734,12.597020149230957
2017-03-22,202.63075256347656,122.8737564086914,119.03498077392578,46.52727508544922,32.25122833251953,92.57090759277344,118.83000183105469,12.588566780090332
2017-03-23,202.4145050048828,122.5634994506836,119.72787475585938,46.63262176513672,32.25934982299805,92.44047546386719,118.66999816894531,12.563201904296875
2017-03-24,202.2675018310547,122.81733703613281,119.81425476074219,46.76054763793945,32.3405876159668,92.7704849243164,118.86000061035156,12.605474472045898
2017-03-27,202.05990600585938,123.01478576660156,120.0370101928711,46.880950927734375,32.25122833251953,93.19255065917969,119.52999877929688,12.588566780090332
2017-03-28,203.53028869628906,123.76692199707031,120.97240447998047,47.106689453125,32.3405876159668,92.57090759277344,119.04000091552734,12.664654731750488
2017-03-29,203.7205810546875,124.34046936035156,121.36438751220703,47.106689453125,32.3974494934082,93.1235122680664,119.33000183105469,12.7830171585083
2017-03-30,204.36923217773438,124.54730224609375,122.281982421875,46.9411506652832,32.22685241699219,92.37139129638672,118.47000122070312,12.83374309539795
2017-03-31,203.8935089111328,124.46266174316406,122.4780044555664,46.8734245300293,31.9993896484375,92.6399917602539,118.72000122070312,12.859106063842773
2017-04-03,203.5389404296875,124.387451171875,121.18624114990234,46.805694580078125,32.17811965942383,93.5744400024414,119.3499984741211,12.808379173278809
2017-04-04,203.66867065429688,124.58491516113281,121.04365539550781,46.79064178466797,32.194358825683594,93.06681823730469,119.62000274658203,12.935194969177246
2017-04-05,203.06320190429688,124.07720947265625,119.67170715332031,46.54232406616211,32.09687042236328,93.35136413574219,119.62000274658203,12.96055793762207
2017-04-06,203.63404846191406,124.14295959472656,120.78530883789062,46.54985046386719,32.040008544921875,93.21298217773438,119.18000030517578,12.994376182556152
2017-04-07,203.4264373779297,124.07720947265625,120.73187255859375,46.51974868774414,31.983142852783203,92.83609771728516,119.45999908447266,13.028192520141602
2017-04-10,203.54757690429688,124.12417602539062,120.9991455078125,46.467071533203125,31.853160858154297,93.26679229736328,119.45999908447266,13.129645347595215
2017-04-11,203.3053741455078,123.58827209472656,121.96128845214844,46.68529510498047,31.78005599975586,94.1512451171875,121.19000244140625,13.155009269714355
2017-04-12,202.4145050048828,123.08998107910156,120.30424499511719,46.647674560546875,31.934404373168945,94.66656494140625,122.0199966430664,13.155009269714355
2017-04-13,201.0998992919922,122.60112762451172,119.12828826904297,46.34667205810547,31.796300888061523,94.95878601074219,122.5999984741211,13.197280883789062
2017-04-17,202.88162231445312,123.61650848388672,120.52698516845703,46.63262176513672,32.129371643066406,94.66656494140625,122.23999786376953,13.12119197845459
2017-04-18,202.27610778808594,123.42848205566406,120.55370330810547,46.42192077636719,31.723180770874023,95.9047622680664,122.81999969482422,13.070466041564941
2017-04-19,201.9042205810547,123.62590789794922,120.97240447998047,46.23379898071289,31.528217315673828,95.3817367553711,121.7300033569336,12.84219741821289
2017-04-20,203.54757690429688,124.66009521484375,122.51363372802734,46.602516174316406,31.918153762817383,95.01263427734375,121.95999908447266,12.791471481323242
2017-04-21,202.89886474609375,124.6319351196289,122.23745727539062,46.63262176513672,31.918153762817383,95.01263427734375,122.30999755859375,12.664654731750488
2017-04-24,205.13038635253906,126.13619995117188,123.76091766357422,47.814048767089844,32.373085021972656,94.54345703125,121.4800033569336,12.622383117675781
2017-04-25,206.32394409179688,127.04824829101562,124.9636001586914,48.15268325805664,32.657405853271484,93.4052505493164,120.25,12.681563377380371
2017-04-26,206.19419860839844,126.86955261230469,125.60498046875,48.017234802246094,32.535552978515625,93.92052459716797,120.83999633789062,12.613930702209473
2017-04-27,206.3671417236328,127.63117218017578,125.56937408447266,48.062381744384766,32.49494171142578,93.88973999023438,120.38999938964844,12.546295166015625
2017-04-28,205.9174041748047,127.8567886352539,123.88558959960938,48.00969696044922,32.54368591308594,94.09738159179688,120.7699966430664,12.512475967407227
2017-05-01,206.43637084960938,128.99441528320312,124.59832763671875,48.205352783203125,32.73052978515625,93.31519317626953,119.66999816894531,12.53783893585205
2017-05-02,206.51419067382812,129.21060180664062,123.9657211303711,48.45368576049805,32.96612548828125,93.79297637939453,119.6500015258789,12.402569770812988
2017-05-03,206.2633819580078,128.7969512939453,123.19963073730469,48.355857849121094,32.74677658081055,93.85462951660156,117.9800033569336,12.351842880249023
2017-05-04,206.50555419921875,128.843994140625,123.03034973144531,48.81488037109375,32.38121032714844,93.39219665527344,116.79000091552734,12.055941581726074
2017-05-05,207.3185577392578,129.3140411376953,123.82327270507812,49.35668182373047,32.64928436279297,93.47699737548828,117.01000213623047,12.225027084350586
2017-05-08,207.28402709960938,129.5961151123047,123.30650329589844,48.98795700073242,32.64116287231445,92.96836853027344,116.75,12.174301147460938
2017-05-09,207.09365844726562,130.0474090576172,123.2530746459961,48.8675537109375,33.05547332763672,92.96063995361328,116.05000305175781,12.115120887756348
2017-05-10,207.46559143066406,130.1226043701172,124.01924896240234,48.942806243896484,33.274810791015625,92.85275268554688,116.04000091552734,12.309572219848633
2017-05-11,207.04183959960938,130.01919555664062,123.15512084960938,48.8223991394043,33.347930908203125,92.85275268554688,116.5,12.360297203063965
2017-05-12,206.69586181640625,130.31069946289062,122.50471496582031,49.093299865722656,33.48603057861328,93.5541000366211,116.83000183105469,12.360297203063965
2017-05-15,207.83755493164062,130.72433471679688,123.45796203613281,49.341636657714844,33.82722091674805,93.29975891113281,117.13999938964844,12.427931785583496
2017-05-16,207.64720153808594,131.26968383789062,123.50251007080078,49.65768051147461,33.85972213745117,93.64652252197266,117.6500015258789,12.444841384887695
2017-05-17,203.96275329589844,127.93193817138672,120.17060852050781,49.093299865722656,33.28293991088867,95.01067352294922,119.79000091552734,12.529385566711426
2017-05-18,204.78439331054688,129.05079650878906,120.60714721679688,49.176090240478516,32.73052978515625,95.11857604980469,118.80999755859375,12.49556827545166
2017-05-19,206.11636352539062,129.5961151123047,121.18624114990234,49.747982025146484,33.42917251586914,95.34209442138672,119.4000015258789,12.740744590759277
2017-05-22,207.16287231445312,130.68673706054688,122.0058364868164,49.808197021484375,33.4616584777832,95.08006286621094,119.9000015258789,12.825288772583008
2017-05-23,207.6212921142578,130.81834411621094,122.40670776367188,49.815711975097656,33.4941520690918,94.44036102294922,119.13999938964844,12.7830171585083
2017-05-24,208.10562133789062,131.4201202392578,122.48692321777344,49.84580993652344,33.62413787841797,94.97216033935547,119.61000061035156,12.757654190063477
2017-05-25,209.1002655029297,132.53892517089844,122.56709289550781,49.84580993652344,33.7866096496582,95.00299835205078,119.4800033569336,12.478658676147461
2017-05-26,209.05702209472656,132.7739715576172,122.53147888183594,49.70283508300781,33.90846633911133,95.16481018066406,120.54000091552734,12.571657180786133
2017-05-30,208.87542724609375,132.88677978515625,121.56928253173828,49.65016174316406,33.729740142822266,95.63493347167969,120.13999938964844,12.47020435333252
2017-05-31,208.82350158691406,132.8397674560547,121.44461822509766,49.710357666015625,33.469783782958984,95.87384033203125,120.62000274658203,12.334935188293457
2017-06-01,210.484130859375,133.35691833496094,123.7876205444336,50.03392791748047,33.754119873046875,95.8839111328125,120.72000122070312,12.250391006469727
2017-06-02,211.18470764160156,134.88002014160156,124.58940887451172,50.58325958251953,33.924713134765625,97.01920318603516,121.61000061035156,12.191210746765137
2017-06-05,211.02906799316406,134.85179138183594,123.81431579589844,50.304840087890625,33.88409423828125,96.41680145263672,121.7300033569336,12.123576164245605
2017-06-06,210.35443115234375,134.31590270996094,123.69853210449219,50.161865234375,33.90034103393555,96.94196319580078,123.0999984741211,12.20811939239502
2017-06-07,210.74363708496094,134.84239196777344,123.81431579589844,50.17691421508789,33.85972213745117,96.47858428955078,122.44999694824219,12.039031028747559
2017-06-08,210.8473663330078,134.9833984375,125.5069808959961,50.08661651611328,34.06281661987305,96.22368621826172,121.6500015258789,12.039031028747559
2017-06-09,210.52735900878906,131.60813903808594,126.15735626220703,49.89848709106445,33.8028564453125,96.07693481445312,120.54000091552734,12.10666561126709
2017-06-12,210.484130859375,130.9029998779297,125.95243835449219,49.710357666015625,33.62413787841797,96.04608154296875,120.36000061035156,11.996758460998535
2017-06-13,211.51339721679688,131.96542358398438,126.59385681152344,50.09413146972656,33.7866096496582,96.06153106689453,120.4800033569336,12.0474853515625
2017-06-14,211.2452392578125,131.39186096191406,125.84552001953125,50.05651092529297,33.778499603271484,97.54435729980469,119.81999969482422,11.836125373840332
2017-06-15,210.8387451171875,130.80894470214844,125.20408630371094,49.53729248046875,33.42917251586914,97.3899154663086,119.31999969482422,11.886853218078613
2017-06-16,210.88485717773438,130.241455078125,124.89228820800781,49.95868682861328,33.48603057861328,97.58301544189453,119.33999633789062,11.937579154968262
2017-06-19,212.64047241210938,132.419189453125,125.81880950927734,50.161865234375,33.8191032409668,97.4439926147461,118.43000030517578,11.861489295959473
2017-06-20,211.20639038085938,131.38218688964844,124.54485321044922,49.75811004638672,33.445316314697266,98.31669616699219,118.18000030517578,11.743128776550293
2017-06-21,211.15428161621094,132.6831512451172,124.23303985595703,49.69693374633789,33.51877212524414,98.51752471923828,118.5199966430664,11.616311073303223
2017-06-22,211.05865478515625,132.64541625976562,124.7052230834961,49.68928909301758,33.690155029296875,98.7337417602539,118.91999816894531,11.633220672607422
2017-06-23,211.31072998046875,133.154541015625,125.53373718261719,49.81163787841797,33.86970901489258,98.68743896484375,119.43000030517578,11.683947563171387
2017-06-26,211.44973754882812,132.53231811523438,125.6851577758789,49.895748138427734,34.196170806884766,99.0581283569336,118.36000061035156,11.709311485290527
2017-06-27,209.74627685546875,130.12828063964844,124.5804672241211,49.88809585571289,33.7962532043457,98.00006103515625,118.80999755859375,11.844581604003906
2017-06-28,211.62362670898438,132.00437927246094,126.48693084716797,50.323974609375,34.05742263793945,97.67567443847656,118.9000015258789,11.920671463012695
2017-06-29,209.76361083984375,129.71348571777344,125.73861694335938,49.826934814453125,33.6248664855957,96.85704040527344,118.31999969482422,11.971397399902344
2017-06-30,210.15476989746094,129.76063537597656,125.54264068603516,49.85751724243164,33.77993392944336,96.63308715820312,118.0199966430664,12.216571807861328
2017-07-03,210.5110626220703,128.39366149902344,126.59385681152344,49.79634094238281,33.97581100463867,96.32195281982422,116.08999633789062,12.343389511108398
2017-07-05,210.99777221679688,129.65692138671875,126.13951873779297,49.79634094238281,33.91051483154297,96.34510803222656,116.5199966430664,12.157393455505371
2017-07-06,209.06834411621094,128.48793029785156,124.49230194091797,49.57457733154297,33.50244903564453,95.54801940917969,116.47000122070312,12.165846824645996
2017-07-07,210.4241943359375,129.87376403808594,125.7002182006836,49.58222579956055,33.56774139404297,94.97529602050781,115.27999877929688,12.0474853515625
2017-07-10,210.65011596679688,130.7222137451172,125.15444946289062,49.7045783996582,33.88603591918945,95.11460876464844,115.47000122070312,12.098213195800781
2017-07-11,210.49365234375,131.08993530273438,125.52125549316406,49.81929016113281,34.16352462768555,95.27713775634766,115.62000274658203,12.216571807861328
2017-07-12,212.0754852294922,132.64541625976562,126.48750305175781,50.21691131591797,34.8245849609375,95.93498992919922,116.02999877929688,12.157393455505371
2017-07-13,212.43186950683594,132.9376678466797,126.59492492675781,50.362213134765625,34.99597930908203,95.33134460449219,115.81999969482422,12.148938179016113
2017-07-14,213.4226531982422,133.98416137695312,126.80966186523438,50.713966369628906,35.43669128417969,95.44739532470703,116.7699966430664,12.284208297729492
2017-07-17,213.39657592773438,134.05020141601562,127.10490417480469,50.61456298828125,35.273468017578125,95.71054077148438,117.29000091552734,12.241935729980469
2017-07-18,213.5095672607422,134.9457550048828,126.77388000488281,50.66044616699219,35.37955856323242,96.54637908935547,118.11000061035156,12.292662620544434
2017-07-19,214.6654815673828,135.73765563964844,128.0354461669922,50.88219451904297,35.67337417602539,96.58506774902344,118.08000183105469,12.402569770812988
2017-07-20,214.7611083984375,135.91683959960938,128.12493896484375,51.088661193847656,35.63256072998047,96.86365509033203,118.23999786376953,12.385661125183105
2017-07-21,214.56991577148438,135.8602294921875,127.54332733154297,50.88984298706055,35.60808181762695,97.27389526367188,119.26000213623047,12.216571807861328
2017-07-24,214.51776123046875,136.48240661621094,127.72225952148438,50.752201080322266,35.71418380737305,96.89466094970703,119.30999755859375,12.241935729980469
2017-07-25,215.03921508789062,136.13365173339844,128.8854217529297,50.82102966308594,35.62440872192383,95.63314056396484,118.91999816894531,12.377206802368164
2017-07-26,215.04791259765625,136.5767364501953,128.16958618164062,51.134552001953125,35.91820526123047,95.78793334960938,119.87999725341797,12.49556827545166
2017-07-27,214.84800720214844,135.7188262939453,127.35543060302734,51.019840240478516,35.72235107421875,95.31581115722656,119.79000091552734,12.571657180786133
2017-07-28,214.5960235595703,135.60565185546875,127.01548767089844,51.07335662841797,35.70602035522461,95.88079833984375,120.69000244140625,12.639291763305664
2017-07-31,214.4742889404297,135.0306396484375,126.61277770996094,51.18043518066406,35.746829986572266,95.99689483642578,120.75,12.715380668640137
2017-08-01,214.95230102539062,135.3417510986328,126.85440826416016,51.463356018066406,35.85292053222656,96.67090606689453,120.6500015258789,12.571657180786133
2017-08-02,215.05661010742188,135.70944213867188,125.46760559082031,51.48629379272461,35.88556671142578,96.72518157958984,120.4000015258789,12.597020149230957
2017-08-03,214.63946533203125,135.18145751953125,124.84125518798828,51.51688766479492,35.7386589050293,97.7257080078125,120.58999633789062,12.504021644592285
2017-08-04,215.03053283691406,135.4265594482422,125.4496841430664,51.58570861816406,35.86924743652344,96.89582824707031,119.6500015258789,12.529385566711426
2017-08-07,215.43035888671875,136.284423828125,125.65545654296875,51.608642578125,36.11408996582031,97.00438690185547,119.51000213623047,12.55474853515625
2017-08-08,214.90017700195312,136.04881286621094,125.26177215576172,51.33335876464844,36.122249603271484,96.65538787841797,119.86000061035156,12.563201904296875
2017-08-09,214.89146423339844,135.8697052001953,124.17916870117188,51.24924850463867,35.79579162597656,97.18277740478516,121.30999755859375,12.647747039794922
2017-08-10,211.85824584960938,132.95655822753906,121.92442321777344,50.522796630859375,34.947017669677734,98.01264953613281,122.20999908447266,12.45329475402832
2017-08-11,212.17108154296875,133.96536254882812,122.10336303710938,50.431034088134766,35.02861404418945,98.05923461914062,122.79000091552734,12.49556827545166
2017-08-14,214.27439880371094,135.69056701660156,123.95543670654297,50.79808807373047,35.38772201538086,97.55503845214844,121.91999816894531,12.385661125183105
2017-08-15,214.24835205078125,135.78480529785156,122.93546295166016,50.75984573364258,35.428524017333984,97.14400482177734,120.9800033569336,12.326480865478516
2017-08-16,214.62205505371094,136.02052307128906,122.97132873535156,51.05043411254883,35.79579162597656,97.500732421875,121.87000274658203,12.292662620544434
2017-08-17,211.27593994140625,133.23939514160156,120.72550964355469,50.47690963745117,35.338768005371094,98.22982025146484,122.48999786376953,12.326480865478516
2017-08-18,210.94566345214844,133.14512634277344,120.716552734375,50.61456298828125,35.640724182128906,98.20658111572266,122.30000305175781,12.546295166015625
2017-08-21,211.11074829101562,132.97537231445312,120.63607025146484,50.599266052246094,35.771297454833984,98.44701385498047,122.76000213623047,12.394116401672363
2017-08-22,213.31832885742188,135.00230407714844,121.94232177734375,50.843955993652344,36.17121505737305,98.06694793701172,122.20999908447266,12.427931785583496
2017-08-23,212.5535125732422,134.5215301513672,121.74552154541016,50.85160827636719,36.34260559082031,98.73396301269531,122.66999816894531,12.53783893585205
2017-08-24,212.05819702148438,134.12554931640625,122.12126922607422,50.73690414428711,36.45685577392578,98.36943817138672,122.29000091552734,12.529385566711426
2017-08-25,212.5535125732422,133.84274291992188,122.47024536132812,51.04278564453125,36.6690559387207,98.74951171875,122.73999786376953,12.504021644592285
2017-08-28,212.56222534179688,134.25753784179688,122.98916625976562,51.04278564453125,36.538482666015625,98.68741607666016,124.69000244140625,12.512475967407227
2017-08-29,212.8056182861328,134.78553771972656,123.01604461669922,50.83631134033203,36.47318649291992,99.00540924072266,124.41999816894531,12.512475967407227
2017-08-30,213.81373596191406,136.36935424804688,123.8033676147461,50.76749038696289,36.53031921386719,98.97441864013672,124.36000061035156,12.419477462768555
2017-08-31,215.10009765625,137.83059692382812,125.02018737792969,51.157493591308594,36.58743667602539,99.26912689208984,125.81999969482422,12.766107559204102
2017-09-01,215.40426635742188,137.64205932617188,125.72705841064453,51.22631072998047,36.85676956176758,98.50983428955078,126.05999755859375,12.7830171585083
2017-09-05,213.8572540283203,136.40699768066406,124.51915740966797,50.88219451904297,36.37525177001953,100.07196044921875,127.45999908447266,12.808379173278809
2017-09-06,214.5872344970703,136.82186889648438,124.77862548828125,51.19572067260742,36.61193084716797,99.45802307128906,126.80999755859375,12.935194969177246
2017-09-07,214.56124877929688,137.1424102783203,124.46551513671875,51.616294860839844,36.88125228881836,100.47615051269531,128.1300048828125,12.926740646362305
2017-09-08,214.30914306640625,135.9545135498047,124.56390380859375,51.62394332885742,36.63641357421875,100.258544921875,127.97000122070312,12.7830171585083
2017-09-11,216.59498596191406,137.51950073242188,125.87020874023438,52.02922439575195,37.1260986328125,99.06163787841797,126.19000244140625,12.808379173278809
2017-09-12,217.3250274658203,137.84945678710938,126.6396484375,52.1898193359375,37.08528518676758,98.5409164428711,126.55999755859375,12.84219741821289
2017-09-13,217.4293212890625,138.0379638671875,127.01548767089844,51.90687942504883,36.88941192626953,98.15229034423828,125.61000061035156,12.90137767791748
2017-09-14,217.35977172851562,137.22723388671875,126.89913940429688,51.99864196777344,36.98734664916992,98.55646514892578,126.16000366210938,12.909832954406738
2017-09-15,217.6523895263672,137.69862365722656,127.41806030273438,52.04451370239258,37.20771789550781,98.59532165527344,125.52999877929688,12.969012260437012
2017-09-18,218.1153564453125,137.51815795898438,128.2859649658203,52.11334228515625,37.33828353881836,98.02798461914062,124.36000061035156,12.952104568481445
2017-09-19,218.33370971679688,137.7543487548828,128.2859649658203,52.35803985595703,37.41990280151367,97.78700256347656,124.62000274658203,12.926740646362305
2017-09-20,218.4123077392578,137.32920837402344,128.6975555419922,52.24333953857422,37.2485237121582,97.85697937011719,123.62000274658203,13.036648750305176
2017-09-21,217.8271026611328,136.48837280273438,128.5633544921875,52.13628387451172,37.2485237121582,97.80256652832031,122.68000030517578,12.985920906066895
2017-09-22,217.87078857421875,136.35598754882812,129.10906982421875,52.2968635559082,37.036319732666016,98.0823745727539,123.23999786376953,13.036648750305176
2017-09-25,217.42532348632812,134.91990661621094,129.2880401611328,51.99864196777344,36.407894134521484,98.69634246826172,124.52999877929688,13.256462097167969
2017-09-26,217.5563201904297,135.26953125,129.6997528076172,51.883934020996094,36.309959411621094,98.51760864257812,123.13999938964844,13.138099670410156
2017-09-27,218.40359497070312,136.48837280273438,132.2379913330078,51.92216873168945,36.17936706542969,97.03315734863281,121.9800033569336,13.087372779846191
2017-09-28,218.6655731201172,136.44107055664062,132.58770751953125,52.059814453125,36.15489196777344,96.74560546875,122.20999908447266,13.087372779846191
2017-09-29,219.4342498779297,137.42367553710938,132.90159606933594,52.36568832397461,36.57112503051758,96.96321105957031,121.58000183105469,13.019740104675293
2017-10-02,220.3862762451172,137.54649353027344,134.5339813232422,52.31980514526367,36.57928466796875,96.7856216430664,120.7699966430664,12.909832954406738
2017-10-03,220.85797119140625,137.83941650390625,134.82994079589844,52.49568176269531,37.15873718261719,96.87911224365234,120.83000183105469,12.918285369873047
2017-10-04,221.11997985839844,137.97166442871094,134.3994598388672,52.39627456665039,37.15058135986328,96.8868637084961,121.16999816894531,12.935194969177246
2017-10-05,222.43014526367188,139.32273864746094,134.76718139648438,52.36568832397461,37.428070068359375,96.52085876464844,120.5199966430664,13.078919410705566
2017-10-06,222.1768341064453,139.5116424560547,134.57882690429688,52.327457427978516,37.2403564453125,96.248291015625,121.08999633789062,12.87601375579834
2017-10-09,221.8100128173828,139.35113525390625,134.02272033691406,52.34274673461914,37.21586990356445,96.55204772949219,122.08000183105469,12.884469032287598
2017-10-10,222.3951873779297,139.45504760742188,134.408447265625,52.83979797363281,37.583126068115234,96.70773315429688,122.4000015258789,13.036648750305176
2017-10-11,222.74453735351562,139.8707733154297,134.309814453125,52.96978759765625,37.7545166015625,96.89469146728516,122.79000091552734,13.06201171875
2017-10-12,222.41262817382812,139.61566162109375,134.2111053466797,52.92390823364258,37.738197326660156,97.30742645263672,122.88999938964844,13.045103073120117
2017-10-13,222.6834259033203,140.1542510986328,133.96896362304688,53.199195861816406,38.08097457885742,98.0082778930664,123.81999969482422,13.171916961669922
2017-10-16,222.98037719726562,140.63609313964844,133.8523406982422,53.16095733642578,38.05649185180664,97.93821716308594,122.97000122070312,13.205734252929688
2017-10-17,223.1376190185547,140.81556701660156,133.46673583984375,53.02330780029297,37.86062240600586,98.06278991699219,122.12999725341797,13.188827514648438
2017-10-18,223.35597229003906,140.64553833007812,134.10350036621094,53.176246643066406,37.95039367675781,97.41642761230469,121.66999816894531,13.18037223815918
2017-10-19,223.41709899902344,140.1258544921875,133.8971710205078,53.092140197753906,37.61577224731445,97.58777618408203,122.38999938964844,13.12119197845459
2017-10-20,224.570068359375,140.50381469726562,134.5160675048828,53.02330780029297,37.7545166015625,96.55204772949219,121.61000061035156,13.188827514648438
2017-10-23,223.69667053222656,139.58731079101562,133.51153564453125,52.90861129760742,37.452552795410156,96.72334289550781,121.80000305175781,13.188827514648438
2017-10-24,224.08969116210938,139.82354736328125,133.78956604003906,52.99273681640625,37.452552795410156,96.12371063232422,121.33000183105469,13.324095726013184
2017-10-25,222.98037719726562,139.2943878173828,133.14378356933594,52.78627014160156,37.370933532714844,95.6642074584961,121.3499984741211,13.341005325317383
2017-10-26,223.26858520507812,138.85035705566406,133.42184448242188,52.77861785888672,37.117942810058594,95.34492492675781,120.33000183105469,13.400187492370605
2017-10-27,225.0940704345703,142.8941192626953,134.34568786621094,52.90096664428711,37.65658187866211,95.97570037841797,120.9000015258789,13.467822074890137
2017-10-30,224.25558471679688,143.21543884277344,132.92855834960938,53.02330780029297,37.41990280151367,96.89469146728516,121.12999725341797,13.501638412475586
2017-10-31,224.60494995117188,143.75396728515625,133.87033081054688,53.24506759643555,37.77083969116211,96.92584228515625,120.66999816894531,13.535455703735352
2017-11-01,224.90194702148438,143.70669555664062,132.9823760986328,53.29859924316406,37.966712951660156,97.35740661621094,121.11000061035156,13.543910026550293
2017-11-02,224.98927307128906,143.4326934814453,133.3770294189453,53.459190368652344,38.015689849853516,97.78657531738281,121.19000244140625,13.62845516204834
2017-11-03,225.740478515625,144.81216430664062,133.28732299804688,53.37506866455078,37.81981658935547,98.05199432373047,120.62000274658203,13.712998390197754
2017-11-06,226.08985900878906,145.30345153808594,133.43975830078125,53.45154571533203,38.244205474853516,98.41873931884766,121.6500015258789,13.97508430480957
2017-11-07,225.93263244628906,145.3885040283203,131.84327697753906,53.252723693847656,37.999366760253906,98.83238983154297,121.20999908447266,13.890542030334473
2017-11-08,226.31690979003906,145.97433471679688,132.02272033691406,53.42860412597656,38.17890930175781,98.6138687133789,121.62999725341797,13.865178108215332
2017-11-09,225.49588012695312,145.20895385742188,131.55633544921875,53.12272262573242,37.942230224609375,98.33293151855469,122.12999725341797,13.890542030334473
2017-11-10,225.42601013183594,145.19955444335938,131.4576416015625,52.97743225097656,37.77900695800781,96.85012817382812,121.12999725341797,13.865178108215332
2017-11-13,225.63563537597656,145.37905883789062,131.4935302734375,52.75567626953125,37.697391510009766,97.05306243896484,121.30999755859375,13.822905540466309
2017-11-14,225.111572265625,144.84994506835938,131.1348114013672,52.71743392944336,37.44438934326172,97.70861053466797,121.55999755859375,13.636907577514648
2017-11-15,223.9848175048828,144.169677734375,130.61456298828125,52.46510314941406,37.2485237121582,98.76992797851562,121.41000366210938,13.619999885559082
2017-11-16,225.88893127441406,146.01206970214844,132.53390502929688,52.88568115234375,38.02384567260742,97.91146850585938,121.4000015258789,13.577727317810059
2017-11-17,225.22509765625,145.4546356201172,133.14378356933594,52.69449996948242,38.2115592956543,98.63725280761719,122.86000061035156,13.797541618347168
2017-11-20,225.60940551757812,145.3412322998047,134.11244201660156,52.809200286865234,38.40744400024414,98.5982666015625,121.30999755859375,13.68763542175293
2017-11-21,227.0855712890625,146.91909790039062,135.51156616210938,53.20684814453125,38.921592712402344,98.910400390625,121.51000213623047,13.780632019042969
2017-11-22,226.88470458984375,147.09860229492188,135.33224487304688,53.35213088989258,39.01953887939453,99.23041534423828,122.62999725341797,13.856720924377441
2017-11-24,227.40870666503906,147.63717651367188,135.38601684570312,53.787994384765625,38.93791580200195,98.95726013183594,122.31999969482422,13.898994445800781
2017-11-27,227.2952117919922,147.5709991455078,134.97348022460938,53.466835021972656,38.36661911010742,98.81678009033203,122.83000183105469,13.873631477355957
2017-11-28,229.60107421875,147.9488983154297,137.09909057617188,53.772705078125,38.65227508544922,98.94945526123047,122.80999755859375,13.814448356628418
2017-11-29,229.46127319335938,145.36959838867188,137.55650329589844,53.558589935302734,38.040164947509766,97.97391510009766,122.04000091552734,13.721452713012695
2017-11-30,231.47023010253906,146.58839416503906,137.80764770507812,53.61212921142578,37.623931884765625,97.64615631103516,121.0999984741211,13.662271499633789
2017-12-01,230.9898223876953,145.96485900878906,137.2426300048828,53.39802169799805,37.411739349365234,98.9638671875,121.58999633789062,13.780632019042969
2017-12-04,230.7104034423828,144.28306579589844,136.73135375976562,53.20684814453125,37.48518753051758,99.01079559326172,121.18000030517578,13.61154556274414
2017-12-05,229.8805389404297,144.3775177001953,135.36810302734375,53.092140197753906,37.46072006225586,99.5033950805664,120.31999969482422,13.61154556274414
2017-12-06,229.9242706298828,145.02943420410156,134.73130798339844,52.98509216308594,36.9547004699707,99.84748840332031,120.06999969482422,13.38327693939209
2017-12-07,230.64920043945312,145.5208282470703,135.67308044433594,53.12272262573242,37.060794830322266,99.06549835205078,118.48999786376953,13.42555046081543
2017-12-08,231.90696716308594,146.1632537841797,135.79861450195312,53.405662536621094,37.49336242675781,99.07331848144531,118.4800033569336,13.493184089660645
2017-12-11,232.60569763183594,147.29701232910156,135.74478149414062,53.54330825805664,37.681068420410156,98.87003326416016,118.01000213623047,13.52700138092041
2017-12-12,233.0161895751953,147.09860229492188,135.32327270507812,53.61212921142578,37.428070068359375,98.83090209960938,118.1500015258789,13.408639907836914
2017-12-13,232.99005126953125,147.3820343017578,136.13043212890625,53.81858825683594,37.87693786621094,99.57379150390625,119.16999816894531,13.349459648132324
2017-12-14,232.0380096435547,147.27810668945312,134.62367248535156,53.52036666870117,37.59945297241211,99.99607849121094,118.93000030517578,13.391731262207031
2017-12-15,233.97030639648438,148.950439453125,136.5430450439453,53.505069732666016,37.681068420410156,100.3714828491211,119.18000030517578,13.391731262207031
2017-12-18,235.4539031982422,150.1992645263672,138.390625,54.1397590637207,38.10546112060547,99.45654296875,119.7300033569336,13.450912475585938
2017-12-19,234.5496368408203,149.3092498779297,137.2964324951172,53.94114685058594,37.90412902832031,98.16618347167969,119.81999969482422,13.55236530303955
2017-12-20,234.4267120361328,149.14828491210938,137.56552124023438,53.848419189453125,37.9538459777832,97.07918548583984,120.13999938964844,13.62845516204834
2017-12-21,234.90956115722656,149.16725158691406,138.16778564453125,54.04161071777344,38.20240020751953,97.64497375488281,120.30999755859375,13.636907577514648
2017-12-22,234.8481903076172,148.99679565429688,137.91575622558594,54.180721282958984,38.525516510009766,97.7781982421875,120.94000244140625,13.696089744567871
2017-12-26,234.56719970703125,148.1920623779297,137.99668884277344,54.16526412963867,38.49237060546875,98.06815338134766,121.7699966430664,13.898994445800781
2017-12-27,234.68136596679688,148.2110137939453,137.86170959472656,54.265724182128906,38.591793060302734,99.34557342529297,122.2300033569336,13.93281078338623
2017-12-28,235.16421508789062,148.39089965820312,138.40187072753906,54.29663848876953,38.85691452026367,99.25935363769531,122.8499984741211,14.000446319580078
2017-12-29,234.2775115966797,147.47247314453125,137.258544921875,54.33528137207031,39.039188385009766,99.41609954833984,123.6500015258789,14.042719841003418
2018-01-02,235.95428466796875,150.05723571777344,138.5548858642578,54.73713302612305,39.77655792236328,98.34246063232422,125.1500015258789,14.110353469848633
2018-01-03,237.4467010498047,151.5152587890625,138.69895935058594,54.99989700317383,40.15766525268555,98.81266021728516,124.81999969482422,14.194897651672363
2018-01-04,238.447509765625,151.78041076660156,139.0680694580078,55.602664947509766,40.356502532958984,98.7969970703125,125.45999908447266,14.177988052368164
2018-01-05,240.03660583496094,153.30471801757812,139.35617065429688,55.911781311035156,40.70448303222656,98.51483154296875,125.33000183105469,14.127262115478516
2018-01-08,240.47549438476562,153.9012451171875,139.57223510742188,55.89631652832031,40.70448303222656,98.4521713256836,125.30999755859375,14.118809700012207
2018-01-09,241.0198211669922,153.91067504882812,139.3831787109375,55.95815658569336,40.638206481933594,97.13562774658203,124.7300033569336,14.21180534362793
2018-01-10,240.65106201171875,153.5508575439453,139.40118408203125,55.84995651245117,40.3813591003418,97.01807403564453,125.02999877929688,14.262532234191895
2018-01-11,242.4069061279297,154.60186767578125,141.79600524902344,56.23634719848633,40.629913330078125,97.41776275634766,125.44000244140625,14.25407886505127
2018-01-12,243.9872283935547,155.73797607421875,142.39015197753906,56.80049133300781,41.01931381225586,97.58231353759766,126.95999908447266,14.347076416015625
2018-01-16,243.1531219482422,155.2930450439453,140.57156372070312,56.746402740478516,40.86189651489258,97.98980712890625,127.16999816894531,14.279440879821777
2018-01-17,245.47071838378906,156.96885681152344,141.9040069580078,57.040061950683594,41.400421142578125,97.85658264160156,126.13999938964844,14.296350479125977
2018-01-18,245.0581512451172,156.9972381591797,140.9316864013672,56.97050857543945,41.450138092041016,96.94755554199219,125.86000061035156,14.296350479125977
2018-01-19,246.17306518554688,157.48959350585938,142.7863006591797,57.28734588623047,41.789825439453125,96.43814086914062,126.41999816894531,14.270986557006836
2018-01-22,248.1747283935547,159.1748504638672,143.55152893066406,57.581024169921875,42.03009033203125,96.53218078613281,126.6500015258789,14.304803848266602
2018-01-23,248.70143127441406,160.49090576171875,144.0106658935547,57.7664794921875,42.22893524169922,96.94755554199219,127.27999877929688,14.406257629394531
2018-01-24,248.60491943359375,159.449462890625,143.1194305419922,57.866943359375,42.58518981933594,96.42245483398438,128.8300018310547,14.55843448638916
2018-01-25,248.71023559570312,159.39263916015625,143.1733856201172,57.642845153808594,42.56033706665039,97.21398162841797,127.97000122070312,14.473893165588379
2018-01-26,251.58981323242188,161.8353729248047,143.6865997314453,58.15288543701172,43.14857864379883,96.85352325439453,128.07000732421875,14.583797454833984
2018-01-29,249.9217529296875,161.0495147705078,142.87631225585938,57.619659423828125,42.49406433105469,96.17951202392578,127.3499984741211,14.541526794433594
2018-01-30,247.3583221435547,159.7240447998047,141.50784301757812,57.140525817871094,41.91409683227539,95.6153335571289,126.80000305175781,14.44007396697998
2018-01-31,247.48118591308594,160.3867645263672,140.76963806152344,57.06325149536133,42.27863693237305,96.17951202392578,127.6500015258789,14.45698356628418
2018-02-01,247.2002410888672,159.0233917236328,141.21078491210938,57.225528717041016,41.70697784423828,94.78562927246094,128.07000732421875,14.600707054138184
2018-02-02,241.81866455078125,155.85166931152344,138.49191284179688,56.06633758544922,40.638206481933594,93.90608978271484,126.38999938964844,14.363984107971191
2018-02-05,231.7052764892578,149.70689392089844,133.1712188720703,53.71703338623047,39.213172912597656,94.7934799194336,126.70999908447266,14.228714942932129
2018-02-06,236.27035522460938,153.67401123046875,134.76467895507812,54.775779724121094,40.48906326293945,94.20452880859375,125.37999725341797,14.144171714782715
2018-02-07,234.98863220214844,151.6857147216797,134.8997039794922,54.196170806884766,39.213172912597656,93.30927276611328,124.79000091552734,13.983538627624512
2018-02-08,226.17445373535156,145.28538513183594,130.9384307861328,52.78196716308594,37.85441970825195,93.20722198486328,124.9800033569336,13.839812278747559
2018-02-09,229.57196044921875,147.79437255859375,132.13583374023438,53.00606918334961,38.45923614501953,92.6181869506836,124.7699966430664,13.636907577514648
2018-02-12,232.943115234375,150.4169921875,133.38723754882812,53.8175048828125,39.06403732299805,93.02655029296875,125.37000274658203,13.721452713012695
2018-02-13,233.52252197265625,151.19342041015625,133.67530822753906,53.655216217041016,39.36229705810547,93.44277954101562,126.08000183105469,13.746814727783203
2018-02-14,236.6741485595703,154.02430725097656,136.0790557861328,54.60576248168945,40.34821701049805,92.40618133544922,128.22999572753906,13.958174705505371
2018-02-15,239.6941680908203,156.8835906982422,137.5645751953125,54.94578552246094,41.17673110961914,92.72028350830078,128.3800048828125,13.983538627624512
2018-02-16,239.76438903808594,156.18301391601562,138.05075073242188,55.193077087402344,41.04416275024414,93.22289276123047,127.95999908447266,14.00890064239502
2018-02-20,238.2631378173828,156.49537658691406,136.91636657714844,54.6753044128418,40.48078536987305,92.8145523071289,126.23999786376953,14.051173210144043
2018-02-21,237.0780029296875,156.05047607421875,137.06045532226562,54.412559509277344,40.4476432800293,91.67587280273438,125.66000366210938,14.03426456451416
2018-02-22,237.38522338867188,156.03150939941406,136.8443603515625,54.6984977722168,40.472503662109375,91.95075225830078,126.30000305175781,14.161079406738281
2018-02-23,241.16896057128906,159.22218322753906,138.62693786621094,55.13125228881836,41.193302154541016,92.76744079589844,126.13999938964844,14.25407886505127
2018-02-26,243.96957397460938,161.33352661132812,139.5362091064453,55.64903259277344,41.57441329956055,92.79881286621094,126.44999694824219,14.330167770385742
2018-02-27,240.9232635498047,159.3358154296875,137.52854919433594,54.82215118408203,40.36479187011719,92.66532135009766,125.12999725341797,14.186443328857422
2018-02-28,238.48260498046875,158.31332397460938,135.35891723632812,54.30436325073242,39.78483963012695,93.2542953491211,125.0,14.03426456451416
2018-03-01,235.01495361328125,155.72848510742188,134.99876403808594,53.392459869384766,39.71027755737305,93.89088439941406,124.72000122070312,14.059625625610352
2018-03-02,236.22634887695312,157.1581573486328,137.1594696044922,53.647491455078125,39.875972747802734,93.12760925292969,125.38999938964844,14.059625625610352
2018-03-05,238.9567108154297,158.9002685546875,138.38388061523438,53.93341064453125,39.93397521972656,92.8758316040039,125.18000030517578,14.144171714782715
2018-03-06,239.5624542236328,159.5725555419922,139.8783416748047,54.25026321411133,40.306800842285156,92.96235656738281,126.52999877929688,14.194897651672363
2018-03-07,239.47470092773438,159.94175720214844,141.11172485351562,54.23481369018555,40.34821701049805,92.86009979248047,125.72000122070312,14.042719841003418
2018-03-08,240.63352966308594,160.8223114013672,140.82363891601562,54.35072708129883,40.356502532958984,93.39515686035156,125.41999816894531,13.958174705505371
2018-03-09,244.82115173339844,163.9467315673828,143.0743865966797,54.6984977722168,41.21815490722656,92.7813720703125,125.54000091552734,14.093445777893066
2018-03-12,244.5138702392578,164.8177490234375,143.32644653320312,54.76032257080078,41.31758117675781,93.31646728515625,125.54000091552734,14.068081855773926
2018-03-13,242.93368530273438,162.5738525390625,142.6602020263672,54.39710235595703,40.94474792480469,93.78862762451172,125.77999877929688,14.025809288024902
2018-03-14,241.68701171875,162.54541015625,141.98507690429688,54.52846908569336,41.01103210449219,94.61479187011719,125.69999694824219,14.025809288024902
2018-03-15,241.42361450195312,162.4033966064453,141.27374267578125,54.49755859375,40.86189651489258,94.61479187011719,124.9000015258789,14.017355918884277
2018-03-16,241.6854705810547,161.92051696777344,142.06605529785156,54.45892333984375,40.770755767822266,94.27645111083984,124.5999984741211,14.068081855773926
2018-03-19,238.4153594970703,158.46583557128906,140.69761657714844,54.018428802490234,40.3316535949707,93.97746276855469,124.87000274658203,13.97508430480957
2018-03-20,238.82081604003906,158.9873504638672,140.66160583496094,54.010704040527344,40.77904510498047,93.59979248046875,124.30999755859375,14.068081855773926
2018-03-21,238.36245727539062,158.29507446289062,141.48086547851562,54.095706939697266,41.01931381225586,93.70204162597656,126.4800033569336,14.321714401245117
2018-03-22,232.4041748046875,154.3879852294922,138.3785400390625,53.091064453125,39.65228271484375,94.63056945800781,125.9800033569336,14.21180534362793
2018-03-23,227.45046997070312,150.3196563720703,135.4007110595703,52.503746032714844,38.8486213684082,94.5597152709961,127.61000061035156,14.33862018585205
2018-03-26,233.67332458496094,155.90530395507812,138.36041259765625,53.446563720703125,40.10795593261719,94.1977767944336,128.27999877929688,14.347076416015625
2018-03-27,229.69810485839844,150.86016845703125,135.68043518066406,53.052433013916016,39.37887191772461,95.20499420166016,127.48999786376953,14.287894248962402
2018-03-28,229.01937866210938,149.12472534179688,135.6352996826172,53.36155700683594,39.18002700805664,95.45675659179688,125.7300033569336,14.228714942932129
2018-03-29,231.9457244873047,151.85594177246094,137.0068817138672,53.848419189453125,40.0002555847168,95.92102813720703,125.79000091552734,14.35552978515625
2018-04-02,226.9392547607422,147.4746551513672,133.66815185546875,53.106536865234375,39.27945327758789,96.11027526855469,127.26000213623047,14.161079406738281
2018-04-03,229.84793090820312,149.13426208496094,135.58114624023438,53.446563720703125,39.668853759765625,95.36905670166016,126.30000305175781,14.23716926574707
2018-04-04,232.3070831298828,151.48614501953125,137.30465698242188,53.63202667236328,39.685420989990234,95.17193603515625,126.44999694824219,14.177988052368164
2018-04-05,234.14048767089844,152.34909057617188,138.44166564941406,53.98752975463867,39.78483963012695,94.4621810913086,125.80000305175781,14.245623588562012
2018-04-06,228.92247009277344,148.53677368164062,135.68043518066406,53.63202667236328,39.00604248046875,95.49522399902344,126.38999938964844,14.144171714782715
2018-04-09,230.05062866210938,149.5799102783203,135.84280395507812,54.07252502441406,39.0474739074707,95.65294647216797,126.81999969482422,14.321714401245117
2018-04-10,233.70851135253906,152.880126953125,138.40554809570312,54.652130126953125,39.80968475341797,95.47943878173828,127.12000274658203,14.566889762878418
2018-04-11,232.48342895507812,151.9982147216797,138.703369140625,54.443458557128906,39.82626724243164,95.81851196289062,128.11000061035156,14.676797866821289
2018-04-12,234.39608764648438,153.8284912109375,139.65081787109375,54.652130126953125,39.80968475341797,95.11670684814453,126.62000274658203,14.6176176071167
2018-04-13,233.70851135253906,153.03182983398438,138.91995239257812,54.70621871948242,39.412010192871094,95.33747863769531,127.44999694824219,14.626070976257324
2018-04-16,235.63006591796875,154.1983642578125,140.20132446289062,54.791221618652344,39.46173095703125,95.36905670166016,127.62999725341797,14.57534408569336
2018-04-17,238.1509552001953,157.5174560546875,141.72630310058594,55.038516998291016,39.5445671081543,95.6292495727539,127.75,14.583797454833984
2018-04-18,238.32720947265625,157.8399200439453,142.10528564453125,55.32445526123047,39.884254455566406,94.8643569946289,127.8499984741211,14.854339599609375
2018-04-19,237.0050811767578,156.3889617919922,141.12176513671875,55.11580276489258,39.65228271484375,94.0915756225586,127.5999984741211,14.795159339904785
2018-04-20,234.99545288085938,153.913818359375,140.36370849609375,54.90715408325195,39.15517044067383,93.41338348388672,126.62999725341797,14.769795417785645
2018-04-23,234.96022033691406,153.52496337890625,140.1562042236328,54.83759689331055,38.84033966064453,93.43706512451172,125.62000274658203,14.761340141296387
2018-04-24,231.79588317871094,150.27227783203125,139.35305786132812,54.61348342895508,38.65807342529297,93.01123809814453,126.2300033569336,14.68525218963623
2018-04-25,232.36878967285156,150.45242309570312,139.14552307128906,54.520748138427734,38.35982131958008,92.38823699951172,125.41000366210938,14.710615158081055
2018-04-26,234.7310333251953,153.6197967529297,139.7861785888672,54.791221618652344,38.91490936279297,93.0349349975586,124.97000122070312,14.786703109741211
2018-04-27,234.95132446289062,153.71469116210938,139.58770751953125,54.84532928466797,39.15517044067383,93.75248718261719,125.5,14.778247833251953
2018-04-30,233.14451599121094,152.6240997314453,138.3514404296875,54.667579650878906,38.87348175048828,93.91809844970703,124.58999633789062,14.845885276794434
2018-05-01,233.55874633789062,154.3690185546875,139.02822875976562,54.474369049072266,38.682926177978516,93.579833984375,123.70999908447266,14.761340141296387
2018-05-02,231.98974609375,153.45864868164062,139.5515899658203,54.451194763183594,38.37638473510742,93.47711181640625,123.6500015258789,14.761340141296387
2018-05-03,231.47862243652344,153.4396514892578,138.79359436035156,54.62120056152344,38.29352951049805,93.8959732055664,124.27999877929688,14.854339599609375
2018-05-04,234.4753875732422,156.3509979248047,140.5261688232422,54.814414978027344,38.46751403808594,94.03819274902344,124.54000091552734,14.955790519714355
2018-05-07,235.26869201660156,157.6502227783203,141.71726989746094,54.82215118408203,38.24382019042969,93.8880615234375,124.56999969482422,14.947336196899414
2018-05-08,235.26869201660156,157.4890594482422,142.4210968017578,54.829864501953125,38.45923614501953,93.80110931396484,124.58999633789062,14.989607810974121
2018-05-09,237.542724609375,159.20550537109375,143.1881866455078,54.961246490478516,38.53379440307617,93.24005126953125,124.33000183105469,15.124876976013184
2018-05-10,239.76393127441406,160.8555908203125,143.95516967773438,55.31673812866211,39.33744430541992,93.99078369140625,125.18000030517578,15.200966835021973
2018-05-11,240.49551391601562,160.70387268066406,144.23487854003906,55.46355056762695,39.27116775512695,94.22789764404297,125.0,15.107970237731934
2018-05-14,240.61009216308594,160.97885131835938,143.68443298339844,55.56401824951172,39.320884704589844,93.72994995117188,124.48999786376953,15.217876434326172
2018-05-15,238.95298767089844,159.19601440429688,143.7115020751953,55.162166595458984,38.508941650390625,92.6630630493164,122.4800033569336,15.234785079956055
2018-05-16,239.95779418945312,160.2486114501953,145.20945739746094,55.23945617675781,39.08889389038086,92.30747985839844,122.29000091552734,15.319329261779785
2018-05-17,239.755126953125,159.63226318359375,145.87716674804688,55.32445526123047,38.49237060546875,91.84117889404297,122.36000061035156,15.336236953735352
2018-05-18,239.15574645996094,158.8072052001953,146.06674194335938,55.12353515625,38.16925048828125,92.63150024414062,122.41000366210938,15.344693183898926
2018-05-21,240.9538116455078,159.69857788085938,147.0322723388672,55.471275329589844,38.401241302490234,92.67892456054688,122.4800033569336,15.463053703308105
2018-05-22,240.28392028808594,159.49000549316406,145.96739196777344,55.401729583740234,38.53379440307617,92.53666687011719,122.41000366210938,15.479962348937988
2018-05-23,240.945068359375,160.83665466308594,146.15695190429688,54.791221618652344,38.51722717285156,93.2083969116211,122.54000091552734,15.564504623413086
2018-05-24,240.45143127441406,160.7891845703125,146.21107482910156,54.62120056152344,38.31010055541992,93.95128631591797,123.58999633789062,15.463053703308105
2018-05-25,239.87850952148438,160.95042419433594,145.94943237304688,54.265724182128906,38.46751403808594,94.53612518310547,123.20999908447266,15.234785079956055
2018-05-29,237.11962890625,160.23916625976562,145.75086975097656,53.16062545776367,37.572723388671875,96.60669708251953,123.19000244140625,15.091059684753418
2018-05-30,240.28392028808594,161.38662719726562,148.06092834472656,53.9720573425293,37.871002197265625,95.95866394042969,123.37000274658203,15.285511016845703
2018-05-31,238.81198120117188,161.28231811523438,146.8788299560547,53.63202667236328,37.85441970825195,95.80059051513672,123.0999984741211,15.243242263793945
2018-06-01,241.15658569335938,163.81436157226562,147.8443603515625,54.095706939697266,38.38467025756836,95.29438018798828,122.48999786376953,15.1417875289917
2018-06-04,242.3023681640625,165.29379272460938,148.6294403076172,54.25798797607422,38.77406692504883,94.60527801513672,122.37000274658203,14.964245796203613
2018-06-05,242.4786834716797,165.80587768554688,149.54991149902344,54.17298889160156,38.475799560546875,94.82706451416016,122.8499984741211,14.989607810974121
2018-06-06,244.5059356689453,166.77317810058594,150.63270568847656,54.65985107421875,39.055755615234375,94.05870819091797,122.91999816894531,15.04033374786377
2018-06-07,244.4794921875,165.41705322265625,149.81155395507812,54.35072708129883,38.45923614501953,94.9696273803711,122.86000061035156,15.099517822265625
2018-06-08,245.2022705078125,165.42654418945312,150.26271057128906,54.412559509277344,38.38467025756836,94.6844711303711,123.01000213623047,15.091059684753418
2018-06-11,245.52838134765625,165.8722686767578,150.48831176757812,54.76032257080078,38.38467025756836,94.51016998291016,123.2300033569336,15.08260726928711
2018-06-12,245.8458251953125,166.7447052001953,151.1741180419922,54.412559509277344,38.285247802734375,94.53395080566406,122.81999969482422,15.074152946472168
2018-06-13,245.06126403808594,166.7352294921875,150.5785675048828,54.48983383178711,38.028411865234375,94.48641967773438,123.19000244140625,15.133333206176758
2018-06-14,245.67825317382812,168.4232635498047,151.38165283203125,54.3739128112793,37.771575927734375,95.2706527709961,123.37999725341797,14.964245796203613
2018-06-15,245.36483764648438,167.83531188964844,151.42677307128906,54.095706939697266,37.47330856323242,95.35780334472656,121.33999633789062,14.600707054138184
2018-06-18,244.86021423339844,167.73831176757812,152.13963317871094,53.70930862426758,37.01763153076172,95.2706527709961,121.11000061035156,14.727520942687988
2018-06-19,243.9217071533203,167.26316833496094,152.14866638183594,53.21592712402344,36.6090087890625,95.82511901855469,120.80000305175781,14.57534408569336
2018-06-20,244.33779907226562,168.45111083984375,153.37594604492188,53.255340576171875,36.767452239990234,94.98546600341797,120.26000213623047,14.55843448638916
2018-06-21,242.80609130859375,166.9875946044922,151.9411163330078,52.87702178955078,36.25042724609375,95.48456573486328,120.05000305175781,14.448528289794922
2018-06-22,243.24874877929688,166.61688232421875,151.43577575683594,53.436614990234375,36.62569046020508,95.47659301757812,120.33999633789062,14.735979080200195
2018-06-25,239.93746948242188,162.8629913330078,148.96331787109375,52.69574737548828,36.13368225097656,95.69048309326172,119.88999938964844,14.566889762878418
2018-06-26,240.46876525878906,163.5282745361328,149.82958984375,52.79032897949219,35.99190902709961,95.82511901855469,119.26000213623047,14.710615158081055
2018-06-27,238.4766082763672,161.304443359375,147.42930603027344,52.29379653930664,35.29975128173828,96.72819519042969,118.58000183105469,14.786703109741211
2018-06-28,239.84007263183594,162.69192504882812,147.88047790527344,52.490821838378906,35.59996795654297,96.751953125,118.22000122070312,14.778247833251953
2018-06-29,240.1853790283203,163.12908935546875,147.78125,52.78244400024414,36.13368225097656,96.41925811767578,118.6500015258789,14.947336196899414
2018-07-02,240.69891357421875,164.22203063964844,148.80087280273438,52.30167770385742,35.77509307861328,96.34383392333984,117.45999908447266,14.634523391723633
2018-07-03,239.84890747070312,162.32131958007812,149.39407348632812,52.45930480957031,35.800113677978516,96.85984802246094,118.6500015258789,14.6176176071167
2018-07-05,241.8056182861328,164.3360137939453,151.09664916992188,52.97948455810547,35.708377838134766,97.13771057128906,119.05000305175781,14.702157974243164
2018-07-06,243.85089111328125,166.8925018310547,152.3736572265625,53.26322555541992,36.20039367675781,97.45532989501953,118.86000061035156,14.769795417785645
2018-07-09,246.04661560058594,168.3940887451172,153.33358764648438,53.775516510009766,36.8508415222168,96.82811737060547,119.1500015258789,14.845885276794434
2018-07-10,246.931884765625,168.51768493652344,152.63623046875,53.751853942871094,36.767452239990234,96.82018280029297,118.93000030517578,14.812065124511719
2018-07-11,245.12571716308594,167.66232299804688,151.34117126464844,52.8533821105957,36.05028533935547,97.19336700439453,117.63999938964844,14.296350479125977
2018-07-12,247.34811401367188,170.55137634277344,152.0747833251953,53.26322555541992,36.54228973388672,97.18540954589844,118.12999725341797,14.372440338134766
2018-07-13,247.5428466796875,170.69398498535156,151.62197875976562,53.42873764038086,36.56731033325195,97.4315185546875,117.61000061035156,14.397802352905273
2018-07-16,247.32154846191406,170.28529357910156,151.03326416015625,53.40508270263672,36.36717224121094,97.02661895751953,117.55000305175781,14.093445777893066
2018-07-17,248.3219757080078,171.32122802734375,151.7034454345703,53.499671936035156,36.634029388427734,96.8440170288086,116.27999877929688,14.110353469848633
2018-07-18,248.8444061279297,170.9980926513672,152.1290740966797,53.50754928588867,36.59233474731445,96.45497131347656,116.30999755859375,14.23716926574707
2018-07-19,247.90589904785156,170.1427764892578,153.20680236816406,53.397212982177734,36.14202117919922,97.0663070678711,115.80999755859375,14.220259666442871
2018-07-20,247.6224822998047,170.10475158691406,152.58192443847656,53.64939880371094,36.659053802490234,95.87543487548828,116.55999755859375,14.321714401245117
2018-07-23,248.08294677734375,170.64645385742188,152.7720947265625,53.64939880371094,36.417213439941406,94.69241333007812,116.0,14.372440338134766
2018-07-24,249.3313446044922,171.34967041015625,151.14195251464844,53.96467590332031,36.95091247558594,95.01797485351562,116.04000091552734,14.448528289794922
2018-07-25,251.456298828125,173.74456787109375,151.6944122314453,54.36662292480469,37.55134582519531,94.86713409423828,116.68000030517578,14.642979621887207
2018-07-26,250.863037109375,171.1121368408203,152.50950622558594,54.12229919433594,37.13438415527344,94.68452453613281,115.7699966430664,14.642979621887207
2018-07-27,249.16311645507812,168.80271911621094,149.66575622558594,54.224769592285156,37.26780700683594,94.84332275390625,115.83000183105469,14.583797454833984
2018-07-30,247.86158752441406,166.4173126220703,148.7057647705078,54.216880798339844,37.20942687988281,94.517822265625,115.6500015258789,14.668342590332031
2018-07-31,249.0834197998047,167.69082641601562,150.21817016601562,54.287811279296875,37.40957260131836,95.03379821777344,115.98999786376953,14.583797454833984
2018-08-01,248.66726684570312,168.32762145996094,150.1185760498047,54.011962890625,37.07600021362305,94.25959014892578,115.13999938964844,14.372440338134766
2018-08-02,250.0219268798828,170.6178741455078,151.2144317626953,53.657291412353516,36.5839958190918,94.3948745727539,114.5199966430664,14.45698356628418
2018-08-03,251.0933074951172,171.140625,150.68917846679688,53.68881607055664,36.867530822753906,94.8643569946289,114.91999816894531,14.507708549499512
2018-08-06,252.0141143798828,172.14801025390625,151.53143310546875,53.460262298583984,36.5839958190918,94.92007446289062,114.33000183105469,14.533071517944336
2018-08-07,252.8462677001953,172.77528381347656,151.8936004638672,53.87798309326172,36.959259033203125,94.42670440673828,114.58999633789062,14.642979621887207
2018-08-08,252.74002075195312,172.9843292236328,151.75778198242188,53.83069610595703,36.90922164916992,94.52220916748047,114.91000366210938,14.465436935424805
2018-08-09,252.39474487304688,172.87979125976562,152.147216796875,53.67305374145508,36.80081558227539,95.31792449951172,114.73999786376953,14.406257629394531
2018-08-10,250.7036895751953,171.5587921142578,151.72154235839844,52.601173400878906,36.01692581176758,96.01014709472656,114.69000244140625,14.406257629394531
2018-08-13,249.76512145996094,171.36874389648438,150.83404541015625,52.41201400756836,35.42484664916992,95.81124114990234,112.95999908447266,14.330167770385742
2018-08-14,251.35888671875,172.44264221191406,152.32835388183594,52.40413284301758,35.64166259765625,95.59639739990234,113.06999969482422,14.35552978515625
2018-08-15,249.4818115234375,170.33279418945312,150.41748046875,51.64751434326172,34.61594009399414,96.15338897705078,111.19000244140625,14.042719841003418
2018-08-16,251.50047302246094,170.89353942871094,151.8121337890625,52.01005172729492,34.832763671875,96.14545440673828,111.0999984741211,14.15262508392334
2018-08-17,252.38592529296875,170.93153381347656,152.46421813964844,52.31743240356445,35.19968795776367,96.26478576660156,112.12999725341797,14.21180534362793
2018-08-20,252.92596435546875,170.7794952392578,152.88987731933594,52.601173400878906,35.35813522338867,96.90931701660156,112.69000244140625,14.23716926574707
2018-08-21,253.51914978027344,171.40673828125,154.64675903320312,52.92431640625,35.80844497680664,96.58306884765625,113.0199966430664,14.262532234191895
2018-08-22,253.36863708496094,172.0719757080078,155.02716064453125,53.129234313964844,36.09197998046875,96.96502685546875,113.2699966430664,14.465436935424805
2018-08-23,253.0321502685547,171.82485961914062,154.5561981201172,52.75093078613281,35.50823974609375,97.11619567871094,112.19999694824219,14.44007396697998
2018-08-24,254.55499267578125,173.4214630126953,155.39845275878906,53.05830383300781,36.16703796386719,97.30712127685547,114.16000366210938,14.549980163574219
2018-08-27,256.56488037109375,175.18914794921875,155.6248321533203,53.76763153076172,36.68406677246094,96.7502212524414,114.58999633789062,14.600707054138184
2018-08-28,256.68878173828125,175.4457550048828,155.769775390625,53.7203483581543,36.55064010620117,96.16931915283203,113.68000030517578,14.541526794433594
2018-08-29,258.07000732421875,177.47000122070312,156.2225799560547,54.011962890625,36.775794982910156,96.2966537475586,114.19999694824219,14.702157974243164
2018-08-30,257.02520751953125,177.15638732910156,156.0957794189453,53.499671936035156,35.81678771972656,96.50349426269531,113.63999938964844,14.676797866821289
2018-08-31,257.0340881347656,177.38446044921875,156.69349670410156,53.07405090332031,36.000247955322266,96.28073120117188,113.51000213623047,14.693705558776855
2018-09-04,256.5914611816406,176.6242218017578,155.99620056152344,52.624813079833984,35.29975128173828,95.72407531738281,112.93000030517578,14.609162330627441
2018-09-05,255.90086364746094,174.34336853027344,155.5795440673828,52.144046783447266,34.791072845458984,95.46886444091797,113.31999969482422,14.549980163574219
2018-09-06,255.13047790527344,172.78472900390625,154.52902221679688,51.98640823364258,34.82442092895508,95.81979370117188,113.54000091552734,14.465436935424805
2018-09-07,254.6348114013672,172.11953735351562,154.44754028320312,51.56869125366211,34.64929962158203,95.00629425048828,113.2300033569336,14.499255180358887
2018-09-10,255.07745361328125,172.69920349121094,154.63768005371094,51.88395690917969,34.30739212036133,95.35720825195312,113.1500015258789,14.549980163574219
2018-09-11,255.9185333251953,174.02969360351562,154.8913116455078,51.931243896484375,34.382450103759766,94.63147735595703,113.22000122070312,14.693705558776855
2018-09-12,255.98056030273438,173.51651000976562,154.5199432373047,52.151920318603516,34.55757141113281,94.85477447509766,114.16999816894531,14.795159339904785
2018-09-13,257.49456787109375,175.3697052001953,154.5561981201172,52.53812026977539,35.024566650390625,94.99833679199219,113.76000213623047,14.634523391723633
2018-09-14,257.53875732421875,174.8565216064453,155.2083282470703,52.616939544677734,34.991207122802734,94.54373168945312,113.0199966430664,14.541526794433594
2018-09-17,256.17529296875,172.3380889892578,153.5600128173828,52.66423034667969,34.67432403564453,94.54373168945312,113.61000061035156,14.524619102478027
2018-09-18,257.5654296875,173.76364135742188,154.20298767089844,53.21592712402344,35.00789260864258,93.55486297607422,113.44000244140625,14.65988826751709
2018-09-19,257.83984375,173.6305694580078,153.6415252685547,53.40508270263672,35.4915657043457,92.99658966064453,113.87999725341797,14.752885818481445
2018-09-20,259.92919921875,175.55027770996094,155.0633544921875,54.067134857177734,35.88349914550781,93.4272232055664,114.2699966430664,14.752885818481445
2018-09-21,259.6918640136719,174.59043884277344,154.32077026367188,54.09077453613281,36.05028533935547,93.38740539550781,113.48999786376953,14.786703109741211
2018-09-24,258.8291320800781,175.07601928710938,153.7501678466797,53.846458435058594,35.64166259765625,93.14813232421875,113.47000122070312,15.006516456604004
2018-09-25,258.58892822265625,175.31399536132812,153.9856719970703,54.11442565917969,35.7834358215332,93.0524673461914,113.6500015258789,15.04033374786377
2018-09-26,257.8152160644531,175.43777465820312,152.5781707763672,54.138065338134766,35.85849380493164,93.70638275146484,113.05000305175781,14.972698211669922
2018-09-27,258.5355529785156,176.92298889160156,152.5872802734375,54.027732849121094,36.03361129760742,93.77017211914062,112.05000305175781,15.04033374786377
2018-09-28,258.5623474121094,176.88490295410156,153.0503692626953,53.58635711669922,35.791770935058594,93.52291870117188,112.76000213623047,15.192512512207031
2018-10-01,259.46063232421875,177.24671936035156,151.0345001220703,53.64939880371094,35.800113677978516,92.83637237548828,112.56999969482422,15.479962348937988
2018-10-02,259.3094482421875,176.8468017578125,149.4001007080078,53.37356185913086,35.34980010986328,93.40387725830078,113.87000274658203,15.53069019317627
2018-10-03,259.4517517089844,177.03724670410156,150.70765686035156,53.27897644042969,35.05792236328125,91.78136444091797,113.41999816894531,15.674412727355957
2018-10-04,257.423828125,173.63839721679688,148.5918731689453,52.656341552734375,34.18231201171875,91.13390350341797,113.4800033569336,15.505326271057129
2018-10-05,255.9830780029297,171.51524353027344,147.2480010986328,52.34109115600586,34.057228088378906,90.35062408447266,113.80000305175781,15.47150993347168
2018-10-08,255.9830780029297,170.46795654296875,146.9392852783203,52.0888786315918,34.107261657714844,90.04686737060547,112.54000091552734,15.42923355102539
2018-10-09,255.60952758789062,171.02011108398438,146.3671875,51.95488357543945,33.98217010498047,90.95808410644531,112.5999984741211,15.539142608642578
2018-10-10,247.51609802246094,163.49884033203125,142.1629638671875,50.851470947265625,32.97312545776367,90.71028900146484,112.87999725341797,15.234785079956055
2018-10-11,242.0642547607422,161.47093200683594,139.44793701171875,50.142147064208984,32.639564514160156,91.81326293945312,115.77999877929688,15.006516456604004
2018-10-12,245.42605590820312,165.9646759033203,139.4751739501953,50.32341384887695,33.59857177734375,91.49357604980469,115.2300033569336,15.124876976013184
2018-10-15,244.0475616455078,163.95584106445312,139.9927520751953,50.20519256591797,33.23998260498047,91.45364379882812,116.0,15.158696174621582
2018-10-16,249.38380432128906,168.7257080078125,144.05166625976562,51.06428527832031,34.07389450073242,91.66143035888672,115.80000305175781,15.226332664489746
2018-10-17,249.42831420898438,168.7923126220703,143.43423461914062,50.77265930175781,33.656944274902344,91.117919921875,115.79000091552734,15.091059684753418
2018-10-18,245.82626342773438,164.87933349609375,140.7464599609375,49.9529914855957,32.77299499511719,91.08592987060547,115.91999816894531,14.921975135803223
2018-10-19,245.6929168701172,164.7270050048828,139.2572479248047,50.236717224121094,33.081539154052734,90.8861312866211,116.01000213623047,15.006516456604004
2018-10-22,244.59002685546875,165.57437133789062,138.9575653076172,50.016029357910156,33.440120697021484,90.76624298095703,115.70999908447266,15.02342700958252
2018-10-23,243.3448944091797,164.96502685546875,137.7135467529297,49.543148040771484,33.07320022583008,91.05399322509766,116.38999938964844,14.693705558776855
2018-10-24,235.97195434570312,157.4150848388672,132.52862548828125,48.140235900878906,32.00578689575195,91.74134826660156,116.66000366210938,14.592254638671875
2018-10-25,240.20535278320312,162.86093139648438,135.39804077148438,48.74711990356445,32.622886657714844,91.35771179199219,116.4000015258789,14.651434898376465
2018-10-26,235.9808349609375,158.67181396484375,133.91790771484375,48.41609573364258,32.24761962890625,91.90918731689453,116.7699966430664,14.761340141296387
2018-10-29,234.67340087890625,155.40621948242188,133.18243408203125,48.282100677490234,31.688888549804688,91.70142364501953,116.30999755859375,14.609162330627441
2018-10-30,238.1509246826172,157.96731567382812,135.96104431152344,48.86533737182617,32.30598831176758,91.24585723876953,115.80000305175781,14.533071517944336
2018-10-31,240.69447326660156,161.68035888671875,136.2333984375,49.22788619995117,32.6562385559082,90.78225708007812,115.1500015258789,14.33862018585205
2018-11-01,243.25604248046875,163.8130340576172,139.3753204345703,49.8584098815918,33.82372283935547,90.86636352539062,116.62999725341797,14.23716926574707
2018-11-02,241.81521606445312,161.26144409179688,139.83839416503906,49.92933654785156,34.04054641723633,89.73661804199219,116.6500015258789,14.203351020812988
2018-11-05,243.1492156982422,160.861572265625,139.72943115234375,49.92933654785156,34.13227844238281,90.08916473388672,116.37000274658203,14.194897651672363
2018-11-06,244.6878662109375,162.0802764892578,140.4195098876953,50.13425827026367,34.07389450073242,90.03305053710938,116.04000091552734,14.13571548461914
2018-11-07,249.92633056640625,167.16429138183594,142.9347686767578,50.8041877746582,34.71601486206055,90.15324401855469,116.02999877929688,14.101900100708008
2018-11-08,249.47286987304688,166.09793090820312,142.55340576171875,50.30765151977539,33.81537628173828,90.145263671875,115.77999877929688,14.017355918884277
2018-11-09,247.0359344482422,163.29888916015625,139.91102600097656,49.97663497924805,33.18994903564453,90.81825256347656,114.4800033569336,13.865178108215332
2018-11-12,242.4199676513672,158.35769653320312,137.14151000976562,49.156951904296875,32.72295379638672,91.41120147705078,113.66000366210938,13.831360816955566
2018-11-13,241.96636962890625,158.490966796875,136.7056884765625,49.3697509765625,33.09821319580078,91.3550796508789,113.69999694824219,13.450912475585938
2018-11-14,240.31211853027344,157.2818145751953,135.7067413330078,49.40915298461914,33.298362731933594,91.41120147705078,114.63999938964844,13.5692720413208
2018-11-15,242.8201904296875,160.03334045410156,137.64088439941406,49.566795349121094,34.04054641723633,91.37110137939453,114.7699966430664,13.543910026550293
2018-11-16,243.45164489746094,159.47157287597656,137.96783447265625,49.6219596862793,34.107261657714844,91.89990997314453,115.62000274658203,13.62845516204834
2018-11-19,239.33380126953125,154.29234313964844,135.17103576660156,49.188480377197266,33.648597717285156,92.15630340576172,115.66999816894531,13.62845516204834
2018-11-20,234.9047088623047,151.53131103515625,132.5649871826172,48.3372802734375,32.92308807373047,92.18834686279297,115.66999816894531,13.214189529418945
2018-11-21,235.705078125,152.68333435058594,134.4173583984375,49.01508712768555,33.5318489074707,92.15630340576172,115.86000061035156,13.324095726013184
2018-11-23,234.13087463378906,151.5789337158203,134.29025268554688,48.69194030761719,33.13990783691406,92.25247955322266,115.7699966430664,12.935194969177246
2018-11-26,237.9107666015625,155.08248901367188,136.03369140625,49.424930572509766,33.54853439331055,92.04414367675781,115.63999938964844,12.994376182556152
2018-11-27,238.71121215820312,155.60617065429688,134.90773010253906,49.235774993896484,33.782020568847656,92.14830780029297,114.94999694824219,12.943649291992188
2018-11-28,244.20758056640625,160.6140899658203,138.240234375,49.937225341796875,34.590938568115234,91.69959259033203,115.37999725341797,12.90137767791748
2018-11-29,243.67398071289062,160.0904541015625,137.867919921875,49.68501281738281,34.29072189331055,92.06012725830078,115.73999786376953,12.985920906066895
2018-11-30,245.15924072265625,161.251953125,138.58526611328125,49.47220993041992,34.25736618041992,92.40471649169922,115.54000091552734,12.926740646362305
2018-12-03,248.405517578125,164.070068359375,139.91102600097656,50.12637710571289,34.949520111083984,93.06083679199219,116.41000366210938,13.22264575958252
2018-12-04,240.3566131591797,157.77688598632812,133.9542694091797,48.825927734375,34.207332611083984,94.61876678466797,117.12000274658203,13.231097221374512
2018-12-06,239.991943359375,158.89077758789062,133.6636505126953,48.36880874633789,33.89043426513672,94.91593170166016,117.13999938964844,13.12119197845459
2018-12-07,234.4154510498047,153.64486694335938,130.776123046875,47.880157470703125,33.25666046142578,95.0925521850586,118.08999633789062,13.273370742797852
2018-12-10,234.86016845703125,155.25387573242188,130.3947296142578,47.50971984863281,32.90641403198242,95.48612976074219,117.68000030517578,13.06201171875
2018-12-11,234.91355895996094,155.7680206298828,130.25852966308594,47.65946578979492,33.156593322753906,95.47004699707031,117.54000091552734,13.138099670410156
2018-12-12,236.09642028808594,157.1389923095703,131.50254821777344,48.36091995239258,33.698638916015625,95.04444885253906,117.79000091552734,13.09582805633545
2018-12-13,236.016357421875,157.18663024902344,129.64108276367188,48.27421951293945,33.690303802490234,94.81951904296875,117.52999877929688,13.264915466308594
2018-12-14,231.65835571289062,153.35928344726562,127.67974090576172,47.65158462524414,33.214962005615234,95.14884948730469,117.05999755859375,13.06201171875
2018-12-17,227.1136016845703,149.88426208496094,124.83621978759766,47.27327346801758,32.90641403198242,95.70292663574219,117.87000274658203,12.909832954406738
2018-12-18,226.86460876464844,150.82679748535156,124.68131256103516,47.31150817871094,33.129878997802734,96.27608489990234,118.1500015258789,12.639291763305664
2018-12-19,223.46714782714844,147.12322998046875,122.08476257324219,46.85742950439453,32.57968521118164,97.54795837402344,117.43000030517578,12.690017700195312
2018-12-20,219.82955932617188,144.99063110351562,120.07124328613281,46.6662483215332,32.833614349365234,97.19376373291016,119.23999786376953,12.571657180786133
2018-12-21,215.3253173828125,140.49681091308594,116.95535278320312,45.85368728637695,32.60508728027344,97.17768096923828,118.72000122070312,12.461750984191895
2018-12-24,209.63580322265625,137.0128173828125,114.686767578125,45.319950103759766,32.30036163330078,97.66067504882812,120.0199966430664,12.323866844177246
2018-12-26,220.22764587402344,145.5677490234375,120.1988296508789,46.37149429321289,32.94365310668945,96.61416625976562,119.66000366210938,12.597921371459961
2018-12-27,221.91839599609375,146.13108825683594,120.69989776611328,46.50691604614258,32.90133285522461,96.63025665283203,120.56999969482422,12.478021621704102
2018-12-28,221.6321563720703,146.0546875,121.04609680175781,46.753868103027344,33.21451950073242,97.44332885742188,121.05999755859375,12.375251770019531
2018-12-31,223.57333374023438,147.28634643554688,121.99363708496094,46.825565338134766,33.06216812133789,97.81363677978516,121.25,12.40950870513916
2019-01-02,223.80592346191406,147.87832641601562,122.68606567382812,46.72997283935547,33.14679718017578,98.32880401611328,121.33000183105469,12.443765640258789
2019-01-03,218.46531677246094,143.04708862304688,120.4903564453125,46.307762145996094,32.54582214355469,99.44773864746094,122.43000030517578,12.54653549194336
2019-01-04,225.78297424316406,149.1673583984375,124.9910888671875,47.72575378417969,33.59541320800781,98.29655456542969,121.44000244140625,12.717820167541504
2019-01-07,227.5631866455078,150.94322204589844,127.17772674560547,47.90898132324219,33.671600341796875,98.00679016113281,121.86000061035156,12.81202507019043
2019-01-08,229.7012481689453,152.30860900878906,129.12742614746094,48.21965789794922,33.79856491088867,97.74922180175781,121.52999877929688,12.940488815307617
2019-01-09,230.77471923828125,153.54977416992188,130.19338989257812,48.76136779785156,34.3995361328125,97.59624481201172,122.30999755859375,13.19741439819336
2019-01-10,231.58883666992188,153.98899841308594,130.86752319335938,48.95255661010742,34.64501953125,96.9683837890625,121.58999633789062,13.16315746307373
2019-01-11,231.6782684326172,153.4256591796875,130.90399169921875,48.61797332763672,34.47572326660156,97.3467025756836,121.80000305175781,13.120336532592773
2019-01-14,230.26483154296875,152.06985473632812,129.60118103027344,48.39491653442383,34.18792724609375,96.98452758789062,122.08999633789062,13.009001731872559
2019-01-15,232.90382385253906,155.03932189941406,130.69444274902344,48.649845123291016,34.42493438720703,96.63025665283203,121.87999725341797,13.111771583557129
2019-01-16,233.46742248535156,155.0106658935547,131.6693115234375,48.7852668762207,34.84815216064453,96.72684478759766,122.2699966430664,13.180286407470703
2019-01-17,235.23866271972656,156.23277282714844,132.86280822753906,48.96052169799805,35.000518798828125,96.75103759765625,122.11000061035156,13.188850402832031
2019-01-18,238.36965942382812,157.77952575683594,134.22943115234375,49.454437255859375,35.16980743408203,96.24391174316406,121.0199966430664,13.32587718963623
2019-01-22,235.14915466308594,154.61915588378906,132.1066436767578,48.68967056274414,34.560367584228516,96.89591979980469,121.44999694824219,13.231671333312988
2019-01-23,235.64122009277344,154.81967163085938,131.74221801757812,48.9127197265625,34.91587829589844,96.85564422607422,121.27999877929688,13.214543342590332
2019-01-24,235.76644897460938,155.82220458984375,132.53485107421875,48.96849060058594,35.254459381103516,97.49162292480469,121.08999633789062,13.248799324035645
2019-01-25,237.7614288330078,157.6840362548828,134.23854064941406,49.52611541748047,35.720001220703125,97.02473449707031,122.86000061035156,13.317313194274902
2019-01-28,235.9543914794922,155.7362518310547,133.51882934570312,49.25527572631836,35.347557067871094,96.9281234741211,123.29000091552734,13.13746452331543
2019-01-29,235.64122009277344,154.26589965820312,133.19993591308594,49.3668098449707,35.40681838989258,97.41915893554688,123.9800033569336,13.265928268432617
2019-01-30,239.3716278076172,158.1900634765625,134.65768432617188,49.908504486083984,36.17707824707031,97.3467025756836,124.69000244140625,13.360135078430176
2019-01-31,241.47393798828125,160.55801391601562,135.8056182861328,49.93240737915039,36.48179244995117,98.18391418457031,124.75,13.291621208190918
2019-02-01,241.59017944335938,159.88011169433594,135.9149169921875,49.91646957397461,36.194000244140625,97.59090423583984,124.5,13.411518096923828
2019-02-04,243.28993225097656,161.86605834960938,137.53671264648438,50.099693298339844,36.25325393676758,97.15519714355469,123.95999908447266,13.420083999633789
2019-02-05,244.30972290039062,163.2982940673828,137.6824951171875,50.49004364013672,36.752655029296875,97.59896087646484,124.27999877929688,13.360135078430176
2019-02-06,243.9876708984375,162.81130981445312,137.50933837890625,50.235130310058594,36.25325393676758,97.64739227294922,123.44000244140625,13.377262115478516
2019-02-07,241.66180419921875,160.6248321533203,136.37962341308594,49.56596374511719,35.88928985595703,98.2928466796875,123.73999786376953,13.248799324035645
2019-02-08,241.95701599121094,160.9398956298828,136.52536010742188,49.40663528442383,35.686134338378906,98.7123794555664,124.20999908447266,13.265928268432617
2019-02-11,242.0911407470703,160.78712463378906,137.66424560546875,49.35882568359375,35.56763458251953,98.32508850097656,123.5999984741211,13.188850402832031
2019-02-12,245.2042999267578,163.16456604003906,139.38619995117188,49.93240737915039,35.863887786865234,98.07496643066406,123.86000061035156,13.265928268432617
2019-02-13,246.00048828125,163.2791290283203,139.77792358398438,49.940364837646484,35.60995864868164,97.70384216308594,123.37000274658203,13.343005180358887
2019-02-14,245.45477294921875,163.4796600341797,140.0968017578125,49.956298828125,35.677677154541016,98.26052856445312,124.05999755859375,13.377262115478516
2019-02-15,248.12954711914062,164.1670684814453,142.32894897460938,50.68123245239258,35.62688446044922,98.41387939453125,124.80000305175781,13.62562370300293
2019-02-19,248.5590362548828,164.49172973632812,142.72071838378906,50.87242126464844,35.90621566772461,98.66395568847656,126.69999694824219,13.659880638122559
2019-02-20,249.05987548828125,164.46310424804688,143.39492797851562,51.01581573486328,36.10936737060547,98.38156127929688,126.4800033569336,13.702701568603516
2019-02-21,248.17434692382812,163.86155700683594,142.84825134277344,50.912254333496094,36.0331916809082,97.50213623046875,125.05000305175781,13.745521545410156
2019-02-22,249.71299743652344,165.0741729736328,144.08738708496094,51.07954025268555,36.43102264404297,98.08303833007812,125.5,13.779778480529785
2019-02-25,250.05287170410156,165.67568969726562,144.12379455566406,51.23089599609375,36.837310791015625,97.79259490966797,125.37000274658203,13.574238777160645
2019-02-26,249.8740692138672,165.84756469726562,143.13070678710938,51.47786331176758,36.71034240722656,98.27669525146484,125.58000183105469,13.634188652038574
2019-02-27,249.76670837402344,165.7425079345703,143.33111572265625,51.27073287963867,36.39716339111328,97.16327667236328,124.69000244140625,13.702701568603516
2019-02-28,249.30149841308594,165.36062622070312,142.83912658691406,51.199031829833984,35.92314910888672,96.83247375488281,123.98999786376953,13.668444633483887
2019-03-01,250.85801696777344,166.5063934326172,144.16934204101562,51.47786331176758,35.9654655456543,95.93748474121094,121.87999725341797,13.514288902282715
2019-03-04,249.94561767578125,166.53501892089844,142.86648559570312,51.28666305541992,36.01625061035156,96.68939971923828,121.55999755859375,13.557109832763672
2019-03-05,249.60565185546875,166.65911865234375,142.201416015625,51.33445739746094,36.371761322021484,96.89154052734375,121.72000122070312,13.62562370300293
2019-03-06,248.09378051757812,165.71388244628906,139.41351318359375,51.207000732421875,36.16861343383789,97.24728393554688,121.61000061035156,13.548545837402344
2019-03-07,246.01834106445312,163.68014526367188,138.192626953125,50.55376434326172,35.49991989135742,97.87793731689453,121.51000213623047,13.514288902282715
2019-03-08,245.52638244628906,163.4319305419922,138.1561279296875,50.56174087524414,35.24598693847656,98.29023742675781,122.83999633789062,13.505724906921387
2019-03-11,249.0867919921875,166.8309783935547,140.570556640625,50.9998779296875,35.90621566772461,97.9991683959961,122.23999786376953,13.522852897644043
2019-03-12,250.02603149414062,167.7476043701172,140.6434326171875,50.968017578125,36.092437744140625,98.68643951416016,122.9800033569336,13.60849666595459
2019-03-13,251.68109130859375,169.00791931152344,141.19920349121094,51.40615463256836,36.13475036621094,98.5004653930664,123.83999633789062,13.694135665893555
2019-03-14,251.52001953125,168.72145080566406,140.62527465820312,51.39818572998047,35.94007110595703,97.78895568847656,122.41000366210938,13.634188652038574
2019-03-15,252.76266479492188,170.28732299804688,140.99879455566406,51.955833435058594,36.46487045288086,98.43578338623047,122.97000122070312,13.634188652038574
2019-03-18,253.67922973632812,170.69288635253906,141.90074157714844,52.13905715942383,36.871158599853516,98.37919616699219,123.04000091552734,13.702701568603516
2019-03-19,253.74208068847656,171.26683044433594,141.18099975585938,52.24261474609375,36.88809585571289,98.16087341308594,123.37999725341797,13.736958503723145
2019-03-20,252.97828674316406,171.9459686279297,140.00439453125,52.26650619506836,36.94734573364258,99.18770599365234,124.18000030517578,13.839728355407715
2019-03-21,255.83570861816406,174.63381958007812,141.8405303955078,52.234649658203125,36.99814224243164,99.406005859375,123.68000030517578,13.771215438842773
2019-03-22,250.91168212890625,170.798095703125,136.67921447753906,51.23089599609375,35.91468048095703,100.9502182006836,123.97000122070312,13.65131664276123
2019-03-25,250.7230224609375,170.4728546142578,137.28211975097656,51.302589416503906,35.999324798583984,101.11195373535156,124.91999816894531,13.702701568603516
2019-03-26,252.5919647216797,171.26683044433594,138.72549438476562,51.55752182006836,36.10936737060547,101.0391845703125,124.30000305175781,13.728394508361816
2019-03-27,251.27120971679688,170.1668243408203,138.18650817871094,51.5814208984375,35.720001220703125,101.9689712524414,123.6500015258789,13.65131664276123
2019-03-28,252.2235565185547,170.55897521972656,139.4197235107422,51.453956604003906,35.957008361816406,102.32469177246094,121.9000015258789,13.60849666595459
2019-03-29,253.8139190673828,171.85031127929688,139.84912109375,51.669044494628906,36.329437255859375,102.2276840209961,122.01000213623047,13.617058753967285
2019-04-01,256.8240661621094,174.1268768310547,141.37464904785156,52.33024597167969,36.930416107177734,100.7756118774414,121.52999877929688,13.745521545410156
2019-04-02,256.9498596191406,174.78683471679688,141.00924682617188,52.3461799621582,36.81191635131836,100.96200561523438,121.9800033569336,13.779778480529785
2019-04-03,257.35418701171875,175.7911834716797,141.74008178710938,52.75246047973633,37.06584930419922,100.08689880371094,121.80000305175781,13.796907424926758
2019-04-04,258.0370178222656,175.7242431640625,142.43435668945312,52.64092254638672,37.29438018798828,100.37051391601562,122.11000061035156,13.805472373962402
2019-04-05,259.2860412597656,176.6329345703125,143.76805114746094,52.7763557434082,37.582183837890625,100.5001220703125,121.9800033569336,13.848292350769043
2019-04-08,259.48370361328125,177.08250427246094,143.5305633544922,52.808223724365234,37.582183837890625,100.14360809326172,122.51000213623047,13.899678230285645
2019-04-09,258.15380859375,176.46080017089844,141.776611328125,52.47364044189453,37.50599670410156,100.45964813232422,123.1500015258789,13.873985290527344
2019-04-10,259.0343017578125,177.40773010253906,143.70411682128906,52.67279815673828,37.683753967285156,100.70268249511719,123.52999877929688,13.99388313293457
2019-04-11,258.96246337890625,176.98683166503906,143.5214080810547,52.56127166748047,37.2774658203125,100.11119079589844,121.94999694824219,13.925370216369629
2019-04-12,260.7146301269531,177.75209045410156,144.04209899902344,52.927711486816406,37.54833221435547,99.39813995361328,121.83000183105469,13.96819019317627
2019-04-15,260.5439147949219,177.78079223632812,143.57623291015625,52.95161056518555,37.3536376953125,99.64932250976562,121.5999984741211,13.942498207092285
2019-04-16,260.7146301269531,178.39297485351562,143.9141845703125,52.991432189941406,37.63296127319336,99.02542877197266,120.51000213623047,13.89111328125
2019-04-17,260.0765686035156,179.0147247314453,142.59877014160156,53.14280319213867,37.74300003051758,99.06591796875,120.27999877929688,13.839728355407715
2019-04-18,260.58880615234375,179.2443084716797,142.1785430908203,53.11093521118164,37.71760559082031,99.58454132080078,120.37000274658203,13.882549285888672
2019-04-22,260.8135070800781,179.75123596191406,141.80398559570312,53.0233039855957,37.472137451171875,99.1064682006836,120.37000274658203,13.951064109802246
2019-04-23,263.1585998535156,182.03733825683594,143.94161987304688,53.12686538696289,37.55677795410156,99.317138671875,120.12000274658203,13.96819019317627
2019-04-24,262.5745544433594,181.4634552001953,144.3892059326172,52.76042175292969,37.048927307128906,100.12739562988281,120.47000122070312,13.916805267333984
2019-04-25,262.4128723144531,182.19992065429688,143.1925811767578,52.72058868408203,36.99814224243164,99.98153686523438,120.56999969482422,13.89111328125
2019-04-26,263.6347961425781,182.36257934570312,144.58111572265625,52.935672760009766,37.142024993896484,100.32186889648438,121.37000274658203,13.728394508361816
2019-04-29,264.04815673828125,182.71649169921875,145.2753143310547,53.15077209472656,37.21820068359375,99.68171691894531,120.83000183105469,13.736958503723145
2019-04-30,264.18292236328125,181.30081176757812,144.599365234375,53.18263626098633,37.18434524536133,100.19220733642578,121.19999694824219,13.779778480529785
2019-05-01,262.1972351074219,180.71731567382812,143.22911071777344,52.87990951538086,36.90502166748047,100.6055679321289,120.4000015258789,13.736958503723145
2019-05-02,261.6310119628906,179.9329833984375,143.8959197998047,52.80025100708008,36.98966598510742,100.12645721435547,119.94000244140625,13.582802772521973
2019-05-03,264.1918640136719,182.80259704589844,146.64559936523438,53.36585998535156,37.4298210144043,100.41065216064453,120.6500015258789,13.5913667678833
2019-05-06,263.10467529296875,181.68341064453125,146.81002807617188,52.76042175292969,36.6595573425293,100.68672180175781,120.80999755859375,13.634188652038574
2019-05-07,258.7109680175781,178.14427185058594,143.90505981445312,51.836334228515625,35.94007110595703,101.45814514160156,121.20999908447266,13.462904930114746
2019-05-08,258.3514709472656,177.69468688964844,143.20169067382812,51.90007019042969,35.88928985595703,101.0196533203125,120.91000366210938,13.48003101348877
2019-05-09,257.56976318359375,176.7381134033203,142.6809844970703,51.66107177734375,35.322166442871094,101.43374633789062,121.19999694824219,13.411518096923828
2019-05-10,258.8636474609375,176.95814514160156,143.07374572753906,52.04346466064453,35.533782958984375,101.29573822021484,121.43000030517578,13.437211036682129
2019-05-13,252.3584442138672,170.81724548339844,138.51539611816406,50.83259582519531,34.348758697509766,102.09150695800781,122.66999816894531,13.368698120117188
2019-05-14,254.6405792236328,172.69204711914062,140.2601776123047,51.34242630004883,34.83122634887695,101.79103088378906,122.45999908447266,13.548545837402344
2019-05-15,256.1321105957031,175.13116455078125,140.7169647216797,51.52566146850586,34.89894104003906,102.4162826538086,122.38999938964844,13.668444633483887
2019-05-16,258.5042419433594,176.89120483398438,141.5939178466797,51.93989562988281,34.72966003417969,102.07524871826172,121.51000213623047,13.745521545410156
2019-05-17,256.8330078125,175.08335876464844,139.6206817626953,51.59735107421875,34.10329055786133,102.30255126953125,120.6500015258789,13.617058753967285
2019-05-20,255.13482666015625,172.12770080566406,138.65243530273438,51.390235900878906,33.95938491821289,102.09150695800781,120.63999938964844,13.677009582519531
2019-05-21,257.43499755859375,173.92599487304688,140.51597595214844,51.73277282714844,34.391090393066406,101.92906188964844,120.36000061035156,13.68557357788086
2019-05-22,256.64434814453125,173.15115356445312,139.3375244140625,51.52566146850586,34.2217903137207,102.51371002197266,120.23999786376953,13.48859691619873
2019-05-23,253.50852966308594,170.5015869140625,136.46908569335938,51.055641174316406,33.78163146972656,103.6667251586914,121.16999816894531,13.205979347229004
2019-05-24,254.08346557617188,170.41551208496094,137.74798583984375,51.60531234741211,33.81550216674805,103.75605010986328,121.30000305175781,13.385826110839844
2019-05-28,251.72035217285156,169.77464294433594,136.6517791748047,51.103450775146484,33.933998107910156,104.50308227539062,120.83000183105469,13.497160911560059
2019-05-29,250.0311737060547,168.3780975341797,135.50991821289062,50.776824951171875,34.15407180786133,104.81974029541016,120.87000274658203,13.44577693939209
2019-05-30,250.71405029296875,169.0858917236328,135.1354217529297,50.968017578125,34.340293884277344,105.72109985351562,121.69000244140625,13.308749198913574
2019-05-31,247.33558654785156,166.3884735107422,133.24441528320312,50.50597381591797,34.45880126953125,107.04460144042969,123.33000183105469,12.957616806030273
2019-06-03,246.7066192626953,162.7250213623047,133.71026611328125,50.800724029541016,34.7719841003418,107.7605972290039,125.11000061035156,12.914795875549316
2019-06-04,252.06187438964844,167.30674743652344,137.17254638671875,51.38226318359375,34.84815216064453,106.5320053100586,125.1500015258789,12.991874694824219
2019-06-05,254.24525451660156,168.5502471923828,137.19996643066406,51.366329193115234,34.56884002685547,105.9299087524414,125.47000122070312,12.726383209228516
2019-06-06,255.89846801757812,169.889404296875,136.8436737060547,51.57345199584961,34.585758209228516,106.2716293334961,125.87999725341797,12.949052810668945
2019-06-07,258.4593200683594,173.1702880859375,137.81198120117188,52.226680755615234,34.856624603271484,107.19108581542969,126.58999633789062,12.991874694824219
2019-06-10,259.6453552246094,175.18858337402344,138.62498474121094,52.37006759643555,35.22060012817383,106.18211364746094,125.33000183105469,12.957616806030273
2019-06-11,259.58245849609375,175.42771911621094,138.2139434814453,52.63296127319336,35.61842346191406,106.24724578857422,125.18000030517578,13.043257713317871
2019-06-12,259.124267578125,174.41378784179688,138.36920166015625,52.24261474609375,35.237525939941406,106.32861328125,125.83000183105469,12.863411903381348
2019-06-13,260.193359375,175.4468536376953,139.830810546875,52.29041290283203,35.17826843261719,106.69469451904297,126.5999984741211,13.026130676269531
2019-06-14,259.90594482421875,174.7007598876953,138.60670471191406,51.90803527832031,34.78890609741211,106.9632797241211,126.55999755859375,13.077516555786133
2019-06-17,260.0047912597656,175.7530059814453,139.56285095214844,51.945472717285156,34.92622375488281,107.1503677368164,126.4800033569336,13.017565727233887
2019-06-18,262.7272644042969,178.306884765625,141.18545532226562,52.63720703125,35.770591735839844,107.6874008178711,127.12000274658203,13.171721458435059
2019-06-19,263.3203430175781,178.97642517089844,141.6896514892578,52.96274185180664,36.06911087036133,107.84200286865234,127.88999938964844,13.146029472351074
2019-06-20,265.8361511230469,180.64080810546875,142.35891723632812,53.42660140991211,36.59790802001953,108.12678527832031,131.11000061035156,13.411518096923828
2019-06-21,265.44970703125,180.3730010986328,141.1304931640625,53.198734283447266,36.47850036621094,106.9388198852539,131.97999572753906,13.44577693939209
2019-06-24,265.124755859375,180.37872314453125,139.41619873046875,53.31267547607422,36.427330017089844,107.73623657226562,133.94000244140625,13.505724906921387
2019-06-25,262.5243835449219,177.28228759765625,138.56361389160156,52.99528503417969,36.05205535888672,108.06981658935547,134.1999969482422,13.548545837402344
2019-06-26,262.262451171875,178.10675048828125,138.24281311035156,53.060386657714844,36.393211364746094,107.37822723388672,132.97000122070312,13.617058753967285
2019-06-27,263.1924743652344,178.78741455078125,140.83712768554688,53.19060134887695,36.64908218383789,108.13488006591797,132.83999633789062,13.617058753967285
2019-06-28,264.5468444824219,179.01747131347656,142.55137634277344,53.491703033447266,36.59790802001953,108.06167602539062,133.1999969482422,13.471467018127441
2019-07-01,266.94854736328125,181.4332733154297,143.10145568847656,53.74399185180664,37.03287887573242,107.80896759033203,130.6199951171875,13.462904930114746
2019-07-02,267.6436462402344,182.15223693847656,142.23057556152344,53.89860916137695,36.93907165527344,108.6405029296875,133.41000366210938,13.240236282348633
2019-07-03,269.78363037109375,183.52310180664062,143.2481231689453,54.26482391357422,36.87083435058594,109.41502380371094,133.6300048828125,13.368698120117188
2019-07-05,269.47662353515625,183.14923095703125,143.6331329345703,53.84978485107422,36.614967346191406,107.9638442993164,132.13999938964844,13.394391059875488
2019-07-08,267.99591064453125,181.8646697998047,142.26718139648438,53.54053497314453,36.393211364746094,108.11058044433594,131.2899932861328,13.377262115478516
2019-07-09,268.32989501953125,182.77537536621094,142.45973205566406,53.31267547607422,36.28233337402344,108.06986236572266,131.75,13.420083999633789
2019-07-10,269.612060546875,184.59677124023438,142.70726013183594,53.49984359741211,36.589378356933594,107.47468566894531,133.8300018310547,13.711265563964844
2019-07-11,270.244140625,184.46255493164062,142.0105438232422,53.483577728271484,36.521148681640625,106.03987884521484,132.6999969482422,13.719829559326172
2019-07-12,271.4539489746094,185.52670288085938,143.1106414794922,53.54867172241211,36.54673385620117,106.16218566894531,133.52999877929688,13.754084587097168
2019-07-15,271.5442199707031,186.12103271484375,142.35891723632812,53.59750747680664,36.683197021484375,106.77357482910156,133.52999877929688,13.60849666595459
2019-07-16,270.66839599609375,185.162353515625,142.3130645751953,53.377777099609375,36.632022857666016,106.45565795898438,132.39999389648438,13.462904930114746
2019-07-17,268.8264465332031,184.25169372558594,141.29551696777344,53.30453109741211,36.521148681640625,107.60511779785156,134.5800018310547,13.343005180358887
2019-07-18,269.8106384277344,184.46255493164062,141.82720947265625,53.467288970947266,36.74290466308594,107.61332702636719,136.47999572753906,13.248799324035645
2019-07-19,268.3119812011719,183.11083984375,141.01132202148438,53.31267547607422,36.555259704589844,107.36055755615234,134.47000122070312,13.32587718963623
2019-07-22,268.9709777832031,184.56802368164062,140.8829345703125,53.36962890625,36.563785552978516,107.56437683105469,134.4499969482422,13.283056259155273
2019-07-23,270.8941650390625,185.77593994140625,141.8179931640625,53.70329666137695,36.6064338684082,106.97736358642578,133.69000244140625,13.368698120117188
2019-07-24,272.1672058105469,187.07965087890625,144.1648406982422,53.74399185180664,36.6661376953125,107.44207763671875,134.3699951171875,13.308749198913574
2019-07-25,270.8670349121094,185.30616760253906,142.4230499267578,53.198734283447266,36.342041015625,106.92845153808594,133.4199981689453,13.257362365722656
2019-07-26,272.68194580078125,187.21388244628906,144.10986328125,53.30453109741211,36.41879653930664,107.18123626708984,133.63999938964844,13.274491310119629
2019-07-29,272.1852722167969,186.57156372070312,143.1472930908203,53.418460845947266,36.35057067871094,107.2138442993164,134.52999877929688,13.32587718963623
2019-07-30,271.5171203613281,185.76634216308594,144.69654846191406,52.79997253417969,36.06911087036133,107.47468566894531,134.97999572753906,13.402955055236816
2019-07-31,268.546630859375,183.19715881347656,143.5231170654297,52.45003128051758,35.62560272216797,108.33888244628906,133.2100067138672,13.317313194274902
2019-08-01,266.2080993652344,182.2864227294922,141.44219970703125,52.30353927612305,34.92622375488281,110.49051666259766,136.41000366210938,12.949052810668945
2019-08-02,264.2037658691406,179.6022491455078,139.87457275390625,51.83967590332031,34.58506393432617,111.51161193847656,135.88999938964844,12.966181755065918
2019-08-05,256.2582702636719,173.2560272216797,135.67593383789062,50.54571533203125,33.30571746826172,113.439453125,137.7899932861328,12.854846954345703
2019-08-06,259.8517761230469,175.68138122558594,136.92269897460938,50.88751983642578,33.78334426879883,114.3461685180664,138.91000366210938,12.786334037780762
2019-08-07,260.0052795410156,176.6304473876953,136.8860321044922,51.082828521728516,33.936866760253906,114.38703155517578,141.02000427246094,12.623614311218262
2019-08-08,265.1065979003906,180.47459411621094,139.83787536621094,51.579254150390625,34.35478210449219,114.6321029663086,141.72999572753906,12.692127227783203
2019-08-09,263.30084228515625,178.77781677246094,138.07772827148438,51.2211799621582,34.00509262084961,114.40335845947266,141.25999450683594,12.803461074829102
2019-08-12,260.0956115722656,176.726318359375,136.29014587402344,50.814273834228516,33.595703125,116.78861236572266,142.6300048828125,12.709256172180176
2019-08-13,264.1405029296875,180.59925842285156,137.7569122314453,51.2944221496582,34.02215576171875,116.38835144042969,141.77999877929688,13.009001731872559
2019-08-14,256.33050537109375,175.20205688476562,133.9066925048828,49.88652038574219,33.041316986083984,119.01055908203125,142.75,12.81202507019043
2019-08-15,257.0076599121094,175.00076293945312,133.3749542236328,50.05742263793945,33.26306915283203,120.33384704589844,143.6999969482422,12.709256172180176
2019-08-16,260.7998962402344,177.8095703125,136.25344848632812,50.659645080566406,33.72364044189453,119.36998748779297,142.77999877929688,12.700691223144531
2019-08-19,263.9418640136719,180.63751220703125,137.62860107421875,50.968894958496094,33.860103607177734,117.66268157958984,141.11000061035156,12.760641098022461
2019-08-20,261.9194030761719,179.2379608154297,136.7301788330078,50.79799270629883,33.92833709716797,118.87982940673828,142.2100067138672,12.794897079467773
2019-08-21,264.05029296875,180.82928466796875,137.8577880859375,51.15607833862305,34.25244140625,118.08745574951172,141.75999450683594,12.83771800994873
2019-08-22,263.9688720703125,180.24453735351562,137.5369415283203,51.05841827392578,33.80892562866211,117.30323028564453,141.39999389648438,12.777770042419434
2019-08-23,257.1882019042969,174.54061889648438,133.3199462890625,50.42364501953125,33.30571746826172,119.23109436035156,144.1699981689453,12.683564186096191
2019-08-26,260.032470703125,177.17686462402344,134.78671264648438,50.83869171142578,33.484825134277344,118.74907684326172,144.19000244140625,12.67499828338623
2019-08-27,259.0121154785156,176.80299377441406,132.78826904296875,50.79799270629883,33.54453659057617,120.57894134521484,145.57000732421875,12.760641098022461
2019-08-28,260.8359375,177.43572998046875,134.33749389648438,50.79799270629883,33.63834762573242,120.73413848876953,145.16000366210938,12.87197494506836
2019-08-29,264.1676025390625,180.14866638183594,136.6935272216797,51.23745346069336,34.01362609863281,120.27672576904297,144.1199951171875,12.906231880187988
2019-08-30,264.05029296875,179.71726989746094,136.4459991455078,51.44090270996094,34.278018951416016,120.30935668945312,143.75,12.700691223144531
2019-09-03,262.5063171386719,177.9725341796875,134.44757080078125,51.34325408935547,34.06480026245117,120.4648666381836,145.75,12.632177352905273
2019-09-04,265.48583984375,180.5416717529297,135.52926635742188,52.06753921508789,34.63624572753906,120.64485168457031,146.66000366210938,12.931923866271973
2019-09-05,268.89874267578125,183.84902954101562,138.05026245117188,52.34423828125,35.02857208251953,118.4599838256836,143.13999938964844,12.914795875549316
2019-09-06,269.1064453125,183.6669158935547,137.41769409179688,52.515140533447266,35.182098388671875,119.30281829833984,141.9199981689453,12.949052810668945
2019-09-09,269.2419128417969,183.28343200683594,139.26036071777344,52.669761657714844,35.29296875,117.18334197998047,141.38999938964844,13.068950653076172
2019-09-10,269.17864990234375,182.75611877441406,141.03878784179688,52.759281158447266,35.31855392456055,115.12938690185547,140.17999267578125,13.086079597473145
2019-09-11,271.09283447265625,184.4721221923828,143.92649841308594,53.052249908447266,35.56589889526367,114.9248046875,141.02999877929688,12.991874694824219
2019-09-12,272.0318298339844,185.239013671875,143.963134765625,53.36149978637695,35.82176971435547,114.17198944091797,141.32000732421875,12.940488815307617
2019-09-13,271.85125732421875,184.5775604248047,144.210693359375,53.6626091003418,36.026466369628906,111.73339080810547,140.14999389648438,12.940488815307617
2019-09-16,271.01153564453125,183.75314331054688,144.7515411376953,53.182464599609375,35.74501037597656,113.1572265625,141.32000732421875,13.514288902282715
2019-09-17,271.69769287109375,184.63511657714844,144.37570190429688,53.36149978637695,35.74501037597656,113.7709732055664,141.60000610351562,13.257362365722656
2019-09-18,271.8603210449219,184.5584259033203,143.48648071289062,53.29638671875,35.60002136230469,114.25383758544922,140.7100067138672,13.171721458435059
2019-09-19,271.8422546386719,184.86514282226562,142.7897491455078,53.475425720214844,35.45502471923828,114.59745788574219,141.27999877929688,13.240236282348633
2019-09-20,270.5577697753906,182.9095458984375,142.48721313476562,53.35335159301758,35.48914337158203,116.11134338378906,142.9499969482422,13.257362365722656
2019-09-23,270.4942932128906,182.990234375,142.3772430419922,53.21500778198242,35.523258209228516,116.0868911743164,143.75,13.291621208190918
2019-09-24,268.3717956542969,180.5599822998047,140.22817993164062,53.01156234741211,35.147979736328125,117.48614501953125,144.50999450683594,13.13746452331543
2019-09-25,269.9591064453125,182.58680725097656,141.76451110839844,52.856929779052734,35.12239456176758,115.7676773071289,141.8300018310547,13.060386657714844
2019-09-26,269.396728515625,181.91436767578125,140.18222045898438,53.052249908447266,35.11385726928711,116.51239776611328,141.7899932861328,13.060386657714844
2019-09-27,267.94549560546875,179.65707397460938,139.0598602294922,52.87321472167969,34.66181945800781,116.79875946044922,141.05999755859375,13.009001731872559
2019-09-30,269.1880798339844,181.36688232421875,139.22544860839844,53.06852722167969,34.85799789428711,117.08518981933594,138.8699951171875,12.880538940429688
2019-10-01,265.9862060546875,179.88760375976562,136.4932403564453,52.547691345214844,34.61065673828125,117.43766784667969,139.6300048828125,12.87197494506836
2019-10-02,261.28765869140625,176.79452514648438,135.46287536621094,51.47345733642578,34.34625244140625,117.72456359863281,141.25999450683594,12.760641098022461
2019-10-03,263.4283142089844,178.7349090576172,135.91366577148438,51.81525802612305,34.789764404296875,118.7984848022461,141.89999389648438,12.743512153625488
2019-10-04,266.9930114746094,181.36688232421875,137.20159912109375,52.222164154052734,34.94328308105469,119.67557525634766,141.89999389648438,12.846282005310059
2019-10-07,265.8410339355469,180.81932067871094,136.96241760253906,52.15705490112305,34.6533088684082,118.68370819091797,140.69000244140625,12.829153060913086
2019-10-08,261.7139892578125,178.11048889160156,134.736083984375,51.66877746582031,34.40596008300781,119.00342559814453,141.9199981689453,12.820590019226074
2019-10-09,264.1993408203125,179.8491668701172,135.3524932861328,52.043128967285156,34.67036056518555,118.33120727539062,142.0500030517578,12.854846954345703
2019-10-10,265.9862060546875,181.24192810058594,135.8952178955078,52.40934753417969,35.02857208251953,116.56871032714844,140.80999755859375,12.940488815307617
2019-10-11,268.7437438964844,183.57623291015625,138.1951446533203,53.34523010253906,35.59148406982422,115.12598419189453,140.02999877929688,13.094643592834473
2019-10-14,268.4443664550781,183.55699157714844,137.68917846679688,53.12549591064453,35.43796157836914,115.96214294433594,140.58999633789062,13.03469467163086
2019-10-15,271.1020202636719,185.89122009277344,139.27145385742188,53.74399185180664,35.753536224365234,114.56035614013672,139.61000061035156,13.000438690185547
2019-10-16,270.6665954589844,185.43008422851562,139.41868591308594,53.82536315917969,35.85588836669922,114.69973754882812,140.41000366210938,13.017565727233887
2019-10-17,271.4648742675781,185.9199981689453,141.06536865234375,53.95558166503906,35.99235153198242,114.4209976196289,140.61000061035156,13.068950653076172
2019-10-18,270.2765197753906,184.13336181640625,140.39382934570312,53.93115997314453,35.80471420288086,114.4209976196289,140.4600067138672,13.060386657714844
2019-10-21,272.1087951660156,185.76629638671875,141.70933532714844,54.22412872314453,36.128814697265625,113.56021881103516,139.7899932861328,13.043257713317871
2019-10-22,271.2199401855469,184.28704833984375,141.86575317382812,54.09392547607422,36.15440368652344,114.22419738769531,140.1999969482422,13.060386657714844
2019-10-23,272.00909423828125,184.64244079589844,142.04052734375,54.38689041137695,36.162933349609375,114.33901977539062,140.52999877929688,13.22310733795166
2019-10-24,272.45355224609375,186.43875122070312,141.838134765625,54.48455810546875,36.162933349609375,114.10951232910156,141.52999877929688,13.291621208190918
2019-10-25,273.5692443847656,187.92762756347656,142.592529296875,54.5415153503418,36.41879653930664,113.55201721191406,141.86000061035156,13.368698120117188
2019-10-28,275.1111145019531,189.78155517578125,143.82522583007812,54.78567123413086,36.632022857666016,112.5191421508789,140.63999938964844,13.317313194274902
2019-10-29,275.029541015625,188.3118438720703,144.29441833496094,54.76939010620117,36.44438552856445,112.59295654296875,140.25,13.291621208190918
2019-10-30,275.8731689453125,189.2244110107422,143.81602478027344,54.99726104736328,36.6064338684082,114.24065399169922,141.02000427246094,13.205979347229004
2019-10-31,275.138427734375,189.31085205078125,143.00643920898438,54.867034912109375,36.31645202636719,115.78173828125,142.42999267578125,13.128900527954102
2019-11-01,277.68731689453125,191.03033447265625,145.4443817138672,55.355323791503906,36.86231231689453,115.42542266845703,142.55999755859375,13.368698120117188
2019-11-04,278.8029479980469,192.21180725097656,146.22630310058594,55.640167236328125,37.22905731201172,113.90621185302734,142.14999389648438,13.454339027404785
2019-11-05,278.49456787109375,192.31748962402344,146.41029357910156,55.534366607666016,37.442283630371094,112.6251449584961,139.85000610351562,13.48859691619873
2019-11-06,278.5580139160156,191.88516235351562,145.56396484375,55.50995635986328,37.3228759765625,113.30675506591797,140.4499969482422,13.343005180358887
2019-11-07,279.5377502441406,192.52877807617188,145.9503173828125,55.68085479736328,37.595802307128906,111.2537841796875,138.27000427246094,13.334441184997559
2019-11-08,280.22705078125,193.29725646972656,146.34588623046875,55.6483039855957,37.254642486572266,110.78568267822266,137.38999938964844,13.368698120117188
2019-11-11,279.69183349609375,193.03785705566406,146.06991577148438,55.5750617980957,36.9902458190918,110.85962677001953,137.05999755859375,13.283056259155273
2019-11-12,280.28143310546875,193.59503173828125,146.11590576171875,55.5994758605957,36.751434326171875,111.36873626708984,137.42999267578125,13.291621208190918
2019-11-13,280.3721618652344,193.64305114746094,145.49032592773438,55.40416717529297,36.469966888427734,112.09137725830078,137.97999572753906,13.317313194274902
2019-11-14,280.7803649902344,193.4893341064453,145.4443817138672,55.249549865722656,36.49555587768555,113.2492446899414,138.55999755859375,13.274491310119629
2019-11-15,282.8122253417969,194.9110107421875,146.19871520996094,55.5994758605957,36.78554916381836,113.12604522705078,138.2100067138672,13.343005180358887
2019-11-18,283.020751953125,195.06472778320312,145.8307342529297,55.66458511352539,36.72584533691406,113.33137512207031,138.6199951171875,13.205979347229004
2019-11-19,282.9391784667969,195.35293579101562,146.37351989746094,55.59133529663086,36.8026008605957,114.27570343017578,138.69000244140625,13.086079597473145
2019-11-20,281.8869323730469,194.18099975585938,145.82154846191406,55.24139404296875,36.64055633544922,115.45822143554688,138.75999450683594,13.257362365722656
2019-11-21,281.43341064453125,193.74876403808594,145.10397338867188,55.168155670166016,36.563785552978516,114.73560333251953,138.0,13.377262115478516
2019-11-22,282.05926513671875,193.8736114501953,145.55474853515625,55.32278060913086,36.563785552978516,114.88338470458984,137.74000549316406,13.368698120117188
2019-11-25,284.2453308105469,196.16943359375,148.6457977294922,55.76223373413086,36.930545806884766,115.22010040283203,137.0800018310547,13.368698120117188
2019-11-26,284.88922119140625,196.54403686523438,148.74700927734375,55.72968673706055,36.819664001464844,115.89344024658203,137.74000549316406,13.44577693939209
2019-11-27,286.15911865234375,197.9176483154297,149.79571533203125,55.87617492675781,36.86231231689453,115.55675506591797,137.00999450683594,13.377262115478516
2019-11-29,285.09796142578125,197.01470947265625,148.820556640625,55.48554611206055,36.28233337402344,115.31040954589844,137.86000061035156,13.111771583557129
2019-12-02,282.6761169433594,194.9974822998047,147.3670196533203,55.20070266723633,36.273807525634766,113.77295684814453,137.7899932861328,13.094643592834473
2019-12-03,280.7803649902344,193.47018432617188,146.8978729248047,54.99726104736328,36.08616638183594,116.15851593017578,139.11000061035156,13.103208541870117
2019-12-04,282.512939453125,194.449951171875,147.90982055664062,55.50181198120117,36.359100341796875,114.99864196777344,138.9199981689453,13.308749198913574
2019-12-05,283.020751953125,194.83413696289062,148.0570526123047,55.396026611328125,36.521148681640625,114.43933868408203,139.0,13.334441184997559
2019-12-06,285.6059265136719,196.9186248779297,149.7865753173828,55.90058135986328,36.73436737060547,113.8058853149414,137.6199951171875,13.420083999633789
2019-12-09,284.7079162597656,196.0252685546875,149.50135803222656,55.607608795166016,36.589378356933594,114.05265808105469,137.5800018310547,13.402955055236816
2019-12-10,284.39044189453125,195.86199951171875,149.5933074951172,55.632022857666016,36.71731185913086,114.06089782714844,137.97000122070312,13.462904930114746
2019-12-11,285.1977844238281,196.8994140625,149.54727172851562,55.92500305175781,37.254642486572266,114.95750427246094,138.9199981689453,13.402955055236816
2019-12-12,287.65582275390625,198.369140625,150.8352813720703,56.29935073852539,37.90284729003906,113.0655517578125,138.42999267578125,13.522852897644043
2019-12-13,287.82818603515625,199.02232360839844,150.25567626953125,56.68998336791992,37.88578796386719,114.37345123291016,139.0500030517578,13.5913667678833
2019-12-16,289.8056945800781,201.02032470703125,151.31478881835938,57.295692443847656,38.20722961425781,113.34520721435547,139.0399932861328,13.68557357788086
2019-12-17,289.869140625,201.1355743408203,152.0718994140625,56.96649169921875,38.55567932128906,113.18897247314453,139.00999450683594,13.745521545410156
2019-12-18,289.88726806640625,201.28924560546875,152.3673553466797,56.89242935180664,38.76475143432617,112.25941467285156,139.02000427246094,13.754084587097168
2019-12-19,291.0755310058594,202.5476531982422,153.02284240722656,56.89242935180664,38.782169342041016,112.43902587890625,139.3800048828125,13.814035415649414
2019-12-20,292.3515319824219,203.3641357421875,153.24449157714844,56.93357849121094,38.860572814941406,112.58731079101562,139.52000427246094,13.796907424926758
2019-12-23,292.79833984375,203.90133666992188,153.54920959472656,57.024105072021484,38.9128303527832,112.42252349853516,139.9499969482422,13.800387382507324
2019-12-24,292.80743408203125,204.00714111328125,153.90003967285156,56.96649169921875,38.82572937011719,112.74380493164062,141.27000427246094,13.861298561096191
2019-12-26,294.3661804199219,205.8073272705078,153.90003967285156,57.21339797973633,39.1044807434082,113.01570892333984,142.3800048828125,13.965713500976562
2019-12-27,294.2930908203125,205.63409423828125,153.14291381835938,57.31214904785156,39.26128387451172,113.13933563232422,142.3300018310547,13.99181842803955
2019-12-30,292.6706237792969,204.286376953125,152.7551727294922,56.88420486450195,38.99995422363281,112.7273941040039,142.6300048828125,13.965713500976562
2019-12-31,293.3816833496094,204.6714630126953,152.96746826171875,57.147560119628906,39.08705520629883,111.62334442138672,142.89999389648438,13.878700256347656
2020-01-02,296.125244140625,208.0888671875,153.06907653808594,57.723636627197266,39.879764556884766,112.8838882446289,143.9499969482422,13.896102905273438
2020-01-03,293.8830261230469,206.1827850341797,152.4689178466797,57.00764465332031,39.139320373535156,114.62240600585938,145.86000061035156,14.061429023742676
2020-01-06,295.0041198730469,207.51129150390625,152.67205810546875,57.22984313964844,39.04350662231445,113.97145080566406,147.38999938964844,14.087533950805664
2020-01-07,294.17462158203125,207.48240661621094,152.16424560546875,57.073482513427734,39.017372131347656,113.41116333007812,147.97000122070312,14.078832626342773
2020-01-08,295.7424011230469,209.0419158935547,152.63510131835938,57.23808288574219,39.243858337402344,112.66146087646484,146.86000061035156,13.869998931884766
2020-01-09,297.747802734375,210.81320190429688,152.81979370117188,57.36976623535156,39.505191802978516,113.05696105957031,146.02999877929688,13.809089660644531
2020-01-10,296.8909912109375,210.2740936279297,152.24732971191406,57.15578842163086,39.71426773071289,114.06214141845703,146.91000366210938,13.809089660644531
2020-01-13,298.9327697753906,212.7000274658203,153.2352752685547,57.45205307006836,40.332763671875,113.71611022949219,145.82000732421875,13.704672813415527
2020-01-14,298.47698974609375,211.8625030517578,153.79849243164062,57.50965881347656,40.10627365112305,114.30105590820312,145.69000244140625,13.765583038330078
2020-01-15,299.1514892578125,211.9491729736328,154.5371856689453,57.50965881347656,39.792667388916016,115.05905151367188,146.5399932861328,13.695972442626953
2020-01-16,301.6400146484375,213.98037719726562,156.53155517578125,57.748321533203125,40.0452880859375,114.69652557373047,146.30999755859375,13.678569793701172
2020-01-17,302.57891845703125,215.0392608642578,156.10684204101562,57.9211540222168,40.27177810668945,113.71611022949219,146.5800018310547,13.722075462341309
2020-01-21,301.98638916015625,214.94300842285156,154.8141326904297,57.46028137207031,39.25257110595703,114.91070556640625,146.74000549316406,13.643763542175293
2020-01-22,302.0227355957031,215.51097106933594,154.7126007080078,57.575496673583984,39.57488250732422,115.31441497802734,146.7899932861328,13.461034774780273
2020-01-23,302.3691711425781,216.2041015625,154.6110382080078,57.43559265136719,39.16545486450195,116.12187957763672,147.1199951171875,13.347916603088379
2020-01-24,299.68017578125,214.38470458984375,152.70901489257812,57.18870162963867,38.85185623168945,117.0611572265625,147.97999572753906,13.147784233093262
2020-01-27,294.8764953613281,209.9564208984375,150.97308349609375,56.00361633300781,37.510337829589844,118.88201141357422,148.99000549316406,12.904145240783691
2020-01-28,297.9665832519531,213.18133544921875,152.22885131835938,56.53031921386719,37.82393264770508,117.95092010498047,147.66000366210938,12.965056419372559
2020-01-29,297.7203063964844,213.52792358398438,151.36094665527344,56.538551330566406,38.00687026977539,119.10440826416016,148.4600067138672,12.904145240783691
2020-01-30,298.6866455078125,214.28842163085938,151.36094665527344,56.489173889160156,37.44064712524414,119.12096405029297,148.47000122070312,12.791028022766113
2020-01-31,293.26318359375,210.89015197753906,148.2216033935547,55.534523010253906,36.682777404785156,120.20849609375,149.3300018310547,12.686612129211426
2020-02-03,295.4416198730469,214.07664489746094,149.87435913085938,55.666194915771484,37.09219741821289,120.111083984375,148.36000061035156,12.451675415039062
2020-02-04,299.944580078125,218.97653198242188,152.13650512695312,56.59615707397461,38.05043029785156,118.49356079101562,146.42999267578125,12.469077110290527
2020-02-05,303.40826416015625,219.6985626220703,154.48178100585938,57.13931655883789,38.26820373535156,117.1978988647461,146.61000061035156,12.660507202148438
2020-02-06,304.4292297363281,221.59500122070312,154.1309356689453,57.295692443847656,38.30304718017578,117.72606658935547,147.39999389648438,12.712715148925781
2020-02-07,302.8066711425781,220.64195251464844,152.23806762695312,56.75252151489258,37.77167510986328,119.19502258300781,147.7899932861328,12.643104553222656
2020-02-10,305.0672607421875,223.30857849121094,153.09678649902344,56.86773681640625,37.980735778808594,119.52513885498047,148.1699981689453,12.529986381530762
2020-02-11,305.595947265625,223.3470458984375,154.1586151123047,57.25453186035156,38.47727584838867,118.92268371582031,147.66000366210938,12.573493957519531
2020-02-12,307.5648498535156,225.52268981933594,155.22044372558594,57.45205307006836,38.99995422363281,118.32024383544922,147.5399932861328,12.747520446777344
2020-02-13,307.2366638183594,225.23387145996094,155.626708984375,57.048797607421875,38.485984802246094,118.77413177490234,148.3800048828125,12.75622272491455
2020-02-14,307.7289733886719,225.87881469726562,155.02647399902344,56.950042724609375,38.50341033935547,119.29412078857422,149.0,12.747520446777344
2020-02-18,306.9359130859375,225.96548461914062,154.69410705566406,56.587928771972656,38.25078582763672,120.111083984375,150.91000366210938,12.843235969543457
2020-02-19,308.4034729003906,228.1314697265625,155.48818969726562,56.7772216796875,38.529541015625,120.10282897949219,151.7899932861328,12.965056419372559
2020-02-20,307.13641357421875,226.01361083984375,155.8667449951172,56.43980407714844,37.928470611572266,121.04367065429688,152.41000366210938,12.912846565246582
2020-02-21,303.9734191894531,221.67205810546875,154.28782653808594,56.176448822021484,37.710693359375,122.1743392944336,154.6999969482422,12.860638618469238
2020-02-24,293.89215087890625,213.1235809326172,149.64352416992188,53.92970275878906,36.29948043823242,123.99816131591797,156.08999633789062,12.617000579833984
2020-02-25,284.98651123046875,207.32838439941406,144.32516479492188,53.040897369384766,36.01201248168945,124.65838623046875,153.3000030517578,12.382062911987305
2020-02-26,283.9383239746094,208.3969268798828,142.65391540527344,53.10673904418945,36.29948043823242,123.99816131591797,153.97000122070312,12.260244369506836
2020-02-27,271.18609619140625,197.96165466308594,137.63107299804688,51.53484344482422,35.42836380004883,125.34335327148438,154.0,12.051411628723145
2020-02-28,270.04669189453125,198.11570739746094,135.11038208007812,51.22211837768555,35.297691345214844,128.17404174804688,148.3800048828125,11.84257698059082
2020-03-02,281.741455078125,208.3391571044922,139.4500274658203,51.88050079345703,36.06428909301758,127.2310791015625,149.1999969482422,12.112320899963379
2020-03-03,273.67449951171875,201.6582489013672,136.60614013671875,51.460777282714844,35.820369720458984,129.20639038085938,153.88999938964844,12.13842487335205
2020-03-04,285.1780090332031,210.07196044921875,140.4933624267578,52.999752044677734,36.45627975463867,127.83440399169922,154.16000366210938,12.147125244140625
2020-03-05,275.6981201171875,203.68948364257812,136.0244598388672,51.59246063232422,35.689697265625,131.01644897460938,157.49000549316406,12.016606330871582
2020-03-06,271.1405029296875,200.25282287597656,133.32833862304688,50.81886291503906,34.95795822143555,137.83502197265625,157.5500030517578,11.625042915344238
2020-03-09,249.9659423828125,186.34237670898438,120.36486053466797,46.87679672241211,32.571102142333984,141.5707550048828,157.80999755859375,10.720099449157715
2020-03-10,262.9004211425781,196.48880004882812,124.12278747558594,48.60504913330078,34.22623062133789,134.3141632080078,154.47999572753906,11.059453964233398
2020-03-11,250.08438110351562,187.9307098388672,116.22833251953125,46.12788391113281,32.6320686340332,129.3717041015625,153.92999267578125,10.859321594238281
2020-03-12,226.1570281982422,170.69912719726562,103.3848876953125,41.058345794677734,29.365381240844727,130.1734161376953,147.7899932861328,10.4242525100708
2020-03-13,245.49041748046875,185.1582489013672,110.309814453125,43.54373550415039,31.482192993164062,127.2310791015625,143.27999877929688,10.537370681762695
2020-03-16,218.62791442871094,162.9785614013672,95.67509460449219,39.05028533935547,27.553457260131836,135.47119140625,141.63999938964844,9.902170181274414
2020-03-17,230.4320831298828,175.3391876220703,100.06087493896484,40.951351165771484,29.452495574951172,126.43766021728516,143.55999755859375,9.745545387268066
2020-03-18,218.76461791992188,170.0059814453125,92.30493927001953,38.60586929321289,26.908830642700195,119.30492401123047,140.6999969482422,9.423593521118164
2020-03-19,219.2295379638672,171.02639770507812,95.90594482421875,39.206642150878906,27.117897033691406,122.55306243896484,138.0399932861328,9.623725891113281
2020-03-20,209.78201293945312,164.32626342773438,93.62530517578125,38.7210807800293,27.318256378173828,131.7685546875,140.11000061035156,9.519309043884277
2020-03-23,204.4182586669922,164.44496154785156,92.24031829833984,38.268455505371094,26.664918899536133,137.1986083984375,146.3000030517578,9.632427215576172
2020-03-24,222.93922424316406,177.17916870117188,100.67951965332031,41.510990142822266,28.668489456176758,134.644775390625,153.39999389648438,9.84126091003418
2020-03-25,226.27667236328125,175.86715698242188,101.93083953857422,42.86066818237305,29.678985595703125,134.3389434814453,151.3000030517578,10.006587028503418
2020-03-26,239.48886108398438,185.12838745117188,108.27082061767578,44.778194427490234,30.802730560302734,135.0000762939453,153.24000549316406,9.971780776977539
2020-03-27,232.35557556152344,178.76129150390625,104.33151245117188,43.50259017944336,29.051774978637695,138.60365295410156,152.25,9.936975479125977
2020-03-30,239.90145874023438,185.26348876953125,106.63021087646484,44.3831787109375,29.53089714050293,137.46307373046875,152.9199981689453,9.910871505737305
2020-03-31,236.32565307617188,183.68130493164062,106.09262084960938,43.996376037597656,29.731252670288086,136.3473663330078,148.0500030517578,9.78905200958252
2020-04-01,225.68984985351562,175.8767852783203,98.8628158569336,42.04591751098633,28.45941925048828,138.2576446533203,149.4499969482422,9.510608673095703
2020-04-02,230.89768981933594,179.44619750976562,99.7989730834961,42.868892669677734,29.417648315429688,139.135009765625,151.89999389648438,9.693338394165039
2020-04-03,227.560302734375,176.89938354492188,96.9719467163086,41.889556884765625,28.860132217407227,139.4661102294922,152.64999389648438,9.936975479125977
2020-04-06,242.84463500976562,189.54673767089844,104.3963851928711,44.11159133911133,30.436851501464844,139.10189819335938,156.8800048828125,9.98918342590332
2020-04-07,243.0922393798828,189.4695587158203,104.6651840209961,44.358482360839844,30.593664169311523,137.64508056640625,156.0399932861328,10.058795928955078
2020-04-08,251.25244140625,193.492431640625,109.43869018554688,44.72058868408203,30.907258987426758,136.6436767578125,154.64999389648438,10.032690048217773
2020-04-09,255.07586669921875,193.7722625732422,114.6756591796875,45.73285675048828,30.79401969909668,136.8918914794922,158.69000244140625,10.058795928955078
2020-04-13,252.74691772460938,195.86563110351562,111.57056427001953,45.29668426513672,30.837568283081055,135.64212036132812,161.41000366210938,10.23282241821289
2020-04-14,260.20123291015625,204.38406372070312,113.83218383789062,46.10320281982422,31.54317855834961,135.6090545654297,162.67999267578125,10.145808219909668
2020-04-15,254.67236328125,202.03982543945312,109.18842315673828,44.66298294067383,30.733036041259766,139.20114135742188,161.85000610351562,9.936975479125977
2020-04-16,255.9010467529297,205.7249755859375,108.363525390625,44.687679290771484,30.8985538482666,140.7820587158203,161.7100067138672,9.910871505737305
2020-04-17,262.81427001953125,207.6929931640625,113.13702392578125,45.872764587402344,31.586734771728516,138.89491271972656,158.57000732421875,9.954378128051758
2020-04-20,258.18408203125,205.2329864501953,111.80229187011719,45.1896858215332,31.186019897460938,140.01234436035156,159.6999969482422,9.78905200958252
2020-04-21,250.34474182128906,197.66001892089844,109.13280487060547,44.309104919433594,30.3236141204834,141.7753143310547,158.61000061035156,9.327878952026367
2020-04-22,255.9010467529297,203.52549743652344,110.45828247070312,45.05801010131836,31.15117645263672,140.32688903808594,161.72999572753906,9.458399772644043
2020-04-23,255.88275146484375,203.09133911132812,111.54277801513672,44.91810989379883,31.037933349609375,141.07180786132812,163.33999633789062,9.432295799255371
2020-04-24,259.4493103027344,206.29421997070312,113.46143341064453,45.436580657958984,30.99437141418457,141.40289306640625,162.63999938964844,9.310476303100586
2020-04-27,263.1901550292969,207.95350646972656,117.95687103271484,46.037349700927734,31.6215763092041,138.7708740234375,161.55999755859375,9.136449813842773
2020-04-28,261.97991943359375,204.03672790527344,119.67164611816406,46.38300704956055,31.682559967041016,140.36819458007812,160.83999633789062,9.145151138305664
2020-04-29,268.83819580078125,211.27210998535156,125.55745697021484,47.54340744018555,32.60593795776367,139.63990783691406,161.72999572753906,9.310476303100586
2020-04-30,266.3350830078125,211.1852264404297,120.78388977050781,46.55583572387695,31.91775894165039,138.00933837890625,158.8000030517578,9.484503746032715
2020-05-01,259.2843322753906,205.2329864501953,115.99185180664062,45.543575286865234,30.767881393432617,139.1910858154297,159.77999877929688,9.362685203552246
2020-05-04,259.9994812011719,207.62550354003906,116.49238586425781,45.52711486816406,31.098907470703125,138.53646850585938,160.33999633789062,9.475802421569824
2020-05-05,262.4017028808594,209.97933959960938,117.39148712158203,45.60940933227539,31.27313232421875,137.64964294433594,161.02000427246094,9.719441413879395
2020-05-06,260.6229248046875,211.27210998535156,116.52945709228516,45.313140869140625,31.17731475830078,135.42864990234375,158.9499969482422,9.528010368347168
2020-05-07,263.767822265625,213.99258422851562,118.12373352050781,45.996212005615234,31.4299373626709,137.69107055664062,161.38999938964844,9.588919639587402
2020-05-08,268.1322021484375,216.92532348632812,122.68402862548828,46.778038024902344,32.091983795166016,135.90093994140625,160.4199981689453,9.78905200958252
2020-05-11,268.18719482421875,218.86439514160156,122.07228088378906,46.73688507080078,31.88291358947754,134.84014892578125,159.4199981689453,9.658531188964844
2020-05-12,262.84185791015625,214.28199768066406,117.68807983398438,46.14434814453125,31.760955810546875,136.2241668701172,160.0399932861328,9.580219268798828
2020-05-13,258.1932373046875,211.60011291503906,113.74874877929688,45.79046630859375,31.69997215270996,137.17727661132812,161.5800018310547,9.484503746032715
2020-05-14,261.2830810546875,214.0022430419922,114.1195297241211,45.35429382324219,31.821941375732422,138.5198974609375,163.00999450683594,9.649829864501953
2020-05-15,262.48419189453125,215.3914337158203,115.93623352050781,45.39543533325195,31.386375427246094,138.16346740722656,163.92999267578125,9.745545387268066
2020-05-18,270.4794006347656,219.40460205078125,122.98065948486328,47.230674743652344,32.61464309692383,135.13021850585938,162.69000244140625,10.0239896774292
2020-05-19,267.7012939453125,218.85472106933594,120.55219268798828,46.58051681518555,32.35331726074219,135.6357879638672,164.25999450683594,9.997884750366211
2020-05-20,272.2490234375,223.2248992919922,124.20416259765625,47.55162811279297,32.78017044067383,136.04183959960938,164.64999389648438,10.17191219329834
2020-05-21,270.3694152832031,220.79385375976562,124.42662811279297,47.00023651123047,32.40558624267578,136.381591796875,162.25,10.128406524658203
2020-05-22,270.8829040527344,221.5559539794922,125.02912139892578,46.86856460571289,31.734825134277344,137.20213317871094,163.2100067138672,10.050093650817871
2020-05-26,274.2203063964844,220.9578094482422,128.63475036621094,48.21001052856445,32.43171691894531,135.36224365234375,160.88999938964844,10.154509544372559
2020-05-27,278.3003234863281,222.1636962890625,132.62965393066406,48.79433059692383,32.53624725341797,135.11366271972656,161.17999267578125,10.0239896774292
2020-05-28,277.7869567871094,221.87432861328125,129.48748779296875,49.255191802978516,32.30976486206055,134.6163330078125,161.72000122070312,10.076197624206543
2020-05-29,279.0246887207031,225.12533569335938,128.74595642089844,49.082374572753906,32.867279052734375,135.57777404785156,162.91000366210938,10.250225067138672
2020-06-01,280.1524658203125,225.8006591796875,129.97869873046875,50.17694091796875,33.62514877319336,134.66494750976562,163.66000366210938,10.311136245727539
2020-06-02,282.4721374511719,227.3152618408203,131.05389404296875,50.646034240722656,34.42658233642578,134.17530822753906,162.60000610351562,10.4242525100708
2020-06-03,286.2313537597656,228.337890625,134.21469116210938,51.855804443359375,35.228004455566406,132.39117431640625,159.60000610351562,10.4242525100708
2020-06-04,285.47955322265625,226.73646545410156,134.01998901367188,51.633602142333984,34.73146438598633,130.47425842285156,161.27999877929688,10.511266708374023
2020-06-05,292.7962341308594,231.23202514648438,139.2013397216797,52.52242660522461,35.64614486694336,129.54481506347656,158.00999450683594,10.720099449157715
2020-06-08,296.33538818359375,233.0263671875,141.89859008789062,53.20549011230469,35.863914489746094,130.042724609375,159.72000122070312,10.650487899780273
2020-06-09,294.125732421875,234.71463012695312,139.2755126953125,52.514190673828125,35.6200065612793,131.51991271972656,161.25999450683594,10.685294151306152
2020-06-10,292.4844970703125,237.53155517578125,135.49375915527344,52.39897537231445,35.88134002685547,133.469970703125,163.57000732421875,10.754904747009277
2020-06-11,275.6230773925781,225.76211547851562,125.15890502929688,49.59261703491211,34.00844192504883,135.9926300048828,162.38999938964844,10.40684986114502
2020-06-12,278.9238586425781,227.55648803710938,128.16200256347656,50.44852066040039,34.73146438598633,134.6815185546875,162.6199951171875,10.450357437133789
2020-06-15,281.5278015136719,230.3251953125,131.12510681152344,50.655513763427734,34.41604995727539,134.75621032714844,162.3300018310547,10.546072006225586
2020-06-16,286.94659423828125,234.28053283691406,134.2779083251953,51.28150177001953,34.63509750366211,132.68995666503906,162.25,10.633086204528809
2020-06-17,285.754638671875,235.02333068847656,131.85052490234375,51.47347640991211,34.96803665161133,133.23756408691406,162.55999755859375,10.580877304077148
2020-06-18,285.8646545410156,235.66006469726562,131.8040313720703,51.19804382324219,34.985557556152344,134.64830017089844,162.24000549316406,10.6417875289917
2020-06-19,284.2309875488281,235.6214599609375,131.12510681152344,50.94765090942383,34.97679901123047,134.75621032714844,164.02999877929688,10.728800773620605
2020-06-22,286.0543212890625,238.44715881347656,132.43641662597656,51.55694580078125,35.40612030029297,134.77279663085938,165.08999633789062,10.8419189453125
2020-06-23,287.37127685546875,240.47659301757812,132.99447631835938,51.84072494506836,35.74782943725586,133.85166931152344,166.47999572753906,10.789710998535156
2020-06-24,280.0407409667969,235.51902770996094,128.67909240722656,50.51361846923828,35.27470016479492,135.28733825683594,165.89999389648438,10.519968032836914
2020-06-25,283.04296875,237.7610626220703,130.6228790283203,51.23142623901367,35.42364501953125,135.67730712890625,165.8000030517578,10.615682601928711
2020-06-26,276.3202819824219,232.14630126953125,127.10738372802734,50.488582611083984,34.994319915771484,137.12953186035156,166.5399932861328,10.485161781311035
2020-06-29,280.3814697265625,234.67823791503906,131.2645721435547,50.89756774902344,35.15202713012695,136.69796752929688,166.6300048828125,10.659189224243164
2020-06-30,283.97314453125,239.27828979492188,133.16184997558594,50.805747985839844,35.03813552856445,136.0341339111328,167.3699951171875,10.711398124694824
2020-07-01,285.9623107910156,242.07115173339844,131.8970489501953,50.99772262573242,35.43240737915039,135.7699737548828,166.6199951171875,10.798412322998047
2020-07-02,287.53704833984375,243.71397399902344,132.43641662597656,51.55694580078125,36.23847961425781,135.91122436523438,166.97999572753906,10.8419189453125
2020-07-06,291.97576904296875,249.70562744140625,133.39434814453125,52.39995193481445,37.798065185546875,135.3545684814453,167.97999572753906,10.928933143615723
2020-07-07,288.96435546875,247.98541259765625,131.03208923339844,51.6320686340332,37.1672248840332,137.25709533691406,169.0399932861328,10.937634468078613
2020-07-08,291.1745910644531,251.25181579589844,132.00860595703125,52.06608200073242,38.13101577758789,136.70870971679688,170.08999633789062,11.076855659484863
2020-07-09,289.5169677734375,253.36819458007812,129.33941650390625,51.47347640991211,38.13101577758789,138.88546752929688,169.6300048828125,10.946335792541504
2020-07-10,292.4730529785156,255.0980987548828,131.4226837158203,52.024356842041016,37.88569259643555,138.1875762939453,169.19000244140625,11.015947341918945
2020-07-13,289.9405822753906,249.85055541992188,129.75796508789062,51.690486907958984,37.63159942626953,138.64454650878906,169.39999389648438,10.902828216552734
2020-07-14,293.6978759765625,251.6190185546875,131.90634155273438,52.45002746582031,37.684173583984375,138.84388732910156,170.19000244140625,10.955038070678711
2020-07-15,296.39630126953125,252.13131713867188,136.74249267578125,53.042640686035156,37.798065185546875,138.19589233398438,170.33999633789062,11.085556983947754
2020-07-16,295.4200439453125,250.4110870361328,135.93333435058594,52.70043182373047,37.26361083984375,138.85218811035156,168.72999572753906,10.998544692993164
2020-07-17,296.2763977050781,250.70101928710938,136.33326721191406,53.009246826171875,37.4738883972168,138.5614776611328,170.1199951171875,11.015947341918945
2020-07-20,298.6709289550781,257.8135681152344,135.74732971191406,53.268001556396484,37.95578384399414,138.9020538330078,170.94000244140625,11.007245063781738
2020-07-21,299.3063049316406,255.1270751953125,137.67251586914062,53.37649154663086,38.30625534057617,138.98507690429688,173.0,11.163869857788086
2020-07-22,301.00994873046875,256.0258483886719,137.74693298339844,53.51839828491211,38.139774322509766,139.4005584716797,175.6300048828125,11.233480453491211
2020-07-23,297.4183349609375,249.33839416503906,137.8863983154297,53.09272384643555,37.83312225341797,141.0288848876953,177.17999267578125,11.207376480102539
2020-07-24,295.5028991699219,246.9707489013672,135.85894775390625,52.80058670043945,37.798065185546875,141.02064514160156,178.6999969482422,11.22477912902832
2020-07-27,297.6578674316406,251.37750244140625,137.27261352539062,53.49335479736328,38.38511276245117,140.4972686767578,182.22999572753906,11.329197883605957
2020-07-28,295.77001953125,248.17874145507812,135.9054412841797,53.151145935058594,38.06968688964844,141.4692840576172,183.75,11.26828670501709
2020-07-29,299.4075622558594,251.03919982910156,138.900146484375,53.710365295410156,38.68301010131836,141.22830200195312,185.1300048828125,11.329197883605957
2020-07-30,298.3393249511719,252.35350036621094,138.35140991210938,52.917442321777344,38.192352294921875,142.1588592529297,183.75999450683594,11.198676109313965
2020-07-31,300.69683837890625,256.85699462890625,137.0493927001953,51.7906494140625,37.92950439453125,142.06747436523438,185.42999267578125,11.259584426879883
2020-08-03,302.7874755859375,260.32635498046875,139.28143310546875,52.80058670043945,38.192352294921875,141.3521270751953,185.63999938964844,11.372703552246094
2020-08-04,303.9569396972656,261.29266357421875,140.2393798828125,53.09272384643555,38.700523376464844,142.69961547851562,189.58999633789062,11.433613777160645
2020-08-05,305.8448486328125,261.94012451171875,143.02944946289062,53.268001556396484,39.121097564697266,141.451904296875,191.35000610351562,11.529328346252441
2020-08-06,307.88922119140625,265.4094543457031,142.97369384765625,53.32642364501953,39.24375915527344,142.2421417236328,193.88999938964844,11.616342544555664
2020-08-07,308.1102600097656,262.34600830078125,145.24295043945312,53.10940933227539,38.437679290771484,141.2938690185547,190.80999755859375,11.459716796875
2020-08-10,309.0312194824219,261.2249755859375,146.74964904785156,53.284690856933594,38.5340576171875,140.6618194580078,190.14999389648438,11.520626068115234
2020-08-11,306.480224609375,256.2770080566406,145.90328979492188,53.47666549682617,38.42892074584961,138.99000549316406,179.94000244140625,11.337897300720215
2020-08-12,310.75323486328125,262.72296142578125,146.49847412109375,54.6618766784668,38.945858001708984,137.72581481933594,179.10000610351562,11.459716796875
2020-08-13,310.19146728515625,263.3219909667969,146.19161987304688,54.419822692871094,38.83195877075195,136.25369262695312,183.3300018310547,11.520626068115234
2020-08-14,310.2007141113281,263.01287841796875,146.09857177734375,54.08596420288086,38.76186752319336,135.7213592529297,182.5399932861328,11.520626068115234
2020-08-17,311.1861267089844,266.0665283203125,146.85191345214844,54.49495315551758,39.25251770019531,136.06231689453125,186.5,11.712057113647461
2020-08-18,311.8583679199219,268.6276550292969,145.44757080078125,54.4615592956543,39.208709716796875,137.0354461669922,188.17999267578125,11.738160133361816
2020-08-19,310.55987548828125,266.82037353515625,145.45689392089844,54.21950912475586,38.72681427001953,136.1787872314453,182.24000549316406,11.70335578918457
2020-08-20,311.5268249511719,270.5216369628906,144.86167907714844,54.044227600097656,38.604148864746094,137.40975952148438,183.5,11.685953140258789
2020-08-21,312.6319885253906,272.396484375,143.7921600341797,53.768795013427734,38.79690933227539,138.233154296875,182.02999877929688,11.572834968566895
2020-08-24,315.7999267578125,274.0972595214844,145.29873657226562,54.47825241088867,39.226234436035156,138.00860595703125,181.0,11.633745193481445
2020-08-25,316.9049377441406,276.2522888183594,145.45689392089844,54.51164627075195,39.62051010131836,136.95230102539062,181.22000122070312,11.729458808898926
2020-08-26,320.08209228515625,282.1473083496094,144.5454559326172,54.828819274902344,39.72565841674805,136.4282989501953,183.36000061035156,11.755563735961914
2020-08-27,320.7820129394531,281.2679748535156,144.89886474609375,54.26958465576172,39.392704010009766,134.1077880859375,181.24000549316406,11.712057113647461
2020-08-28,322.85406494140625,282.6981201171875,146.12649536132812,54.653533935546875,39.90964889526367,134.0079345703125,184.38999938964844,11.790369033813477
2020-08-31,321.6845703125,284.9693603515625,144.55471801757812,54.2362060546875,39.02471160888672,134.89793395996094,184.8300018310547,11.781667709350586
2020-09-01,324.71429443359375,289.8398132324219,146.21022033691406,54.294639587402344,39.69060516357422,136.4408416748047,185.0500030517578,11.799071311950684
2020-09-02,329.41107177734375,292.5844421386719,147.3727264404297,55.020774841308594,39.5854606628418,137.7398681640625,182.6199951171875,11.642446517944336
2020-09-03,318.0745544433594,277.750244140625,143.0201873779297,53.77714538574219,38.83195877075195,138.13119506835938,181.13999938964844,11.538029670715332
2020-09-04,315.47747802734375,274.0489807128906,142.1087646484375,53.852256774902344,38.8494758605957,135.50827026367188,181.63999938964844,11.433613777160645
2020-09-08,306.85784912109375,260.8771057128906,139.37445068359375,53.19287872314453,38.174827575683594,136.34097290039062,181.2899932861328,11.155167579650879
2020-09-09,312.91741943359375,268.54058837890625,141.4856719970703,54.186126708984375,38.74433517456055,135.97462463378906,183.0500030517578,11.259584426879883
2020-09-10,307.4840393066406,263.18670654296875,139.64418029785156,53.551780700683594,38.12225341796875,136.66574096679688,182.4600067138672,11.146467208862305
2020-09-11,307.64056396484375,261.3603515625,138.71417236328125,54.08596420288086,38.49025344848633,136.95716857910156,182.4499969482422,11.22477912902832
2020-09-14,311.69268798828125,265.9119567871094,142.3691864013672,54.37809371948242,39.112327575683594,136.94883728027344,183.88999938964844,11.233480453491211
2020-09-15,313.2674255371094,269.6808776855469,142.6388397216797,54.72865295410156,39.52413558959961,136.61569213867188,183.4499969482422,11.294389724731445
2020-09-16,312.0241394042969,265.38043212890625,143.98739624023438,54.72865295410156,39.4715576171875,136.2077178955078,183.97000122070312,11.50322437286377
2020-09-17,309.27984619140625,261.2347717285156,142.93649291992188,54.80377197265625,39.31385040283203,136.6240692138672,182.9600067138672,11.633745193481445
2020-09-18,305.7191467285156,257.9005432128906,142.56448364257812,54.36140060424805,39.0071907043457,136.19937133789062,183.1999969482422,11.685953140258789
2020-09-21,302.31671142578125,258.51904296875,137.5701904296875,52.984214782714844,38.64796447753906,136.89053344726562,179.52000427246094,11.398807525634766
2020-09-22,305.39556884765625,263.3219909667969,138.63047790527344,52.96752166748047,38.358829498291016,136.78228759765625,178.64999389648438,11.346599578857422
2020-09-23,298.31317138671875,255.28167724609375,134.5003204345703,52.52515411376953,37.76302719116211,136.9654541015625,174.7899932861328,11.216078758239746
2020-09-24,299.1082763671875,256.4704284667969,134.5003204345703,52.47507095336914,37.58779525756836,137.49000549316406,175.44000244140625,11.26828670501709
2020-09-25,303.9439697265625,262.4329833984375,136.68482971191406,52.65035629272461,37.622840881347656,137.49000549316406,174.94000244140625,11.26828670501709
2020-09-28,308.99224853515625,267.88336181640625,140.0550994873047,53.44327163696289,38.04340362548828,137.09864807128906,176.6999969482422,11.36400318145752
2020-09-29,307.3094787597656,266.6754150390625,139.42025756835938,53.38484573364258,38.01711654663086,137.25686645507812,178.19000244140625,11.233480453491211
2020-09-30,309.6394958496094,268.501953125,139.84033203125,53.12610626220703,38.63043975830078,135.94122314453125,177.1199951171875,11.36400318145752
2020-10-01,311.62738037109375,272.76373291015625,142.07162475585938,53.43492126464844,38.98967361450195,136.16551208496094,178.6999969482422,11.22477912902832
2020-10-02,308.6686096191406,265.090576171875,142.6970977783203,53.32642364501953,38.54282760620117,135.65704345703125,178.5399932861328,11.085556983947754
2020-10-05,314.14227294921875,270.74395751953125,146.6368408203125,54.13604736328125,39.05976867675781,133.0063934326172,179.41000366210938,11.372703552246094
2020-10-06,309.6764831542969,265.9119567871094,146.21669006347656,53.56013107299805,39.12985610961914,133.7232208251953,177.3000030517578,11.416210174560547
2020-10-07,315.06695556640625,270.5119934082031,149.4095001220703,54.01919174194336,39.559181213378906,132.74798583984375,177.22000122070312,11.459716796875
2020-10-08,317.8592529296875,271.9519958496094,151.10862731933594,54.39479446411133,39.883365631103516,133.46485900878906,177.85000610351562,11.572834968566895
2020-10-09,320.6977233886719,276.1073913574219,151.89280700683594,54.820457458496094,40.15497589111328,133.43983459472656,181.0800018310547,11.607640266418457
2020-10-12,325.85699462890625,284.63092041015625,152.91043090820312,55.13763427734375,40.50545120239258,133.864990234375,180.55999755859375,11.485820770263672
2020-10-13,323.7303771972656,284.6213684082031,151.89280700683594,54.51998519897461,40.33897018432617,134.82342529296875,177.72000122070312,11.51192569732666
2020-10-14,321.6962585449219,282.2440185546875,150.38978576660156,54.42817687988281,40.06736755371094,135.13189697265625,178.27000427246094,11.59023666381836
2020-10-15,321.2987060546875,280.349853515625,151.93948364257812,53.78548812866211,39.778228759765625,134.89852905273438,178.9199981689453,11.625042915344238
2020-10-16,321.1045227050781,278.8133544921875,151.5661163330078,54.035884857177734,39.91841125488281,134.5234375,178.3000030517578,11.546731948852539
2020-10-19,316.2226257324219,274.2615966796875,149.7549591064453,53.835567474365234,39.80450439453125,134.0150146484375,178.38999938964844,11.555432319641113
2020-10-20,317.4892272949219,274.8511047363281,150.08168029785156,54.1026611328125,40.242591857910156,132.73965454101562,179.25,11.685953140258789
2020-10-21,316.8883972167969,274.6385192871094,148.79336547851562,53.843910217285156,40.35649871826172,132.28121948242188,180.60000610351562,11.59023666381836
2020-10-22,318.62652587890625,274.62884521484375,151.36070251464844,53.885643005371094,40.34773254394531,130.90589904785156,178.8300018310547,11.625042915344238
2020-10-23,319.70843505859375,275.16998291015625,152.2382354736328,54.2362060546875,40.58430480957031,131.70611572265625,178.63999938964844,11.538029670715332
2020-10-26,313.8002014160156,271.0435791015625,148.9520721435547,53.25965118408203,40.05860137939453,132.931396484375,178.5500030517578,11.372703552246094
2020-10-27,312.71844482421875,273.1599426269531,147.6730499267578,52.84231948852539,40.23383331298828,133.82325744628906,179.02000427246094,11.451016426086426
2020-10-28,302.030029296875,262.5102844238281,143.1265411376953,51.264808654785156,39.226234436035156,133.9483642578125,176.1300048828125,11.146467208862305
2020-10-29,305.0997009277344,267.1005859375,144.83499145507812,51.50686264038086,39.62051010131836,132.64794921875,175.39999389648438,11.007245063781738
2020-10-30,301.9190979003906,260.32635498046875,142.92117309570312,51.23977279663086,39.17366027832031,131.33932495117188,176.1999969482422,11.007245063781738
2020-11-02,305.3031311035156,260.9061279296875,145.46981811523438,51.90750503540039,39.67308807373047,132.32310485839844,177.91000366210938,11.207376480102539
2020-11-03,310.6934814453125,265.419189453125,149.59625244140625,53.268001556396484,39.84831619262695,131.55538940429688,178.9199981689453,11.276987075805664
2020-11-04,317.63726806640625,277.2671203613281,149.76425170898438,53.852256774902344,41.10123825073242,134.4092559814453,178.82000732421875,11.398807525634766
2020-11-05,323.83209228515625,284.49578857421875,153.9560089111328,55.1459846496582,41.802181243896484,134.6428985595703,182.92999267578125,11.451016426086426
2020-11-06,323.7580871582031,284.7083435058594,152.75173950195312,55.26283645629883,41.99494552612305,133.0157470703125,183.19000244140625,11.40750789642334
2020-11-09,327.82635498046875,278.8905944824219,158.28782653808594,56.87372970581055,42.28408432006836,130.2204132080078,175.0800018310547,11.546731948852539
2020-11-10,327.3455505371094,273.8943786621094,161.22857666015625,57.38286590576172,41.802181243896484,129.46939086914062,175.66000366210938,11.772965431213379
2020-11-11,329.77728271484375,280.02130126953125,161.16322326660156,57.866981506347656,42.07379913330078,129.93673706054688,174.89999389648438,11.764266014099121
2020-11-12,326.5781555175781,278.7070007324219,158.6892547607422,57.02397155761719,41.75837326049805,132.14785766601562,175.9600067138672,11.668549537658691
2020-11-13,331.0994873046875,281.1519470214844,161.97544860839844,57.90035629272461,42.34540939331055,131.97268676757812,177.16000366210938,11.616342544555664
2020-11-16,335.232421875,283.3456115722656,165.83111572265625,58.501312255859375,42.87110900878906,131.6555938720703,177.14999389648438,11.720758438110352
2020-11-17,333.4294738769531,282.4469909667969,166.60597229003906,58.442893981933594,42.827301025390625,132.5150604248047,176.5,11.755563735961914
2020-11-18,329.4165954589844,280.3594970703125,164.27207946777344,58.134063720703125,42.67835235595703,132.89889526367188,175.49000549316406,11.772965431213379
2020-11-19,330.8035888671875,282.5531921386719,165.53233337402344,58.54304885864258,42.748443603515625,133.58311462402344,175.16000366210938,11.772965431213379
2020-11-20,328.5382385253906,280.6204833984375,165.70974731445312,58.71833419799805,42.985015869140625,134.76797485351562,175.69000244140625,11.83387565612793
2020-11-23,330.5077209472656,280.6301574707031,168.80923461914062,58.64321517944336,43.09891891479492,134.15057373046875,172.22999572753906,11.868682861328125
2020-11-24,335.8333740234375,284.5729675292969,171.9833526611328,59.51960754394531,43.67718505859375,132.81541442871094,169.58999633789062,12.12102222442627
2020-11-25,335.31561279296875,286.3221130371094,171.39520263671875,59.444480895996094,43.43185806274414,132.40655517578125,169.50999450683594,12.225438117980957
2020-11-27,336.2494812011719,288.96038818359375,172.12344360351562,59.85345458984375,43.84366226196289,133.69155883789062,167.7899932861328,12.199335098266602
2020-11-30,334.7608642578125,289.5499267578125,168.99591064453125,58.55139923095703,42.69588088989258,133.52464294433594,166.6699981689453,12.12972354888916
2020-12-01,338.4222412109375,293.2608337402344,170.5643310546875,59.928592681884766,43.53699493408203,131.55593872070312,170.17999267578125,12.094917297363281
2020-12-02,339.13427734375,293.6376953125,170.74171447753906,59.93693542480469,43.59833526611328,130.51190185546875,171.4600067138672,12.147125244140625
2020-12-03,339.0417785644531,294.0533142089844,171.7033233642578,60.0370979309082,44.097747802734375,131.5643310546875,172.80999755859375,12.164527893066406
2020-12-04,341.9635314941406,295.2516174316406,175.6990203857422,60.54623031616211,44.55335998535156,129.6348419189453,172.32000732421875,12.216736793518066
2020-12-07,341.26080322265625,296.92352294921875,175.8670654296875,60.05378341674805,44.55335998535156,130.80422973632812,174.88999938964844,12.216736793518066
2020-12-08,342.2593688964844,297.9284973144531,178.1262969970703,60.2624626159668,44.570884704589844,131.42233276367188,175.5,12.234139442443848
2020-12-09,339.189697265625,291.18310546875,176.82862854003906,60.34592056274414,44.18537521362305,130.98800659179688,172.5,12.242840766906738
2020-12-10,339.0787658691406,292.3524169921875,178.53712463378906,60.42938232421875,44.7548828125,132.1490936279297,172.1699981689453,12.425570487976074
2020-12-11,338.6811218261719,291.7050476074219,177.6595458984375,60.24575424194336,44.43946075439453,132.61676025390625,172.49000549316406,12.390764236450195
2020-12-14,337.164794921875,293.8213806152344,177.86741638183594,60.28282928466797,44.20841598510742,132.24923706054688,171.5399932861328,12.425570487976074
2020-12-15,341.7231140136719,296.9621276855469,182.3157196044922,60.89805221557617,44.68643569946289,131.80653381347656,173.94000244140625,12.521286010742188
2020-12-16,342.2593688964844,298.5954284667969,181.66018676757812,61.1340217590332,44.898895263671875,131.45579528808594,174.89999389648438,12.590896606445312
2020-12-17,344.1733093261719,300.54742431640625,183.82350158691406,61.5638313293457,45.19102096557617,131.10794067382812,176.74000549316406,12.73882007598877
2020-12-18,342.7990417480469,299.63897705078125,182.93382263183594,61.24358367919922,45.137908935546875,130.71487426757812,176.44000244140625,12.782326698303223
2020-12-21,341.5734558105469,299.0784912109375,182.84014892578125,60.45981216430664,44.47397994995117,131.2333526611328,175.8800048828125,12.651805877685547
2020-12-22,340.9976806640625,299.89166259765625,184.919189453125,60.3081169128418,44.11988830566406,131.91055297851562,174.49000549316406,12.512584686279297
2020-12-23,341.3040466308594,298.3813171386719,186.4925079345703,60.9570426940918,44.57135772705078,130.9992218017578,175.64999389648438,12.669209480285645
2020-12-24,342.63189697265625,299.6981201171875,186.3707275390625,60.98233413696289,44.37661361694336,131.51759338378906,176.35000610351562,12.704014778137207
2020-12-28,345.575439453125,302.7186584472656,185.67774963378906,61.47955322265625,44.50053405761719,131.57615661621094,175.7100067138672,12.625702857971191
2020-12-29,344.9161682128906,302.9897155761719,182.08163452148438,61.87564468383789,45.164466857910156,131.40890502929688,176.35000610351562,12.660507202148438
2020-12-30,345.4082336425781,302.99945068359375,183.93588256835938,61.959938049316406,45.76641845703125,131.69317626953125,177.6999969482422,12.73882007598877
2020-12-31,347.1631774902344,303.744873046875,183.60812377929688,61.48798370361328,45.73986053466797,131.88552856445312,178.36000061035156,12.791028022766113
2021-01-04,342.4368896484375,299.4560852050781,181.210693359375,61.80823516845703,46.03199005126953,131.72659301757812,182.3300018310547,12.721416473388672
2021-01-05,344.7954406738281,301.9247741699219,184.01077270507812,62.448734283447266,47.13852310180664,130.74835205078125,182.8699951171875,13.078173637390137
2021-01-06,346.8567810058594,297.74237060546875,191.54019165039062,63.165069580078125,46.74017333984375,128.06431579589844,179.89999389648438,13.095576286315918
2021-01-07,352.0102233886719,304.9454040527344,194.94898986816406,63.232513427734375,47.18278884887695,126.93553161621094,179.47999572753906,13.156485557556152
2021-01-08,354.01593017578125,308.8662414550781,194.52755737304688,63.82244110107422,48.43096160888672,126.52584838867188,173.33999633789062,13.260902404785156
2021-01-11,351.6295471191406,304.4032287597656,194.3590087890625,62.98809814453125,47.7758903503418,126.31671905517578,173.0,13.16518783569336
2021-01-12,351.7037353515625,303.919189453125,197.8427276611328,63.27463912963867,48.24506378173828,126.21643829345703,174.1199951171875,13.417527198791504
2021-01-13,352.6509094238281,305.9716491699219,196.4286346435547,63.190372467041016,48.351295471191406,127.63790130615234,173.3699951171875,13.382721900939941
2021-01-14,351.4159240722656,304.3355407714844,200.35255432128906,63.69602966308594,48.80276107788086,126.44225311279297,173.27999877929688,13.504541397094727
2021-01-15,348.8531188964844,301.9247741699219,197.36508178710938,62.70155334472656,48.11227035522461,126.94390869140625,171.1300048828125,13.313111305236816
2021-01-19,351.59234619140625,306.3299255371094,199.8936767578125,63.156654357910156,48.90898513793945,127.35359954833984,172.5800018310547,13.35661792755127
2021-01-20,356.4580383300781,313.455322265625,200.77394104003906,63.58647537231445,49.767662048339844,127.4790267944336,175.38999938964844,13.36531925201416
2021-01-21,356.78289794921875,315.9627685546875,199.0321044921875,63.63703918457031,49.8561897277832,126.5843276977539,175.27999877929688,13.35661792755127
2021-01-22,355.5200500488281,315.0528564453125,201.34523010253906,63.33364486694336,49.422428131103516,126.99404907226562,173.89999389648438,13.130382537841797
2021-01-25,356.9222412109375,317.6570739746094,201.14854431152344,63.25778579711914,49.794219970703125,128.4907684326172,174.0500030517578,13.269603729248047
2021-01-26,356.36505126953125,318.12176513671875,199.75320434570312,63.350494384765625,49.4312744140625,128.24832153320312,173.6199951171875,13.295708656311035
2021-01-27,347.6553955078125,309.25347900390625,196.09149169921875,61.90093994140625,48.059165954589844,128.57432556152344,172.52000427246094,13.260902404785156
2021-01-28,350.645263671875,311.08343505859375,195.46408081054688,62.297035217285156,48.39554977416992,127.86363220214844,172.67999267578125,13.199994087219238
2021-01-29,343.6254577636719,304.53875732421875,192.50474548339844,61.00761032104492,47.1916389465332,127.09441375732422,172.61000061035156,13.217395782470703
2021-02-01,349.3453674316406,312.14837646484375,197.23402404785156,61.732383728027344,48.46637725830078,127.24173736572266,174.22999572753906,13.469734191894531
2021-02-02,354.28509521484375,317.24078369140625,200.04351806640625,62.35603332519531,49.09488296508789,126.42130279541016,172.11000061035156,13.574152946472168
2021-02-03,354.56365966796875,315.9821472167969,200.64285278320312,62.507720947265625,49.342742919921875,125.29965209960938,171.85000610351562,13.669867515563965
2021-02-04,358.5935974121094,319.7192077636719,204.73529052734375,62.57514572143555,49.360450744628906,124.96475982666016,168.14999389648438,13.73947811126709
2021-02-05,360.00494384765625,320.8035583496094,207.57290649414062,62.96281433105469,49.78537368774414,123.91839599609375,169.80999755859375,13.809089660644531
2021-02-08,362.6048583984375,322.952880859375,212.8734130859375,63.401065826416016,49.87389373779297,124.46249389648438,171.52000427246094,14.02662467956543
2021-02-09,362.36346435546875,322.8850402832031,213.87542724609375,63.74658966064453,50.405029296875,124.5545654296875,172.0800018310547,14.078832626342773
2021-02-10,362.2055969238281,322.14935302734375,212.47073364257812,63.5274543762207,50.58207702636719,125.38334655761719,172.7100067138672,14.052726745605469
2021-02-11,362.7905578613281,323.9209899902344,212.22720336914062,63.95728302001953,51.1220588684082,124.6968765258789,171.2100067138672,14.02662467956543
2021-02-12,364.58270263671875,325.73138427734375,212.8265838623047,64.31124114990234,51.166324615478516,123.14822387695312,170.69000244140625,14.200652122497559
2021-02-16,364.2669372558594,324.8504333496094,211.4874267578125,64.7747573852539,51.29025650024414,121.2730712890625,168.24000549316406,14.392082214355469
2021-02-17,364.3504943847656,323.2916564941406,209.8297882080078,64.39552307128906,51.30796432495117,122.04322052001953,166.3300018310547,14.435589790344238
2021-02-18,362.7999267578125,321.8782043457031,206.58018493652344,64.07525634765625,50.59978103637695,121.5492935180664,166.32000732421875,14.383380889892578
2021-02-19,362.1591491699219,320.4743957519531,210.88803100585938,64.26068115234375,50.92730712890625,119.93372344970703,167.00999450683594,14.374679565429688
2021-02-22,359.3735046386719,312.1676940917969,209.520751953125,64.10054779052734,49.4312744140625,119.0212173461914,169.50999450683594,14.696629524230957
2021-02-23,359.8099365234375,311.23828125,207.6758575439453,64.15955352783203,49.652584075927734,118.67800903320312,169.1199951171875,14.766240119934082
2021-02-24,363.7747802734375,313.80389404296875,212.58309936523438,64.36180877685547,49.33389663696289,117.89950561523438,169.0,14.992476463317871
2021-02-25,355.0093688964844,302.8639221191406,204.7259521484375,63.26621627807617,48.20965576171875,115.97415924072266,165.82000732421875,14.870656967163086
2021-02-26,353.18011474609375,304.132080078125,204.44497680664062,62.37289047241211,47.563438415527344,119.80812072753906,161.80999755859375,14.55740737915039
2021-03-01,361.7413024902344,313.28118896484375,211.71214294433594,63.54432678222656,48.838165283203125,118.22570037841797,161.52999877929688,14.435589790344238
2021-03-02,358.9184875488281,308.25640869140625,207.63839721679688,63.47690963745117,48.36015319824219,118.23413848876953,162.41000366210938,14.496498107910156
2021-03-03,354.16436767578125,299.3108215332031,205.39085388183594,63.0892219543457,48.26276779174805,116.9517593383789,160.6199951171875,14.583512306213379
2021-03-04,349.78173828125,294.4120788574219,199.65016174316406,62.490875244140625,47.13852310180664,116.19751739501953,159.0399932861328,14.809746742248535
2021-03-05,356.2164611816406,298.8460693359375,203.8831329345703,62.895389556884766,47.6519660949707,116.4238052368164,159.13999938964844,15.114297866821289
2021-03-08,354.4429626464844,290.38458251953125,204.84771728515625,62.676292419433594,46.36837387084961,115.51860809326172,157.49000549316406,14.905463218688965
2021-03-09,359.5035400390625,301.83770751953125,209.155517578125,63.519046783447266,47.38639450073242,117.11943054199219,160.83999633789062,14.905463218688965
2021-03-10,361.7413024902344,300.97607421875,212.7890625,63.78871536254883,47.17394256591797,117.35411071777344,161.66000366210938,15.001179695129395
2021-03-11,365.40899658203125,307.9079284667969,217.4716033935547,64.1258316040039,48.66112518310547,116.5075912475586,161.52000427246094,15.227415084838867
2021-03-12,365.9012451171875,305.41015625,218.75453186035156,64.28596496582031,47.79359436035156,114.03512573242188,161.49000549316406,15.157804489135742
2021-03-15,368.0832824707031,308.6727600097656,219.53182983398438,64.33651733398438,47.9086799621582,114.70562744140625,162.1999969482422,15.105596542358398
2021-03-16,367.6189880371094,310.366943359375,215.86080932617188,64.44609069824219,48.11227035522461,114.24462127685547,162.35000610351562,15.044686317443848
2021-03-17,368.8724365234375,311.64495849609375,217.5558319091797,64.8253173828125,48.17424392700195,113.3897933959961,163.50999450683594,15.044686317443848
2021-03-18,363.50555419921875,302.0990295410156,210.93482971191406,64.23539733886719,47.28901290893555,112.24153900146484,162.55999755859375,14.331171035766602
2021-03-19,362.83294677734375,303.16400146484375,212.52688598632812,64.4123764038086,47.873268127441406,112.93720245361328,163.24000549316406,14.644421577453613
2021-03-22,365.7301025390625,308.849365234375,210.92547607421875,64.47136688232422,47.731632232666016,114.2027587890625,163.0,14.618318557739258
2021-03-23,362.8515625,307.50189208984375,203.2743682861328,63.57804489135742,46.81984329223633,115.23367309570312,161.80999755859375,14.20935344696045
2021-03-24,361.0069885253906,302.3158264160156,198.5731658935547,63.25778579711914,45.748714447021484,115.85386657714844,162.3699951171875,14.583512306213379
2021-03-25,363.037841796875,301.7923889160156,203.2813720703125,63.729740142822266,45.9611701965332,114.9402847290039,161.77999877929688,14.252860069274902
2021-03-26,368.8882751464844,306.31927490234375,206.98744201660156,64.5556411743164,47.15623092651367,114.53800201416016,162.24000549316406,14.59221363067627
2021-03-29,368.7019348144531,306.2320556640625,201.16087341308594,64.30282592773438,46.828697204589844,113.56576538085938,160.30999755859375,14.60961627960205
2021-03-30,367.7237548828125,304.6907958984375,204.54798889160156,64.21854400634766,46.979183197021484,114.16085052490234,157.57000732421875,14.374679565429688
2021-03-31,369.2142028808594,309.35345458984375,207.2970428466797,63.94043731689453,47.218196868896484,113.52383422851562,159.9600067138672,14.45299243927002
2021-04-01,373.20147705078125,314.62677001953125,209.92417907714844,64.7747573852539,47.67852020263672,115.4080581665039,161.97999572753906,14.696629524230957
2021-04-05,378.55804443359375,320.90826416015625,211.07818603515625,65.71866607666016,47.864418029785156,114.90445709228516,161.9199981689453,14.479094505310059
2021-04-06,378.3345031738281,320.6852111816406,210.45896911621094,65.01915740966797,48.12998962402344,115.68497467041016,163.22000122070312,14.531304359436035
2021-04-07,378.7723083496094,321.46075439453125,207.06253051757812,65.15399932861328,47.42179489135742,114.87928771972656,162.75999450683594,14.574810981750488
2021-04-08,380.5702209472656,324.81475830078125,208.8170166015625,65.52481842041016,47.81129837036133,115.82767486572266,164.50999450683594,14.653124809265137
2021-04-09,383.3370666503906,326.78253173828125,208.8451690673828,65.72708129882812,47.40410232543945,115.4080581665039,163.27000427246094,14.600915908813477
2021-04-12,383.4768371582031,326.3560791015625,208.02890014648438,65.36468505859375,47.12082290649414,115.35769653320312,162.27999877929688,14.60961627960205
2021-04-13,384.6133117675781,330.1656494140625,207.48472595214844,65.74392700195312,47.315574645996094,116.22207641601562,163.42999267578125,14.766240119934082
2021-04-14,383.2998962402344,326.200927734375,209.5300750732422,65.79450988769531,47.55458450317383,115.85284423828125,162.72000122070312,15.105596542358398
2021-04-15,387.4174499511719,331.1447448730469,210.440185546875,66.34230041503906,47.988346099853516,117.79151153564453,165.35000610351562,15.201311111450195
2021-04-16,388.71240234375,331.5325012207031,210.77796936035156,66.82268524169922,48.11227035522461,116.87677764892578,166.35000610351562,15.175206184387207
2021-04-19,386.802490234375,328.4983215332031,208.03823852539062,66.70468139648438,47.93523406982422,116.54108428955078,165.88999938964844,15.192608833312988
2021-04-20,383.9706115722656,326.1040344238281,203.77859497070312,65.50796508789062,47.54573440551758,117.07819366455078,166.47999572753906,15.166505813598633
2021-04-21,387.603759765625,328.8958435058594,208.76071166992188,66.18217468261719,47.837860107421875,117.31318664550781,168.1300048828125,15.105596542358398
2021-04-22,384.06365966796875,324.9311218261719,207.89755249023438,65.96305847167969,47.66966247558594,117.82510375976562,167.0399932861328,15.227415084838867
2021-04-23,388.2278747558594,329.0218200683594,211.8194122314453,66.63727569580078,48.36015319824219,117.54817199707031,166.39999389648438,15.34923267364502
2021-04-26,389.03826904296875,331.1641540527344,214.02432250976562,66.6878433227539,48.42211151123047,117.38031768798828,166.83999633789062,15.45365047454834
2021-04-27,388.9544677734375,329.72943115234375,214.34332275390625,66.46871185302734,48.39554977416992,116.3564453125,166.4199981689453,15.584172248840332
2021-04-28,388.84271240234375,328.6146240234375,214.70921325683594,66.63727569580078,48.758506774902344,116.43194580078125,166.91000366210938,15.610275268554688
2021-04-29,391.32073974609375,329.7973327636719,213.91172790527344,66.66254425048828,48.64341735839844,116.0878677368164,166.22000122070312,15.714689254760742
2021-04-30,388.74957275390625,327.6356506347656,211.0031280517578,65.82820892333984,47.78474044799805,116.3564453125,165.66000366210938,15.584172248840332
2021-05-03,389.5880432128906,325.8907775878906,212.0352325439453,66.55298614501953,47.78474044799805,116.42616271972656,167.80999755859375,15.758198738098145
2021-05-04,387.1844787597656,320.0260925292969,209.50192260742188,65.56697082519531,47.244754791259766,117.21627044677734,166.5800018310547,16.0018367767334
2021-05-05,387.3056335449219,318.9501037597656,208.6668701171875,66.46028137207031,47.46607208251953,117.4095687866211,167.27000427246094,16.062746047973633
2021-05-06,390.39849853515625,321.3541564941406,208.8451690673828,67.00808715820312,47.91753005981445,117.60289764404297,170.05999755859375,16.14105796813965
2021-05-07,393.23974609375,323.9617614746094,211.47225952148438,67.76657104492188,48.41325378417969,117.0229263305664,171.58999633789062,16.297683715820312
2021-05-10,389.34576416015625,315.7803039550781,206.0961151123047,67.40418243408203,47.54573440551758,115.83783721923828,172.11000061035156,16.184566497802734
2021-05-11,385.87103271484375,315.3441162109375,205.43930053710938,66.519287109375,47.4129524230957,115.18225860595703,172.13999938964844,16.358592987060547
2021-05-12,377.6730651855469,307.1820373535156,198.7683868408203,65.45740509033203,46.102813720703125,113.97191619873047,170.42999267578125,16.341190338134766
2021-05-13,382.2098388671875,309.55694580078125,202.42755126953125,65.94620513916016,46.04084014892578,114.14838409423828,171.1300048828125,15.88871955871582
2021-05-14,388.0788269042969,316.3910217285156,207.3721160888672,67.05022430419922,46.87295913696289,115.21585083007812,172.69000244140625,16.019241333007812
2021-05-17,387.09136962890625,314.4716491699219,207.65359497070312,66.92381286621094,46.828697204589844,114.97207641601562,174.6999969482422,16.219371795654297
2021-05-18,383.75628662109375,312.3487548828125,206.0773162841797,67.06708526611328,47.45721435546875,114.67791748046875,175.0399932861328,16.14105796813965
2021-05-19,382.7501525878906,312.7074279785156,204.4917449951172,66.47714233398438,47.315574645996094,114.40055084228516,175.16000366210938,15.810405731201172
2021-05-20,386.8677673339844,318.7562255859375,205.85214233398438,67.35360717773438,47.58999252319336,115.3419418334961,175.9600067138672,15.645079612731934
2021-05-21,386.551025390625,316.99200439453125,206.38694763183594,67.44631958007812,47.04115295410156,115.71173095703125,176.0399932861328,15.79300308227539
2021-05-24,390.49163818359375,322.3234558105469,207.72865295410156,67.85926818847656,47.43064880371094,116.14037322998047,176.35000610351562,16.01053810119629
2021-05-25,389.625244140625,322.7694091796875,205.72076416015625,67.87613677978516,47.89982604980469,117.21627044677734,177.9499969482422,15.958329200744629
2021-05-26,390.39849853515625,323.8939208984375,209.55821228027344,67.83399963378906,48.2539176940918,117.01453399658203,177.63999938964844,15.984434127807617
2021-05-27,390.6034240722656,322.68218994140625,211.71621704101562,67.96039581298828,48.26276779174805,116.54386138916016,177.7100067138672,16.236774444580078
2021-05-28,391.3021545410156,323.6999816894531,211.57545471191406,68.12053680419922,48.57259750366211,116.35894775390625,178.3800048828125,16.184566497802734
2021-06-01,390.9574279785156,322.62396240234375,213.97740173339844,68.36494445800781,49.57291030883789,116.33284759521484,177.89999389648438,16.471712112426758
2021-06-02,391.5722351074219,323.2541198730469,214.23069763183594,68.59248352050781,49.652584075927734,116.60216522216797,178.77000427246094,16.558727264404297
2021-06-03,390.1190490722656,319.8902893066406,212.43869018554688,68.25537872314453,49.12144470214844,116.16450500488281,175.27000427246094,16.419504165649414
2021-06-04,393.68701171875,325.31884765625,213.35812377929688,68.83687591552734,49.564064025878906,117.75532531738281,177.16000366210938,16.602231979370117
2021-06-07,393.3050231933594,326.2881774902344,216.21983337402344,69.06441497802734,49.31619644165039,117.39338684082031,177.8699951171875,16.62833595275879
2021-06-08,393.38885498046875,326.44329833984375,218.5091552734375,69.03071594238281,49.077178955078125,118.21823120117188,177.32000732421875,16.793663024902344
2021-06-09,392.8019714355469,326.5209045410156,217.05487060546875,68.84530639648438,48.93553924560547,119.26201629638672,176.97999572753906,16.715351104736328
2021-06-10,394.62786865234375,329.9233093261719,215.44522094726562,69.03495788574219,49.327640533447266,119.97749328613281,177.74000549316406,16.776262283325195
2021-06-11,395.2799987792969,330.7859802246094,217.71922302246094,69.19725799560547,49.15870666503906,119.78382110595703,175.74000549316406,16.724050521850586
2021-06-14,396.1650085449219,333.9559020996094,217.08023071289062,69.31686401367188,49.292083740234375,118.86639404296875,174.7100067138672,16.62833595275879
2021-06-15,395.4383544921875,331.7748107910156,216.46006774902344,69.40229797363281,48.95421600341797,118.72328186035156,174.0500030517578,16.558727264404297
2021-06-16,393.2304992675781,330.5631408691406,215.99961853027344,68.97515869140625,48.287384033203125,118.62223815917969,171.11000061035156,16.463010787963867
2021-06-17,393.1000061035156,334.76043701171875,213.5752716064453,68.49676513671875,48.55411911010742,120.39827728271484,165.85000610351562,16.036643981933594
2021-06-18,387.7970275878906,332.13348388671875,208.7266387939453,67.07862854003906,48.216251373291016,122.6624526977539,164.92999267578125,16.201969146728516
2021-06-21,393.3486633300781,334.1976318359375,213.19004821777344,67.95854949951172,48.42074966430664,120.60869598388672,166.9499969482422,16.402101516723633
2021-06-22,395.45159912109375,337.3129577636719,214.1578826904297,67.96710205078125,48.19847869873047,120.90335845947266,166.25,16.428203582763672
2021-06-23,394.9749755859375,337.4779357910156,214.86265563964844,67.53141021728516,48.49188232421875,120.59191131591797,166.13999938964844,16.532621383666992
2021-06-24,397.3114929199219,339.5645446777344,217.89773559570312,68.1806640625,48.93642807006836,120.78548431396484,166.0399932861328,16.593530654907227
2021-06-25,398.7227783203125,339.14727783203125,218.26419067382812,68.32589721679688,49.34542465209961,119.53131866455078,166.58999633789062,16.5239200592041
2021-06-28,399.526611328125,343.2717590332031,216.5352325439453,67.89021301269531,49.38987350463867,120.76026916503906,166.5800018310547,16.51521873474121
2021-06-29,399.7416076660156,344.5140380859375,215.5016326904297,67.90729522705078,49.35431671142578,120.96227264404297,164.8300018310547,16.593530654907227
2021-06-30,400.0780334472656,343.97052001953125,215.52980041503906,67.38618469238281,49.034236907958984,121.5009994506836,165.6300048828125,16.750154495239258
2021-07-01,402.2931213378906,344.1064147949219,217.42787170410156,67.54850006103516,48.75860595703125,121.50765228271484,166.1999969482422,16.811065673828125
2021-07-02,405.3680725097656,348.0563049316406,215.3606719970703,67.7791519165039,48.705265045166016,122.24092864990234,167.2899932861328,16.967689514160156
2021-07-06,404.6296691894531,349.56060791015625,212.2315673828125,67.33493041992188,47.85172653198242,123.6737060546875,168.1199951171875,16.506515502929688
2021-07-07,406.05963134765625,350.2981262207031,210.25831604003906,67.70227813720703,47.798377990722656,124.76933288574219,168.75999450683594,16.306385040283203
2021-07-08,402.7510070800781,348.18231201171875,208.32260131835938,66.83090209960938,46.80257797241211,125.25816345214844,168.64999389648438,16.445608139038086
2021-07-09,407.0503845214844,350.3563537597656,212.72019958496094,67.96710205078125,47.61166763305664,123.49673461914062,169.2100067138672,16.637039184570312
2021-07-12,408.50836181640625,351.7247619628906,212.8987274169922,68.2575454711914,47.65612030029297,123.33658599853516,169.0,16.66314125061035
2021-07-13,407.1157531738281,351.7247619628906,208.88638305664062,67.89876556396484,47.70057678222656,122.39261627197266,169.22000122070312,16.8023624420166
2021-07-14,407.723388671875,352.3555603027344,205.6633758544922,68.05252838134766,47.905067443847656,123.78327178955078,171.0399932861328,16.637039184570312
2021-07-15,406.3307800292969,349.8807373046875,204.4981689453125,67.40327453613281,48.020652770996094,125.14859771728516,171.07000732421875,16.550024032592773
2021-07-16,403.14361572265625,347.0469970703125,201.97991943359375,66.90778350830078,47.6472282409668,124.91266632080078,169.41000366210938,16.550024032592773
2021-07-19,397.1899719238281,344.2034912109375,198.9541778564453,65.6947021484375,46.84703063964844,127.65181732177734,169.61000061035156,15.88871955871582
2021-07-20,402.8819580078125,348.2018127441406,205.12774658203125,66.17308807373047,46.99818420410156,126.4212417602539,169.38999938964844,16.1236572265625
2021-07-21,406.143798828125,350.8901062011719,208.66087341308594,67.18115234375,47.30047607421875,124.81995391845703,168.75999450683594,16.445608139038086
2021-07-22,406.9942932128906,353.2095947265625,205.34388732910156,67.206787109375,47.38938522338867,125.99977111816406,169.08999633789062,16.576128005981445
2021-07-23,411.1814880371094,357.3340759277344,206.30233764648438,67.67664337158203,46.68699645996094,125.15702819824219,168.55999755859375,16.66314125061035
2021-07-26,412.19085693359375,357.6156005859375,206.90370178222656,67.77061462402344,45.79788589477539,124.78619384765625,168.16000366210938,16.784961700439453
2021-07-27,410.312255859375,353.6753845214844,204.48876953125,67.49723815917969,44.87321472167969,126.11781311035156,168.44000244140625,16.689245223999023
2021-07-28,410.1439514160156,355.0340576171875,207.49569702148438,67.78768920898438,46.09128952026367,126.12632751464844,169.2899932861328,16.76755714416504
2021-07-29,411.8450927734375,355.6648254394531,209.0931396484375,68.2575454711914,46.32246017456055,125.4267349243164,171.1699981689453,17.063405990600586
2021-07-30,409.844970703125,353.8113098144531,207.71185302734375,67.90729522705078,45.877906799316406,126.01673889160156,169.82000732421875,16.967689514160156
2021-08-02,408.98504638671875,353.84033203125,206.67820739746094,68.24901580810547,46.20686721801758,127.14070892333984,169.61000061035156,16.784961700439453
2021-08-03,412.3123474121094,355.9852294921875,207.53330993652344,68.7359619140625,46.40247344970703,127.20824432373047,169.49000549316406,16.706647872924805
2021-08-04,410.2841491699219,356.49957275390625,204.94923400878906,68.53092956542969,46.64253616333008,127.46976470947266,169.52999877929688,16.436904907226562
2021-08-05,412.8824768066406,358.7608337402344,208.63272094726562,68.86410522460938,46.5714111328125,126.81999969482422,168.86000061035156,16.680545806884766
2021-08-06,413.564697265625,357.1886291503906,209.91064453125,68.60780334472656,46.18019485473633,124.7020034790039,164.63999938964844,16.541322708129883
2021-08-09,413.228271484375,357.8485107421875,208.7548828125,68.57363891601562,46.33135223388672,124.25484466552734,161.72000122070312,16.306385040283203
2021-08-10,413.7422790527344,356.0142517089844,209.1682891845703,68.72740173339844,46.39358901977539,123.68093872070312,161.77000427246094,16.602231979370117
2021-08-11,414.7703552246094,355.40289306640625,210.1925506591797,69.19725799560547,46.51806640625,123.60503387451172,164.0,16.750154495239258
2021-08-12,416.013427734375,356.6839294433594,209.69451904296875,69.1374740600586,46.109073638916016,123.40251922607422,164.0399932861328,16.689245223999023
2021-08-13,416.7705383300781,357.93585205078125,207.7869873046875,69.55607604980469,45.99348449707031,125.351806640625,166.38999938964844,16.593530654907227
2021-08-16,417.7518310546875,358.0911560058594,205.851318359375,69.19725799560547,45.57560348510742,125.65553283691406,167.22000122070312,16.550024032592773
2021-08-17,415.0134582519531,354.9370422363281,203.34239196777344,68.54801177978516,44.73984909057617,125.60498809814453,166.97000122070312,16.367294311523438
2021-08-18,410.4710388183594,351.52099609375,201.5664520263672,68.2831802368164,44.810977935791016,126.02687072753906,167.10000610351562,16.175865173339844
2021-08-19,411.106689453125,353.21929931640625,199.15155029296875,67.60828399658203,44.046348571777344,126.95503997802734,166.61000061035156,15.949628829956055
2021-08-20,414.3778991699219,356.8780212402344,202.51548767089844,67.87313079833984,44.01078414916992,127.03943634033203,166.6999969482422,15.575468063354492
2021-08-23,418.0229187011719,362.2156982421875,206.36813354492188,68.50530242919922,44.677608489990234,126.95503997802734,168.72999572753906,16.14105796813965
2021-08-24,418.6865539550781,363.3220520019531,208.39779663085938,68.65052032470703,45.691192626953125,125.96776580810547,168.64999389648438,16.48041534423828
2021-08-25,419.5651550292969,363.7393798828125,209.1306915283203,68.67615509033203,45.74454116821289,124.92139434814453,167.47999572753906,16.62833595275879
2021-08-26,417.0882873535156,361.4295959472656,206.9131317138672,68.31735229492188,45.30887222290039,125.26742553710938,167.6699981689453,16.497814178466797
2021-08-27,420.8175048828125,364.94287109375,212.7484130859375,68.94098663330078,45.8690185546875,126.11965942382812,170.19000244140625,16.706647872924805
2021-08-30,422.66802978515625,369.03826904296875,211.87451171875,68.92389678955078,45.96681594848633,126.44869232177734,169.35000610351562,16.76755714416504
2021-08-31,422.0419006347656,368.7373962402344,212.28794860839844,68.88972473144531,46.59807586669922,125.5880126953125,169.69000244140625,16.689245223999023
2021-09-01,422.26617431640625,369.3487548828125,213.71627807617188,69.51335906982422,47.19378662109375,125.79852294921875,169.6999969482422,16.610933303833008
2021-09-02,423.5653076171875,369.174072265625,215.200927734375,69.7952651977539,46.98040008544922,126.34766387939453,169.25,16.8023624420166
2021-09-03,423.4624938964844,370.3096618652344,214.20486450195312,70.11136627197266,47.22934341430664,125.1985092163086,171.05999755859375,16.819766998291016
2021-09-07,421.94842529296875,370.8337097167969,212.72959899902344,70.16261291503906,47.50497055053711,124.14239501953125,167.7100067138672,16.62833595275879
2021-09-08,421.434326171875,369.5429382324219,210.4086456298828,69.60733032226562,46.81147003173828,124.98726654052734,167.2899932861328,16.750154495239258
2021-09-09,419.6304931640625,368.2716064453125,210.30526733398438,69.48771667480469,46.722557067871094,126.49971771240234,168.02999877929688,16.62833595275879
2021-09-10,416.3218994140625,365.4765625,208.2474365234375,69.3339614868164,46.66920471191406,125.38443756103516,167.17999267578125,16.845870971679688
2021-09-13,417.387451171875,365.22418212890625,209.43141174316406,69.88072204589844,46.79368591308594,126.14483642578125,167.74000549316406,16.97639274597168
2021-09-14,415.13494873046875,364.1858215332031,206.76278686523438,69.59024810791016,46.40247344970703,127.67414093017578,168.82000732421875,16.967689514160156
2021-09-15,418.6024169921875,366.8934631347656,208.63272094726562,69.7952651977539,46.39358901977539,127.22634887695312,167.8300018310547,17.246135711669922
2021-09-16,417.93878173828125,367.1457824707031,208.78302001953125,69.68421173095703,45.8690185546875,126.64334869384766,164.02999877929688,17.124317169189453
2021-09-17,413.86773681640625,362.7980041503906,209.05552673339844,68.77012634277344,45.67340850830078,126.034912109375,163.77000427246094,16.98509407043457
2021-09-20,406.96673583984375,355.3014221191406,204.08473205566406,67.49723815917969,44.446449279785156,127.59809112548828,164.94000244140625,16.784961700439453
2021-09-21,406.5823669433594,355.7386169433594,204.39483642578125,68.16358184814453,44.775413513183594,127.48823547363281,166.0399932861328,16.8023624420166
2021-09-22,410.54840087890625,359.0614013671875,207.5708465576172,68.50530242919922,45.33555221557617,128.24864196777344,165.4199981689453,16.993793487548828
2021-09-23,415.5366516113281,362.37445068359375,211.2449188232422,69.24852752685547,45.691192626953125,125.3505859375,163.50999450683594,17.25483512878418
2021-09-24,416.2210693359375,362.71453857421875,210.2261199951172,68.59927368164062,45.148841857910156,124.12552642822266,163.3000030517578,17.333147048950195
2021-09-27,415.03033447265625,359.8192138671875,213.4211883544922,68.55656433105469,45.44224548339844,123.66925048828125,163.63999938964844,17.568086624145508
2021-09-28,406.6667175292969,349.6372375488281,208.56727600097656,67.06156158447266,44.855430603027344,121.74287414550781,162.0500030517578,17.428863525390625
2021-09-29,407.3511962890625,349.06402587890625,208.1243133544922,66.90778350830078,44.437557220458984,121.95408630371094,161.32000732421875,17.446266174316406
2021-09-30,402.3724365234375,347.78143310546875,206.17332458496094,66.64295196533203,44.79319763183594,121.93721771240234,164.22000122070312,17.559383392333984
2021-10-01,407.1542663574219,349.9383544921875,209.50038146972656,66.80525970458984,44.748741149902344,122.96339416503906,164.58999633789062,17.794321060180664
2021-10-04,401.903564453125,342.5933532714844,207.59649658203125,66.10474395751953,44.09080123901367,122.65031433105469,165.36000061035156,18.081466674804688
2021-10-05,406.08538818359375,347.218017578125,208.3128204345703,66.55754089355469,44.4019889831543,121.46598815917969,164.58999633789062,18.307703018188477
2021-10-06,407.7731018066406,349.44293212890625,207.22894287109375,66.11328887939453,44.15304183959961,122.1512222290039,165.02999877929688,18.003154754638672
2021-10-07,411.298583984375,352.6490783691406,210.42404174804688,66.62586212158203,45.015472412109375,120.87382507324219,164.16000366210938,18.22939109802246
2021-10-08,410.54840087890625,350.8904724121094,208.84063720703125,66.61734008789062,45.18439865112305,120.0278549194336,164.22999572753906,18.290302276611328
2021-10-11,407.576171875,348.1993408203125,207.64361572265625,66.40375518798828,45.09549331665039,119.72327423095703,163.9199981689453,18.412120819091797
2021-10-12,406.57293701171875,346.9848327636719,208.78402709960938,66.43792724609375,44.86432647705078,121.77054595947266,164.66000366210938,18.412120819091797
2021-10-13,408.0356140136719,349.7635192871094,209.77371215820312,67.09571838378906,45.4866943359375,122.95491790771484,167.58999633789062,18.516536712646484
2021-10-14,414.8990478515625,356.2049255371094,212.88394165039062,67.7620620727539,45.62895965576172,123.41175079345703,168.0,18.707965850830078
2021-10-15,418.0588684082031,358.44927978515625,212.2147674560547,68.32589721679688,46.18019485473633,122.69266510009766,165.3300018310547,18.864591598510742
2021-10-18,419.2965393066406,362.05377197265625,212.09230041503906,68.03544616699219,46.06461715698242,123.26795196533203,164.9199981689453,18.7514705657959
2021-10-19,422.5313415527344,364.79364013671875,212.88394165039062,68.44550323486328,46.6781005859375,121.56749725341797,165.4499969482422,18.794981002807617
2021-10-20,424.19091796875,364.3175964355469,214.2977294921875,68.68470764160156,46.66920471191406,120.74687194824219,166.89999389648438,19.003812789916992
2021-10-21,425.29730224609375,366.5424499511719,214.84439086914062,68.36006927490234,46.36691665649414,120.60311126708984,166.75,18.7166690826416
2021-10-22,424.856689453125,363.4625244140625,214.33541870117188,68.77012634277344,46.26911163330078,121.93122100830078,167.77000427246094,18.803682327270508
2021-10-25,427.13507080078125,367.1836853027344,216.37124633789062,68.63343048095703,46.50917053222656,121.74513244628906,168.92999267578125,18.899396896362305
2021-10-26,427.51947021484375,368.3398132324219,214.74069213867188,68.77012634277344,46.26911163330078,122.75183868408203,167.67999267578125,18.925500869750977
2021-10-27,425.6255187988281,369.1947937011719,210.79161071777344,68.49676513671875,45.89568328857422,124.98529052734375,168.1199951171875,18.57744598388672
2021-10-28,429.7323303222656,373.2947692871094,214.99520874023438,69.16310119628906,45.94013595581055,124.56229400634766,168.0800018310547,18.673158645629883
2021-10-29,430.60430908203125,375.13104248046875,214.93861389160156,68.76158905029297,45.27330780029297,124.94292449951172,166.64999389648438,18.57744598388672
2021-11-01,431.3450012207031,376.4134826660156,220.50885009765625,69.42793273925781,45.62895965576172,124.04339599609375,167.52000427246094,18.7166690826416
2021-11-02,433.08892822265625,377.98748779296875,220.97067260742188,69.28269958496094,45.21996307373047,124.593994140625,167.16000366210938,18.768875122070312
2021-11-03,435.7331237792969,382.00006103515625,224.91978454589844,69.84652709960938,45.433349609375,123.30646514892578,165.77000427246094,18.290302276611328
2021-11-04,437.7864990234375,386.8966979980469,224.83494567871094,69.8038330078125,45.326663970947266,124.60245513916016,167.64999389648438,18.177181243896484
2021-11-05,439.3054504394531,387.265869140625,227.90750122070312,69.90632629394531,45.27330780029297,126.46599578857422,169.83999633789062,18.429523468017578
2021-11-08,439.6804504394531,386.7413024902344,228.61439514160156,69.89779663085938,45.691192626953125,126.22882080078125,170.4499969482422,18.542640686035156
2021-11-09,438.2271728515625,384.07916259765625,227.2854461669922,69.74402618408203,45.51336669921875,127.8721694946289,171.2899932861328,18.690563201904297
2021-11-10,434.7016906738281,378.4344177246094,223.70396423339844,68.89826965332031,45.326663970947266,125.53422546386719,173.14999389648438,18.455625534057617
2021-11-11,434.8423156738281,379.4836120605469,225.50413513183594,69.14602661132812,46.109073638916016,125.34777069091797,174.1199951171875,18.58614730834961
2021-11-12,438.1239929199219,383.476806640625,225.73036193847656,69.52190399169922,46.23354721069336,124.79725646972656,174.4499969482422,18.560043334960938
2021-11-15,438.27410888671875,383.3893127441406,224.83494567871094,69.39375305175781,46.0823974609375,123.23019409179688,174.17999267578125,18.568744659423828
2021-11-16,440.0085754394531,386.11944580078125,225.24969482421875,69.239990234375,46.14463806152344,122.91683197021484,172.9199981689453,18.542640686035156
2021-11-17,438.9397277832031,386.323486328125,222.29962158203125,69.15455627441406,45.904579162597656,123.89092254638672,174.5,18.377315521240234
2021-11-18,440.4305725097656,390.3263244628906,221.3571319580078,69.22289276123047,45.34444046020508,124.3567886352539,173.94000244140625,18.43822479248047
2021-11-19,439.64300537109375,392.5026550292969,219.34014892578125,68.63343048095703,45.27330780029297,125.66972351074219,172.61000061035156,18.142375946044922
2021-11-22,438.4052429199219,387.9460144042969,218.4070281982422,68.23194122314453,44.90877914428711,124.19586181640625,168.74000549316406,18.272899627685547
2021-11-23,438.9866638183594,386.17779541015625,218.03004455566406,68.16358184814453,44.86432647705078,122.40005493164062,167.27999877929688,18.60354995727539
2021-11-24,440.15869140625,387.4213562011719,218.26568603515625,67.71082305908203,44.802085876464844,124.36526489257812,167.1199951171875,18.533939361572266
2021-11-26,430.341796875,380.07635498046875,210.03765869140625,65.89118194580078,43.299495697021484,127.5078353881836,166.85000610351562,17.428863525390625
2021-11-29,435.6205749511719,388.3249816894531,209.90565490722656,66.22435760498047,43.46842956542969,126.4829330444336,166.6199951171875,17.428863525390625
2021-11-30,427.1444091796875,382.6218566894531,205.62664794921875,65.64342498779297,43.42396926879883,128.4057159423828,165.5,16.950286865234375
2021-12-01,422.3999938964844,376.11236572265625,200.9989471435547,65.2675552368164,43.584014892578125,129.19789123535156,166.16000366210938,16.8023624420166
2021-12-02,428.8695983886719,378.8229675292969,206.60687255859375,66.07911682128906,44.11747360229492,129.3589630126953,165.24000549316406,16.950286865234375
2021-12-03,425.1379089355469,372.23577880859375,202.36563110351562,65.80574798583984,43.49509811401367,130.90249633789062,166.6300048828125,16.967689514160156
2021-12-06,430.1729736328125,375.2185363769531,206.42782592773438,66.43792724609375,43.83295822143555,129.10450744628906,166.22000122070312,17.263538360595703
2021-12-07,439.0710144042969,386.517822265625,211.21572875976562,67.8389663696289,44.526458740234375,128.06141662597656,166.80999755859375,17.524578094482422
2021-12-08,440.2336730957031,388.24713134765625,212.65777587890625,67.96710205078125,44.704280853271484,125.84788513183594,166.89999389648438,17.75951385498047
2021-12-09,437.2614440917969,382.534423828125,207.84156799316406,67.40327453613281,44.49089813232422,126.55186462402344,165.8800048828125,17.48977279663086
2021-12-10,441.37762451171875,386.69268798828125,207.26663208007812,67.54850006103516,44.526458740234375,126.24649810791016,166.5800018310547,17.689905166625977
2021-12-13,437.4676818847656,381.1062316894531,204.23765563964844,66.91575622558594,43.8203239440918,128.11228942871094,167.0,17.60289192199707
2021-12-14,434.4578857421875,377.1615905761719,202.47923278808594,66.55941009521484,43.72111892700195,127.80701446533203,165.44000244140625,17.446266174316406
2021-12-15,441.2463073730469,385.7600402832031,205.69354248046875,67.46331787109375,43.594871520996094,126.5772705078125,166.14999389648438,17.533281326293945
2021-12-16,437.3551940917969,375.84027099609375,201.53390502929688,67.47200775146484,43.648983001708984,126.62654876708984,168.16000366210938,17.637697219848633
2021-12-17,432.7004699707031,373.96514892578125,203.38682556152344,66.6202392578125,43.432533264160156,128.06141662597656,167.8000030517578,17.428863525390625
2021-12-20,428.09942626953125,370.33758544921875,200.5317840576172,66.47248840332031,42.78321075439453,127.1019515991211,167.08999633789062,17.307044982910156
2021-12-21,435.7019958496094,378.6258850097656,206.2607421875,67.21127319335938,43.50468063354492,126.61804962158203,167.02000427246094,17.672502517700195
2021-12-22,440.0584411621094,383.237060546875,208.2460174560547,67.8370590209961,43.71210479736328,127.20381164550781,168.58999633789062,17.88133430480957
2021-12-23,442.79656982421875,386.126220703125,209.90989685058594,68.23686981201172,43.937564849853516,126.10004425048828,168.97000122070312,17.97705078125
2021-12-27,449.06304931640625,392.5077819824219,211.8762664794922,68.76705932617188,44.13596725463867,126.40573120117188,169.3699951171875,18.203285217285156
2021-12-28,448.6960754394531,390.6886901855469,210.58108520507812,68.79312133789062,43.99168014526367,125.90478515625,168.63999938964844,18.168479919433594
2021-12-29,449.27001953125,390.63031005859375,210.80796813964844,68.76705932617188,43.79326629638672,124.52931213378906,168.58999633789062,18.255495071411133
2021-12-30,448.02801513671875,389.4629821777344,210.75125122070312,68.5867691040039,44.29496383666992,125.57368469238281,169.8000030517578,18.168479919433594
2021-12-31,446.89886474609375,387.03094482421875,210.29745483398438,68.52580261230469,44.078399658203125,125.81993103027344,170.9600067138672,18.081466674804688
2022-01-03,449.4864196777344,390.75677490234375,213.0106964111328,68.96997833251953,44.39421844482422,122.51712036132812,168.3300018310547,18.151077270507812
2022-01-04,449.33587646484375,385.68853759765625,212.68927001953125,69.36190032958984,44.240814208984375,122.00772094726562,169.57000732421875,18.368614196777344
2022-01-05,440.70770263671875,373.8397521972656,205.485595703125,68.75224304199219,43.51896286010742,121.34546661376953,169.05999755859375,18.290302276611328
2022-01-06,440.2936706542969,373.5770568847656,206.65786743164062,68.40386199951172,43.71747589111328,121.65956115722656,166.99000549316406,18.44692611694336
2022-01-07,438.55303955078125,369.5300598144531,204.2660369873047,68.60417938232422,44.11449432373047,120.78504943847656,167.75,18.48172950744629
2022-01-10,438.00726318359375,369.7734069824219,203.55697631835938,67.96839141845703,44.11449432373047,121.08222198486328,168.25999450683594,18.403417587280273
2022-01-11,441.9967346191406,375.328125,205.72190856933594,68.70870208740234,45.13412094116211,121.88880920410156,170.2899932861328,18.760175704956055
2022-01-12,443.1916809082031,376.81640625,204.19039916992188,69.37931823730469,45.88304901123047,121.42185974121094,170.74000549316406,18.908096313476562
2022-01-13,437.08514404296875,367.3899841308594,202.3185577392578,68.87417602539062,45.23337173461914,122.50017547607422,170.16000366210938,18.707965850830078
2022-01-14,437.2638854980469,369.6761169433594,202.60214233398438,68.80449676513672,45.215328216552734,120.64924621582031,169.6699981689453,18.95160484313965
2022-01-18,429.5201721191406,360.4732971191406,196.47621154785156,67.79419708251953,44.41226577758789,118.95117950439453,169.38999938964844,19.099529266357422
2022-01-19,425.0601806640625,356.5140380859375,193.2808380126953,67.73323822021484,44.60174560546875,119.77471923828125,172.0800018310547,19.20394515991211
2022-01-20,420.3555908203125,351.8834533691406,189.7830047607422,67.40227508544922,44.863426208496094,120.51335906982422,171.64999389648438,19.13433265686035
2022-01-21,412.1038818359375,342.1261901855469,186.22836303710938,66.48778533935547,44.213748931884766,121.94822692871094,171.08999633789062,19.151735305786133
2022-01-24,413.8538818359375,343.6923828125,190.5203857421875,65.82587432861328,43.59115219116211,120.94636535644531,172.02999877929688,19.10822868347168
2022-01-25,408.8011779785156,335.72515869140625,187.97726440429688,65.42524719238281,43.50994873046875,120.7510986328125,172.5800018310547,19.282257080078125
2022-01-26,407.7755432128906,335.1997985839844,185.26405334472656,65.17266845703125,42.95951843261719,119.29075622558594,169.7899932861328,19.32576560974121
2022-01-27,405.761962890625,331.8241882324219,181.05723571777344,64.86784362792969,42.46324920654297,121.48128509521484,167.60000610351562,19.421480178833008
2022-01-28,415.83917236328125,342.23321533203125,184.5834503173828,65.08557891845703,42.67078399658203,121.52375030517578,167.10000610351562,19.43888282775879
2022-01-31,423.3288269042969,353.17730712890625,190.2461700439453,66.03489685058594,44.06938171386719,120.89544677734375,168.08999633789062,19.508493423461914
2022-02-01,426.1893005371094,355.58013916015625,192.2503662109375,66.66197204589844,44.3400764465332,120.4941635131836,168.22999572753906,19.586807250976562
2022-02-02,430.329345703125,358.46929931640625,190.34072875976562,67.1584243774414,44.26789093017578,120.90222930908203,168.83999633789062,19.665117263793945
2022-02-03,420.2144470214844,343.93560791015625,186.7388916015625,66.09585571289062,43.798683166503906,119.9584732055664,168.60000610351562,19.70862579345703
2022-02-04,422.19036865234375,348.2744140625,187.54244995117188,66.25263214111328,43.90696334838867,118.19001770019531,168.86000061035156,19.865249633789062
2022-02-07,420.8354797363281,345.47265625,188.46890258789062,66.36585998535156,43.81673049926758,118.26657104492188,170.11000061035156,19.908756256103516
2022-02-08,424.29803466796875,349.3540954589844,191.6831512451172,66.70552062988281,44.240814208984375,117.475830078125,170.6300048828125,19.734729766845703
2022-02-09,430.5081787109375,356.7572937011719,195.32284545898438,67.78549194335938,44.935604095458984,117.6969223022461,171.2100067138672,19.934860229492188
2022-02-10,422.7737731933594,348.6829528808594,192.32598876953125,66.92325592041016,44.63783645629883,115.82645416259766,170.55999755859375,19.830446243286133
2022-02-11,414.43719482421875,337.6221008300781,190.3785400390625,65.9129638671875,43.961097717285156,117.5438461303711,173.80999755859375,20.12628936767578
2022-02-14,413.0823059082031,338.0404052734375,189.71678161621094,65.48619842529297,43.6543083190918,116.08145904541016,174.74000549316406,20.23070526123047
2022-02-15,419.7440490722656,346.4454345703125,194.80287170410156,66.68811798095703,44.60174560546875,114.76363372802734,173.0800018310547,19.900054931640625
2022-02-16,420.2144470214844,346.35797119140625,195.2093963623047,66.940673828125,44.92658615112305,115.4438247680664,174.86000061035156,19.926158905029297
2022-02-17,411.2381286621094,336.0559387207031,190.20838928222656,65.8607177734375,44.403236389160156,116.30252075195312,177.25,20.09148597717285
2022-02-18,408.5752868652344,332.2230224609375,188.57290649414062,65.58201599121094,43.961097717285156,117.52685546875,177.1199951171875,20.169795989990234
2022-02-22,404.190673828125,328.8863220214844,185.91639709472656,64.8155746459961,43.3385009765625,117.83292388916016,177.49000549316406,20.456945419311523
2022-02-23,397.02081298828125,320.4618225097656,182.43740844726562,64.28430938720703,42.83320236206055,116.20899200439453,178.2899932861328,20.648374557495117
2022-02-24,402.99560546875,331.23077392578125,187.22100830078125,63.42207717895508,41.94892501831055,116.28551483154297,177.13999938964844,20.73538589477539
2022-02-25,411.8872985839844,336.3672180175781,191.43736267089844,65.00718688964844,42.724918365478516,116.37055206298828,176.5500030517578,20.422138214111328
2022-02-28,410.8334655761719,337.3691711425781,192.2125701904297,63.77045440673828,42.16548156738281,118.92124938964844,178.3800048828125,20.770193099975586
2022-03-01,404.5764465332031,332.2035217285156,188.591796875,62.37694549560547,41.606040954589844,120.29617309570312,181.6199951171875,21.605525970458984
2022-03-02,412.01904296875,337.77777099609375,193.08230590820312,63.160789489746094,41.678226470947266,116.18412017822266,179.72999572753906,22.310335159301758
2022-03-03,409.9678955078125,332.95269775390625,190.7944793701172,61.91533279418945,41.09172439575195,117.36749267578125,180.8000030517578,22.553974151611328
2022-03-04,406.63702392578125,328.1275329589844,187.80714416503906,60.121192932128906,40.2615852355957,119.39373016357422,183.67999267578125,23.502426147460938
2022-03-07,394.6496276855469,316.02587890625,183.13705444335938,58.21382522583008,38.754703521728516,118.48281860351562,186.41000366210938,24.015810012817383
2022-03-08,391.6575622558594,314.5569152832031,184.14854431152344,58.718971252441406,38.88102722167969,117.29086303710938,191.50999450683594,24.424772262573242
2022-03-09,402.1581726074219,325.88037109375,189.338623046875,61.1750373840332,39.98186492919922,116.14154815673828,185.82000732421875,22.484363555908203
2022-03-10,400.34228515625,322.2615051269531,188.99830627441406,60.443443298339844,39.232933044433594,114.4729232788086,186.39999389648438,22.214622497558594
2022-03-11,395.2518005371094,315.578369140625,185.98255920410156,59.79024124145508,38.41182327270508,114.85603332519531,185.08999633789062,22.597482681274414
2022-03-14,392.3632507324219,309.5177917480469,182.18218994140625,60.33892822265625,37.4824333190918,112.17424774169922,182.3000030517578,21.93617820739746
2022-03-15,400.991455078125,319.2263488769531,185.08448791503906,60.913753509521484,37.53657150268555,111.97846984863281,178.88999938964844,21.396690368652344
2022-03-16,409.8831481933594,331.0653991699219,190.90794372558594,63.099822998046875,40.55935287475586,113.07669830322266,180.00999450683594,21.21396255493164
2022-03-17,415.01123046875,335.07330322265625,193.90478515625,63.6310920715332,40.35181427001953,112.23384857177734,180.88999938964844,22.232023239135742
2022-03-18,419.55670166015625,341.93170166015625,195.94676208496094,64.24946594238281,40.929298400878906,113.60455322265625,179.3000030517578,22.336442947387695
2022-03-21,419.4339599609375,340.9809875488281,194.2167510986328,63.84882354736328,40.29767608642578,110.97383117675781,180.6699981689453,23.17177391052246
2022-03-22,424.342041015625,347.6822204589844,196.16421508789062,64.44977569580078,41.02855682373047,109.55207061767578,179.36000061035156,23.119565963745117
2022-03-23,418.8770751953125,342.685546875,192.76083374023438,63.61366271972656,40.75785827636719,111.95291137695312,181.80999755859375,23.693857192993164
2022-03-24,425.19140625,350.3023376464844,194.97738647460938,64.20591735839844,40.97441864013672,111.07598876953125,183.1300048828125,23.45891761779785
2022-03-25,427.2679443359375,350.0101013183594,195.24258422851562,64.24076080322266,40.649574279785156,109.53506469726562,182.3800048828125,23.632946014404297
2022-03-28,430.3070373535156,355.425537109375,195.30892944335938,64.03173065185547,40.78492736816406,110.47152709960938,179.05999755859375,22.606184005737305
2022-03-29,435.6303405761719,361.5423278808594,200.5376434326172,65.45136260986328,41.47971725463867,111.30587005615234,179.13999938964844,22.693199157714844
2022-03-30,432.9403991699219,357.54888916015625,196.5119171142578,65.18136596679688,41.36241912841797,112.17424774169922,180.5800018310547,23.102161407470703
2022-03-31,426.2769470214844,353.1171569824219,194.43748474121094,64.10140991210938,40.73981857299805,112.44668579101562,180.64999389648438,22.67579460144043
2022-04-01,427.4849853515625,352.44512939453125,196.61610412597656,64.70235443115234,41.41654968261719,112.87471771240234,179.5,22.823720932006836
2022-04-04,431.1470947265625,359.70147705078125,196.93817138671875,64.96363830566406,42.14743423461914,112.09026336669922,180.3699951171875,23.258787155151367
2022-04-05,425.7011413574219,351.71466064453125,192.27777099609375,64.08399200439453,41.371437072753906,109.5578842163086,179.24000549316406,23.067358016967773
2022-04-06,421.4444580078125,344.0784606933594,189.54978942871094,63.31755828857422,40.830047607421875,108.67110443115234,179.66000366210938,22.884628295898438
2022-04-07,423.5680236816406,344.8966064453125,188.93409729003906,63.456905364990234,40.50520706176758,107.85255432128906,180.33999633789062,22.962942123413086
2022-04-08,422.4354248046875,340.07513427734375,187.427978515625,63.4830436706543,40.54130172729492,106.68443298339844,181.47000122070312,23.250085830688477
2022-04-11,415.2150573730469,332.0298767089844,186.16815185546875,62.81240463256836,40.03600311279297,104.99617767333984,182.3699951171875,23.058656692504883
2022-04-12,413.67657470703125,330.6272888183594,186.75546264648438,62.342098236083984,39.9096794128418,104.85118865966797,183.77000427246094,23.746065139770508
2022-04-13,418.4146728515625,337.34796142578125,190.3075408935547,63.012718200683594,40.43302917480469,105.06438446044922,184.64999389648438,24.268146514892578
2022-04-14,413.2047424316406,329.6337890625,188.4604949951172,62.725303649902344,39.9096794128418,102.95832061767578,184.0399932861328,24.450876235961914
2022-04-18,413.3746032714844,329.8870544433594,187.19117736816406,62.359519958496094,39.77433395385742,102.4467544555664,184.61000061035156,24.729320526123047
2022-04-19,420.0475158691406,337.2603454589844,190.92327880859375,62.655643463134766,39.57582092285156,101.67931365966797,181.82000732421875,24.0941219329834
2022-04-20,419.7360534667969,332.3415222167969,191.65261840820312,63.07368850708008,39.341217041015625,103.7257308959961,182.7100067138672,24.120223999023438
2022-04-21,413.45947265625,325.4651184082031,187.3616943359375,62.39435577392578,38.58326721191406,102.95832061767578,182.05999755859375,24.085420608520508
2022-04-22,402.1145324707031,316.9424743652344,182.5118865966797,61.37535095214844,38.24039077758789,102.31034088134766,180.2899932861328,23.624244689941406
2022-04-25,404.44586181640625,321.0138244628906,183.62013244628906,61.07923126220703,37.960662841796875,103.33348846435547,177.0500030517578,23.450220108032227
2022-04-26,392.7327575683594,308.8972473144531,177.83258056640625,59.37218475341797,37.130531311035156,104.37373352050781,177.32000732421875,23.772171020507812
2022-04-27,393.83697509765625,308.5270690917969,177.09371948242188,59.642173767089844,37.56364440917969,103.03506469726562,175.97999572753906,23.937496185302734
2022-04-28,403.78509521484375,319.4847106933594,180.39959716796875,60.48698043823242,38.105037689208984,103.18852233886719,176.92999267578125,24.13762664794922
2022-04-29,388.86297607421875,305.1083068847656,175.18978881835938,59.781524658203125,38.24039077758789,101.84986877441406,176.91000366210938,23.95490074157715
2022-05-02,391.2037353515625,310.2022705078125,177.02743530273438,59.633460998535156,38.186241149902344,100.08441925048828,173.6300048828125,24.320358276367188
2022-05-03,392.9969787597656,310.5335388183594,178.5430145263672,60.0776481628418,38.46596145629883,100.75917053222656,174.08999633789062,23.981002807617188
2022-05-04,404.9649353027344,321.0333251953125,183.30751037597656,61.13149642944336,38.88102722167969,101.31432342529297,175.8000030517578,24.729320526123047
2022-05-05,390.5713806152344,304.86480712890625,175.8717803955078,59.16315841674805,37.44634246826172,98.53849029541016,175.1300048828125,24.598798751831055
2022-05-06,388.24005126953125,301.2122497558594,172.94488525390625,58.588340759277344,36.9320182800293,97.08648681640625,175.4199981689453,24.624902725219727
2022-05-09,375.8096008300781,289.4267578125,165.670166015625,56.82032775878906,35.86727523803711,97.94062042236328,172.8800048828125,23.511127471923828
2022-05-10,376.6780090332031,292.94293212890625,165.71751403808594,57.24708557128906,36.03871536254883,98.8288803100586,171.4199981689453,23.371906280517578
2022-05-11,370.694091796875,284.2547607421875,161.5970916748047,56.90740966796875,35.786067962646484,100.73355102539062,172.82000732421875,23.946197509765625
2022-05-12,370.3070983886719,283.5826110839844,163.49156188964844,56.76806640625,35.55147171020508,100.54564666748047,170.1699981689453,24.059314727783203
2022-05-13,379.1603088378906,294.09228515625,168.67288208007812,58.3444709777832,36.534996032714844,99.05949401855469,168.7899932861328,24.38996696472168
2022-05-16,377.621826171875,290.6832580566406,167.8677520751953,58.39673614501953,36.390628814697266,98.95702362060547,170.39999389648438,24.79022979736328
2022-05-17,385.3896179199219,298.2122802734375,173.00169372558594,59.48541259765625,37.2839241027832,97.7612533569336,169.3300018310547,24.520488739013672
2022-05-18,369.85394287109375,283.5729675292969,166.93948364257812,58.065765380859375,36.390628814697266,99.84529113769531,169.4199981689453,23.989704132080078
2022-05-19,367.5887756347656,282.05352783203125,167.21414184570312,58.62317657470703,36.968116760253906,100.08441925048828,171.91000366210938,24.29425048828125
2022-05-20,367.7492370605469,281.1768798828125,166.78787231445312,59.02379608154297,37.12150573730469,101.22039794921875,172.02999877929688,24.329055786132812
2022-05-23,374.6298828125,285.8521423339844,168.80551147460938,60.025394439697266,37.40122985839844,99.55488586425781,172.8300018310547,24.51178741455078
2022-05-24,371.7699890136719,279.77423095703125,166.30482482910156,59.92958068847656,36.75155258178711,101.51933288574219,174.1300048828125,24.494382858276367
2022-05-25,375.0545349121094,283.6898193359375,169.29803466796875,59.94700241088867,36.9320182800293,101.92076110839844,173.0800018310547,24.668411254882812
2022-05-26,382.5486145019531,291.5500183105469,173.0774383544922,60.60892105102539,37.50950241088867,101.45952606201172,172.75999450683594,24.938154220581055
2022-05-27,391.9399108886719,301.0661315917969,177.73782348632812,61.34050369262695,37.94261932373047,101.70723724365234,172.85000610351562,25.23400115966797
2022-05-31,389.7407531738281,300.2674560546875,175.53082275390625,60.97471237182617,38.474979400634766,99.55488586425781,171.13999938964844,25.059972763061523
2022-06-01,386.5882873535156,298.0467224121094,174.5362091064453,60.330223083496094,38.20429229736328,99.44110107421875,172.22999572753906,25.181793212890625
2022-06-02,393.9502258300781,306.20892333984375,178.79873657226562,61.58437728881836,38.86298751831055,99.49241638183594,174.35000610351562,25.756084442138672
2022-06-03,387.4849548339844,298.2415466308594,177.1884307861328,60.70471954345703,38.231353759765625,99.27851867675781,172.5800018310547,25.999723434448242
2022-06-06,388.664794921875,299.2349853515625,177.95570373535156,60.94859313964844,38.43889236450195,97.44746398925781,171.82000732421875,26.11284065246582
2022-06-07,392.3929748535156,301.81610107421875,180.82577514648438,61.13149642944336,38.55619430541992,98.49989318847656,172.94000244140625,26.286867141723633
2022-06-08,388.1268005371094,299.6441345214844,178.03147888183594,60.27796936035156,38.763729095458984,97.62714385986328,172.77999877929688,26.521804809570312
2022-06-09,378.8959655761719,291.6182556152344,174.3408660888672,59.012088775634766,37.84646224975586,97.95228576660156,172.22999572753906,26.5653133392334
2022-06-10,367.9096374511719,281.33270263671875,169.6112518310547,57.587745666503906,37.42786407470703,97.34478759765625,174.5399932861328,26.304271697998047
2022-06-13,353.9408264160156,268.25177001953125,161.64303588867188,55.68269348144531,36.11748123168945,94.2901840209961,169.92999267578125,26.008424758911133
2022-06-14,352.874267578125,268.73883056640625,160.86428833007812,55.157470703125,36.617977142333984,93.10086822509766,168.57000732421875,25.721277236938477
2022-06-15,357.90496826171875,275.4496765136719,163.21958923339844,56.19011688232422,37.10026931762695,94.8377685546875,170.77000427246094,25.73868179321289
2022-06-16,346.0597229003906,264.3362731933594,155.65977478027344,54.95272445678711,35.9627799987793,95.59075164794922,172.69000244140625,25.851797103881836
2022-06-17,346.8057556152344,267.550537109375,156.87545776367188,54.73017120361328,36.099281311035156,95.89881134033203,171.27000427246094,24.929452896118164
2022-06-21,355.5361022949219,274.3006591796875,159.68663024902344,55.558067321777344,36.68167495727539,94.27308654785156,170.6300048828125,24.86854362487793
2022-06-22,354.8915710449219,273.900634765625,159.38272094726562,55.18417739868164,36.02648162841797,96.8656234741211,171.30999755859375,24.424772262573242
2022-06-23,358.37030029296875,277.97979736328125,161.29165649414062,55.121864318847656,36.135677337646484,97.66136932373047,170.25999450683594,23.8765869140625
2022-06-24,369.76434326171875,287.50433349609375,166.28720092773438,56.76875305175781,36.99107360839844,96.30949401855469,170.08999633789062,24.10282325744629
2022-06-27,368.3519592285156,285.396484375,166.90451049804688,56.52839660644531,37.03657150268555,95.48809051513672,169.89999389648438,24.050613403320312
2022-06-28,360.8254699707031,276.70135498046875,163.77044677734375,56.145606994628906,36.8090705871582,95.93302154541016,169.6199951171875,24.337759017944336
2022-06-29,360.5315856933594,276.9550476074219,162.10841369628906,55.93196105957031,36.663475036621094,97.43036651611328,169.49000549316406,23.920093536376953
2022-06-30,357.60260009765625,273.5199279785156,160.8452911376953,55.62928771972656,36.490577697753906,98.28600311279297,168.4600067138672,23.18047332763672
2022-07-01,361.38470458984375,275.3253173828125,162.792236328125,55.762813568115234,36.26307678222656,99.2950439453125,168.32000732421875,23.293594360351562
2022-07-05,362.0672912597656,280.03887939453125,164.1408233642578,54.5699348449707,35.980987548828125,100.0751953125,164.75,21.727344512939453
2022-07-06,363.2900390625,281.83447265625,162.9251708984375,54.614444732666016,35.76258087158203,98.39486694335938,162.13999938964844,21.4053955078125
2022-07-07,368.7311096191406,287.8653869628906,166.7810516357422,55.44234085083008,36.481475830078125,97.5289535522461,162.22999572753906,22.29293441772461
2022-07-08,368.42779541015625,288.2264404296875,166.7620849609375,55.50465774536133,36.481475830078125,96.44873046875,162.3000030517578,22.684497833251953
2022-07-11,364.21905517578125,282.0687255859375,163.40956115722656,54.60554504394531,35.507789611816406,98.11192321777344,161.42999267578125,22.6409912109375
2022-07-12,360.99609375,279.3362121582031,162.84918212890625,54.596641540527344,35.37128829956055,98.69491577148438,160.8300018310547,21.614229202270508
2022-07-13,359.10028076171875,278.76043701171875,162.70677185058594,54.5699348449707,35.28938293457031,99.82659912109375,161.60000610351562,21.736047744750977
2022-07-14,358.2281188964844,279.7558288574219,161.03521728515625,53.80435562133789,34.97089767456055,99.01213836669922,159.3300018310547,21.53591537475586
2022-07-15,365.0721435546875,284.8304443359375,164.38775634765625,54.65896224975586,35.152896881103516,99.56938171386719,159.00999450683594,21.814359664916992
2022-07-18,362.0577697753906,282.4200134277344,163.92242431640625,54.88151168823242,35.39858627319336,98.53204345703125,159.16000366210938,22.223323822021484
2022-07-19,371.84027099609375,291.1053161621094,169.7062225341797,56.3770637512207,35.980987548828125,98.00048828125,159.5399932861328,22.310335159301758
2022-07-20,374.2101135253906,295.7212219238281,172.36546325683594,56.003170013427734,35.8262825012207,98.25767517089844,158.0399932861328,22.29293441772461
2022-07-21,378.02069091796875,299.9663391113281,173.2486572265625,56.58181381225586,36.235782623291016,99.95518493652344,160.27000427246094,21.91877555847168
2022-07-22,374.513427734375,294.70635986328125,170.48497009277344,56.43937683105469,35.87178039550781,101.63552856445312,160.6699981689453,21.657733917236328
2022-07-25,374.9684753417969,293.02783203125,171.3682098388672,56.87558364868164,35.999183654785156,100.64105224609375,160.22999572753906,22.04929542541504
2022-07-26,370.53216552734375,287.2701416015625,170.31405639648438,56.08329391479492,35.71708297729492,100.71819305419922,160.0399932861328,22.092802047729492
2022-07-27,380.1535339355469,299.4100646972656,174.18893432617188,57.409706115722656,36.38137435913086,100.15235900878906,161.6699981689453,22.597482681274414
2022-07-28,384.9215393066406,302.3377990722656,176.58221435546875,57.70347595214844,36.53607177734375,100.94969177246094,163.63999938964844,22.614883422851562
2022-07-29,390.53326416015625,307.8514099121094,177.8358612060547,58.50467300415039,36.36317825317383,100.67532348632812,164.10000610351562,22.719303131103516
2022-08-01,389.37677001953125,307.66607666015625,177.7693328857422,58.584781646728516,36.05378341674805,103.09992218017578,165.02999877929688,22.258129119873047
2022-08-02,386.8079528808594,306.7487487792969,177.59841918945312,57.65006637573242,35.88088607788086,100.91838073730469,164.0500030517578,22.14501190185547
2022-08-03,392.8651123046875,315.1022644042969,180.2101287841797,57.988346099853516,36.16297912597656,102.50731658935547,164.4499969482422,21.953580856323242
2022-08-04,392.5997314453125,316.5758361816406,179.8302764892578,58.2821159362793,36.41777420043945,102.47295379638672,167.1699981689453,21.718643188476562
2022-08-05,391.93621826171875,313.9897155761719,181.20733642578125,57.872615814208984,36.45417404174805,100.03378295898438,165.2899932861328,21.64033317565918
2022-08-08,391.48114013671875,312.974853515625,183.1258087158203,58.00614929199219,36.49967575073242,101.6484603881836,166.69000244140625,21.9013729095459
2022-08-09,389.9266357421875,309.432373046875,180.6280517578125,57.69457244873047,36.36317825317383,101.25333404541016,167.1999969482422,22.0841007232666
2022-08-10,398.1166076660156,318.0689392089844,185.7850341796875,58.994285583496094,36.818172454833984,100.592041015625,166.77999877929688,22.388647079467773
2022-08-11,398.1166076660156,316.2635192871094,186.47833251953125,58.97648239135742,36.96377182006836,98.24727630615234,166.33999633789062,22.823720932006836
2022-08-12,404.8563537597656,322.42138671875,190.2866973876953,59.43048858642578,37.35506057739258,99.24359893798828,167.8699951171875,22.701900482177734
2022-08-15,406.524658203125,325.0269775390625,190.96104431152344,59.07440185546875,37.182167053222656,99.15768432617188,165.7100067138672,22.42345428466797
2022-08-16,407.3209228515625,324.26580810546875,190.8850860595703,59.05659484863281,37.173065185546875,99.56996154785156,165.4199981689453,22.171113967895508
2022-08-17,404.4297180175781,320.56719970703125,187.67498779296875,58.584781646728516,37.01837158203125,98.53071594238281,164.35000610351562,22.258129119873047
2022-08-18,405.6051940917969,321.33819580078125,188.91909790039062,58.38893508911133,36.8090705871582,98.67671203613281,163.9199981689453,22.597482681274414
2022-08-19,400.1546630859375,315.0730285644531,184.8638458251953,57.587745666503906,36.30857849121094,97.08779907226562,162.72000122070312,22.58877944946289
2022-08-22,391.8224182128906,306.7779846191406,181.05540466308594,56.60851287841797,35.990081787109375,96.76141357421875,161.63999938964844,22.788915634155273
2022-08-23,390.8745422363281,306.5242919921875,181.3498077392578,56.63522720336914,36.18117141723633,96.22891235351562,162.77000427246094,23.16307258605957
2022-08-24,392.1258239746094,307.41229248046875,182.73641967773438,56.70643997192383,36.17207336425781,95.52465057373047,163.25,23.40671157836914
2022-08-25,397.6615905761719,312.8479309082031,185.57611083984375,57.329593658447266,36.95466613769531,96.85589599609375,163.75,23.076059341430664
2022-08-26,384.2011413574219,300.0248718261719,179.47885131835938,55.825130462646484,36.40867233276367,97.58595275878906,161.75999450683594,23.17177391052246
2022-08-29,381.6607666015625,297.0679626464844,177.82635498046875,55.700504302978516,36.18117141723633,96.77861785888672,161.86000061035156,23.511127471923828
2022-08-30,377.470947265625,293.759765625,175.33807373046875,55.299903869628906,35.753482818603516,97.01910400390625,160.50999450683594,22.8585262298584
2022-08-31,374.5987548828125,292.05194091796875,174.2743682861328,54.9260139465332,35.88088607788086,96.09149169921875,159.27000427246094,22.379947662353516
2022-09-01,375.7742004394531,292.1788635253906,172.3749237060547,54.18714141845703,35.598785400390625,94.33224487304688,157.8699951171875,21.9013729095459
2022-09-02,371.8117980957031,288.0508728027344,171.0358428955078,53.831058502197266,35.27119064331055,94.8658676147461,159.25999450683594,22.04929542541504
2022-09-06,370.4089660644531,285.9819641113281,169.3452911376953,53.69752883911133,34.85259246826172,92.51615142822266,158.3300018310547,21.91877555847168
2022-09-07,377.0633239746094,291.75921630859375,173.03024291992188,54.16933822631836,35.161991119384766,93.97936248779297,159.94000244140625,21.396690368652344
2022-09-08,379.52801513671875,293.2717590332031,174.47381591796875,54.2049446105957,34.97089767456055,93.01535034179688,158.97999572753906,21.483705520629883
2022-09-09,385.4239807128906,299.6833190917969,177.97828674316406,55.58477783203125,35.48958969116211,93.22195434570312,159.82000732421875,22.092802047729492
2022-09-12,389.5664367675781,303.24530029296875,180.13417053222656,56.35926055908203,36.01738357543945,92.45592498779297,160.6300048828125,22.39735221862793
2022-09-13,372.6271057128906,286.6163330078125,173.08721923828125,54.400794982910156,34.907196044921875,92.67112731933594,158.5399932861328,22.28423309326172
2022-09-14,374.0489196777344,288.8901062011719,173.7615203857422,54.57884216308594,35.0800895690918,92.98954010009766,157.92999267578125,22.379947662353516
2022-09-15,369.80224609375,284.0790100097656,172.49839782714844,54.098121643066406,34.707000732421875,92.92929077148438,154.97999572753906,21.727344512939453
2022-09-16,366.9810791015625,282.3418884277344,169.99114990234375,53.76874542236328,34.38850402832031,92.15467834472656,155.83999633789062,21.649032592773438
2022-09-19,369.82696533203125,284.5406494140625,171.4442138671875,53.955692291259766,34.49769973754883,92.36983489990234,155.9600067138672,21.718643188476562
2022-09-20,365.5819396972656,282.2725524902344,169.10791015625,53.03877258300781,34.306602478027344,91.44890594482422,155.07000732421875,21.692541122436523
2022-09-21,359.20477294921875,277.2181091308594,166.52462768554688,52.34440231323242,33.73330307006836,92.98094177246094,155.7899932861328,21.56201934814453
2022-09-22,356.1875305175781,273.80621337890625,162.773193359375,52.19307327270508,33.56950378417969,90.60539245605469,155.6999969482422,21.622928619384766
2022-09-23,350.2196350097656,269.3482360839844,158.89834594726562,50.528377532958984,32.741416931152344,90.97552490234375,153.00999450683594,20.892011642456055
2022-09-26,346.75506591796875,268.2336730957031,156.72271728515625,49.78059387207031,32.34102249145508,89.23690795898438,151.22999572753906,20.404733657836914
2022-09-27,345.869873046875,268.3412170410156,157.25735473632812,49.44232177734375,32.30461883544922,86.88720703125,151.5399932861328,20.622272491455078
2022-09-28,352.6753845214844,273.6790466308594,162.23098754882812,50.63520431518555,32.58672332763672,89.7963638305664,154.69000244140625,21.19655990600586
2022-09-29,345.30828857421875,265.78961181640625,158.5938262939453,50.03875732421875,31.85872459411621,89.33158874511719,154.66000366210938,21.066038131713867
2022-09-30,339.9685974121094,261.2827453613281,157.4386749267578,49.8607177734375,31.740428924560547,88.17825317382812,154.6699981689453,20.80499839782715
2022-10-03,348.9442443847656,267.4124450683594,161.61045837402344,50.848846435546875,32.25912094116211,89.57935333251953,158.42999267578125,21.274873733520508
2022-10-04,359.7568054199219,275.82012939453125,168.01608276367188,52.88743209838867,33.31471633911133,89.32917785644531,160.6999969482422,21.849164962768555
2022-10-05,358.9192199707031,275.6734619140625,166.7750701904297,52.32660675048828,33.33291244506836,88.47502899169922,159.80999755859375,22.240726470947266
2022-10-06,355.2166748046875,273.5031433105469,165.83950805664062,51.40968704223633,33.13271713256836,87.9832763671875,159.6300048828125,22.379947662353516
2022-10-07,345.30828857421875,263.08160400390625,160.96133422851562,50.590694427490234,32.441123962402344,87.12916564941406,157.8800048828125,22.614883422851562
2022-10-10,342.6717529296875,260.4516906738281,160.06396484375,50.30582046508789,31.986125946044922,85.7746353149414,155.47999572753906,22.362546920776367
2022-10-11,340.50164794921875,256.8735656738281,160.11167907714844,49.75389099121094,31.476539611816406,86.15422821044922,155.16000366210938,22.04059410095215
2022-10-12,339.3785095214844,256.78558349609375,159.6725311279297,49.593658447265625,31.512937545776367,86.57698059082031,155.99000549316406,22.04059410095215
2022-10-13,348.3350830078125,262.807861328125,163.62472534179688,50.617393493652344,31.603931427001953,85.7487564086914,154.91000366210938,22.345142364501953
2022-10-14,340.3970031738281,254.9085693359375,159.24298095703125,49.8607177734375,31.130735397338867,85.0412826538086,152.97999572753906,21.9013729095459
2022-10-17,349.1441345214844,263.32598876953125,164.3216552734375,51.08920669555664,31.986125946044922,84.62716674804688,153.4199981689453,21.849164962768555
2022-10-18,353.2464599609375,265.4083557128906,166.26910400390625,51.45419692993164,31.99522590637207,84.82562255859375,153.75,21.614229202270508
2022-10-19,350.7431640625,264.4403991699219,163.44338989257812,50.8221435546875,31.41283416748047,83.28130340576172,151.69000244140625,21.605525970458984
2022-10-20,347.8021240234375,263.09124755859375,161.36224365234375,50.70641326904297,31.613035202026367,81.85773468017578,151.4499969482422,21.622928619384766
2022-10-21,356.2541198730469,269.2602233886719,164.8657684326172,51.62333679199219,32.09532928466797,80.38245391845703,154.14999389648438,21.649032592773438
2022-10-24,360.6134948730469,272.2224426269531,165.5721893310547,51.632232666015625,30.875944137573242,79.7181167602539,153.64999389648438,21.709943771362305
2022-10-25,366.37188720703125,277.8536071777344,170.08766174316406,52.77170944213867,31.130735397338867,82.03892517089844,154.0,21.831764221191406
2022-10-26,363.61163330078125,271.71405029296875,170.92770385742188,53.270225524902344,31.64033317565918,83.22087860107422,154.97999572753906,22.240726470947266
2022-10-27,361.66998291015625,266.76727294921875,170.96591186523438,52.77170944213867,31.394638061523438,84.09227752685547,154.74000549316406,22.27553367614746
2022-10-28,370.2743225097656,274.9304504394531,174.851318359375,53.29692459106445,31.203540802001953,83.51421356201172,153.16000366210938,22.014490127563477
2022-10-31,367.5997619628906,271.7336120605469,175.01361083984375,52.79841613769531,31.112537384033203,82.91893005371094,151.91000366210938,21.857866287231445
2022-11-01,365.9912109375,268.9571228027344,175.2522735595703,53.2168083190918,31.685834884643555,83.69386291503906,153.4600067138672,22.18851661682129
2022-11-02,356.80621337890625,259.7380676269531,169.43850708007812,52.44232940673828,31.421932220458984,83.33063507080078,152.38999938964844,22.388647079467773
2022-11-03,353.1322326660156,254.66409301757812,168.30252075195312,51.997222900390625,31.603931427001953,82.88087463378906,151.80999755859375,22.371246337890625
2022-11-04,358.21484375,258.7603454589844,170.5745086669922,54.080318450927734,32.941619873046875,81.4884262084961,156.47000122070312,23.128267288208008
2022-11-07,361.6414794921875,261.6053466796875,171.34776306152344,54.24945831298828,32.95981216430664,80.67544555664062,155.85000610351562,22.928136825561523
2022-11-08,363.5926208496094,263.51171875,171.41458129882812,54.86370086669922,33.1964111328125,81.55762481689453,159.4499969482422,22.64969253540039
2022-11-09,356.1018371582031,257.43084716796875,166.70823669433594,54.098121643066406,32.62311553955078,81.82574462890625,158.64999389648438,22.127609252929688
2022-11-10,375.67108154296875,276.4262390136719,176.97059631347656,57.13374328613281,33.80610656738281,84.97389221191406,163.47999572753906,22.327739715576172
2022-11-11,379.30712890625,281.5196838378906,178.421630859375,58.27320861816406,34.725196838378906,84.66251373291016,164.55999755859375,22.754106521606445
2022-11-14,376.08038330078125,279.0561218261719,176.4264373779297,57.65896224975586,34.515899658203125,84.45492553710938,164.9199981689453,22.414752960205078
2022-11-15,379.28802490234375,282.91778564453125,179.0421600341797,58.04175567626953,35.30759048461914,85.82145690917969,165.5,22.67579460144043
2022-11-16,376.39447021484375,279.0561218261719,175.89181518554688,57.908233642578125,34.7433967590332,87.69824981689453,165.1199951171875,22.42345428466797
2022-11-17,375.2427978515625,278.4402770996094,174.25938415527344,57.88151931762695,34.80709457397461,86.77281188964844,163.9199981689453,22.04929542541504
2022-11-18,376.946533203125,278.449951171875,175.38589477539062,57.99724578857422,34.606895446777344,86.17607116699219,162.7899932861328,21.892671585083008
2022-11-21,375.575927734375,275.58544921875,174.46945190429688,57.5610466003418,34.170101165771484,86.5392837524414,161.8800048828125,21.814359664916992
2022-11-22,380.63006591796875,279.55474853515625,176.33096313476562,58.36223220825195,34.25200271606445,87.7674331665039,162.07000732421875,22.04059410095215
2022-11-23,383.0287170410156,282.3605041503906,176.78921508789062,59.00318145751953,34.53409194946289,89.2982406616211,163.0800018310547,21.736047744750977
2022-11-25,382.9429626464844,280.5030212402344,177.16152954101562,59.30586242675781,34.370296478271484,88.99553680419922,163.22000122070312,21.54461669921875
2022-11-28,376.83233642578125,276.3871765136719,173.59117126464844,58.54027557373047,34.21559524536133,89.2463607788086,161.92999267578125,21.414094924926758
2022-11-29,376.1851806640625,274.2950744628906,174.0970916748047,58.70941162109375,34.95269012451172,88.19983673095703,162.72999572753906,21.692541122436523
2022-11-30,388.03515625,286.7989501953125,178.8702850341797,59.7509651184082,35.9627799987793,88.84850311279297,164.80999755859375,22.17981719970703
2022-12-01,387.7496337890625,287.15087890625,178.47891235351562,60.32959747314453,35.844482421875,91.6868667602539,167.83999633789062,22.066699981689453
2022-12-02,387.3023376464844,286.007080078125,179.51943969726562,60.28508758544922,35.980987548828125,92.83988189697266,167.25999450683594,21.831764221191406
2022-12-05,380.3349914550781,281.2069091796875,174.57443237304688,59.492801666259766,35.57148742675781,91.5394515991211,164.38999938964844,21.266172409057617
2022-12-06,374.85260009765625,275.3802185058594,171.90145874023438,59.225738525390625,35.5259895324707,92.71852111816406,164.83999633789062,20.926816940307617
2022-12-07,374.2148742675781,274.2559509277344,171.3955078125,59.225738525390625,35.31669235229492,94.90319061279297,166.3300018310547,20.822402954101562
2022-12-08,377.146484375,277.5016784667969,172.6365509033203,59.528404235839844,35.744380950927734,94.64311218261719,166.47000122070312,20.787595748901367
2022-12-09,374.3290710449219,275.732177734375,170.51724243164062,59.56402587890625,35.507789611816406,92.18098449707031,167.05999755859375,20.81369972229004
2022-12-12,379.7259521484375,279.1929931640625,172.52195739746094,59.7420539855957,35.39858627319336,92.47575378417969,165.67999267578125,21.039936065673828
2022-12-13,382.6003112792969,282.1943054199219,173.95094299316406,60.5893669128418,35.65172576904297,93.3686752319336,168.50999450683594,21.387990951538086
2022-12-14,380.1541748046875,280.10223388671875,172.80967712402344,60.535736083984375,35.67020797729492,93.76750183105469,168.10000610351562,21.55331802368164
2022-12-15,370.85498046875,270.6973571777344,168.48440551757812,58.98949432373047,34.84796905517578,94.13336181640625,165.35000610351562,21.292274475097656
2022-12-16,366.4765930175781,268.11627197265625,167.22804260253906,58.47109603881836,34.94960021972656,93.08183288574219,166.7899932861328,21.022533416748047
2022-12-19,363.3689880371094,264.348388671875,164.96470642089844,58.328102111816406,34.9773063659668,91.51757049560547,166.32000732421875,20.983139038085938
2022-12-20,363.8662109375,264.14263916015625,165.83746337890625,58.56047821044922,34.96807098388672,89.89249420166016,169.0800018310547,21.07943344116211
2022-12-21,369.30694580078125,267.9743347167969,168.6953887939453,59.168243408203125,35.28218460083008,90.11842346191406,168.8000030517578,21.350805282592773
2022-12-22,364.03839111328125,261.418212890625,166.48959350585938,58.68561553955078,34.96807098388672,90.10106658935547,166.75999450683594,21.07943344116211
2022-12-23,366.1323547363281,262.0062255859375,167.24725341796875,58.891178131103516,34.921878814697266,88.78013610839844,167.25999450683594,21.4646053314209
2022-12-27,364.68853759765625,258.30194091796875,166.1251678466797,58.980552673339844,35.439239501953125,87.02470397949219,168.6699981689453,21.65719223022461
2022-12-28,360.15625,254.8915557861328,163.54534912109375,58.354915618896484,34.921878814697266,86.51195526123047,167.91000366210938,21.41208267211914
2022-12-29,366.6391906738281,261.1046142578125,167.6884307861328,59.2755012512207,35.50391387939453,87.49394989013672,168.85000610351562,21.385820388793945
2022-12-30,365.67333984375,260.9479064941406,167.21847534179688,58.6677360534668,35.01426315307617,86.52066040039062,169.63999938964844,21.578407287597656
2023-01-03,364.1340026855469,259.18389892578125,166.29776000976562,59.18613815307617,35.30990219116211,88.17180633544922,171.05999755859375,21.061925888061523
2023-01-04,366.94512939453125,260.418701171875,168.36932373046875,59.972652435302734,36.37233352661133,89.3797607421875,172.6699981689453,20.685508728027344
2023-01-05,362.757080078125,256.34197998046875,166.56629943847656,59.373817443847656,36.261474609375,89.75345611572266,170.52000427246094,20.580461502075195
2023-01-06,371.0758361816406,263.4173889160156,170.30657958984375,60.89324951171875,37.01903533935547,91.40460205078125,173.7100067138672,20.69426155090332
2023-01-09,370.865478515625,265.1225280761719,170.59429931640625,61.152442932128906,37.296199798583984,91.89124298095703,174.10000610351562,20.93937110900879
2023-01-10,373.46630859375,267.36669921875,173.11656188964844,61.331199645996094,37.564117431640625,90.37045288085938,174.74000549316406,20.93937110900879
2023-01-11,378.18988037109375,271.9921569824219,175.27438354492188,61.79595947265625,37.72117614746094,91.83912658691406,174.6199951171875,21.3157901763916
2023-01-12,379.5666809082031,273.46209716796875,178.21868896484375,62.707637786865234,37.905941009521484,93.64668273925781,176.63999938964844,21.49086570739746
2023-01-13,381.0392761230469,275.34368896484375,179.38873291015625,63.03832244873047,38.15538024902344,92.76899719238281,178.75999450683594,21.700963973999023
2023-01-17,380.34130859375,275.9023132324219,179.16815185546875,63.23494338989258,37.942893981933594,92.16934967041016,177.58999633789062,21.849777221679688
2023-01-18,374.33642578125,272.3155517578125,176.27183532714844,63.01150894165039,37.6842155456543,94.40274047851562,177.0800018310547,21.613422393798828
2023-01-19,371.61126708984375,269.6402282714844,174.5839080810547,62.91319274902344,37.970611572265625,93.81179809570312,179.88999938964844,21.832271575927734
2023-01-20,378.53411865234375,277.01947021484375,177.46102905273438,63.46733856201172,38.55264663696289,92.2909927368164,179.2899932861328,21.963579177856445
2023-01-23,383.07598876953125,283.1737060546875,179.65721130371094,63.72652816772461,38.82979965209961,91.8564682006836,179.6300048828125,22.016101837158203
2023-01-24,382.6648254394531,282.59552001953125,179.2736053466797,63.64609146118164,38.85751724243164,93.17743682861328,180.27999877929688,21.89354705810547
2023-01-25,382.8082275390625,281.9683532714844,179.7723388671875,64.06616973876953,38.89447021484375,93.40335845947266,181.11000061035156,21.832271575927734
2023-01-26,387.01544189453125,287.46600341796875,180.83680725097656,64.11979675292969,39.264015197753906,92.96886444091797,179.47000122070312,21.92856216430664
2023-01-27,387.9046630859375,290.3275146484375,181.81507873535156,63.994659423828125,39.07924270629883,92.73419952392578,179.22000122070312,21.683454513549805
2023-01-30,383.0377502441406,284.4574890136719,179.28318786621094,63.583534240722656,38.29396438598633,92.39532470703125,178.75999450683594,21.403329849243164
2023-01-31,388.66961669921875,288.7203063964844,183.63720703125,63.94998550415039,38.210811614990234,93.13396453857422,179.41000366210938,21.770994186401367
2023-02-01,392.80035400390625,294.8941955566406,186.5239715576172,64.5219955444336,38.68198013305664,94.2535400390625,181.6699981689453,21.359560012817383
2023-02-02,398.518310546875,305.4779357910156,190.19711303710938,64.4326171875,38.45101547241211,94.37552642822266,177.89999389648438,21.20198631286621
2023-02-03,394.28240966796875,300.0488586425781,188.92156982421875,63.833778381347656,37.76736831665039,92.96408081054688,173.4600067138672,20.668001174926758
2023-02-06,391.87286376953125,297.51080322265625,186.18829345703125,63.18132781982422,37.213050842285156,92.27576446533203,173.82000732421875,20.729276657104492
2023-02-07,396.9980163574219,303.6747741699219,187.56932067871094,63.71759796142578,37.360870361328125,91.53521728515625,173.97999572753906,21.123201370239258
2023-02-08,392.6569519042969,298.2750549316406,184.82647705078125,63.3243293762207,37.31467056274414,91.97085571289062,174.41000366210938,21.16697120666504
2023-02-09,389.25286865234375,295.6390075683594,182.1507110595703,63.440521240234375,37.490203857421875,91.09957122802734,173.02999877929688,21.000648498535156
2023-02-10,390.1612854003906,293.6986083984375,182.51519775390625,63.16344451904297,37.12989807128906,90.08018493652344,173.36000061035156,21.298282623291016
2023-02-13,394.7413635253906,298.40252685546875,184.71141052246094,63.798030853271484,37.43477249145508,90.83817291259766,172.47999572753906,21.254512786865234
2023-02-14,394.5597229003906,300.607421875,184.6250762939453,63.91422653198242,37.3701057434082,90.62907409667969,172.61000061035156,21.324542999267578
2023-02-15,395.8410339355469,302.91046142578125,186.49522399902344,63.62822723388672,37.055992126464844,89.7839584350586,170.88999938964844,21.096940994262695
2023-02-16,390.3907470703125,297.2265625,184.71141052246094,63.31538391113281,37.065223693847656,88.51191711425781,170.75,21.03566551208496
2023-02-17,389.41546630859375,295.12939453125,185.2196807861328,63.47626876831055,36.65873336791992,89.20020294189453,171.25999450683594,20.878093719482422
2023-02-21,381.60345458984375,288.1421813964844,179.7531280517578,62.77912139892578,36.196807861328125,87.46636962890625,170.6199951171875,20.904356002807617
2023-02-22,381.0776062011719,288.35772705078125,180.2422332763672,62.4305534362793,36.02127456665039,88.2679443359375,169.66000366210938,20.632984161376953
2023-02-23,383.10467529296875,290.8763427734375,181.52737426757812,62.752315521240234,36.196807861328125,89.13050842285156,169.57000732421875,20.79055404663086
2023-02-24,379.0121765136719,286.00579833984375,179.82986450195312,61.70658874511719,35.38380432128906,87.97174072265625,168.35000610351562,20.720523834228516
2023-02-27,380.302978515625,288.0539245605469,180.4628143310547,62.43948745727539,35.568580627441406,88.2156753540039,169.00999450683594,20.73802947998047
2023-02-28,378.8974914550781,287.68157958984375,180.472412109375,61.98366928100586,35.31913375854492,88.61644744873047,169.77999877929688,20.799306869506836
2023-03-01,377.4440612792969,285.3688659667969,180.70260620117188,62.314353942871094,36.076698303222656,87.6644287109375,170.75999450683594,21.158218383789062
2023-03-02,380.3795471191406,287.7305603027344,181.1341552734375,62.43948745727539,36.20603942871094,86.88711547851562,170.66000366210938,21.07943344116211
2023-03-03,386.4800109863281,293.6790771484375,183.65643310546875,63.35115051269531,36.529396057128906,88.99202728271484,172.49000549316406,21.41208267211914
2023-03-06,386.74774169921875,294.0121765136719,180.9711151123047,63.19026184082031,36.40005874633789,88.3020248413086,171.6199951171875,21.307035446166992
2023-03-07,380.81939697265625,290.4058837890625,178.8708038330078,62.13560485839844,35.790306091308594,88.84356689453125,168.6199951171875,20.869340896606445
2023-03-08,381.4408874511719,291.8562927246094,178.95713806152344,62.475242614746094,35.9381217956543,88.93090057373047,168.5399932861328,20.755537033081055
2023-03-09,374.40338134765625,286.79962158203125,173.9796905517578,62.019412994384766,35.14360046386719,89.14924621582031,170.1999969482422,20.501676559448242
2023-03-10,369.00091552734375,282.77191162109375,168.9639434814453,61.35801696777344,34.958831787109375,92.2236557006836,173.8699951171875,20.720523834228516
2023-03-13,368.47503662109375,284.8690490722656,166.2115020751953,60.93794250488281,35.01426315307617,92.43327331542969,177.86000061035156,20.589214324951172
2023-03-14,374.5659484863281,291.4152526855469,169.29002380371094,61.751277923583984,35.03274154663086,90.91351318359375,176.8300018310547,20.326595306396484
2023-03-15,372.2232360839844,292.94403076171875,166.4991912841797,59.838584899902344,34.43223571777344,92.66909790039062,178.2100067138672,19.853885650634766
2023-03-16,378.7539978027344,300.6662902832031,168.77210998535156,60.76811599731445,34.958831787109375,91.94414520263672,178.57000732421875,19.915163040161133
2023-03-17,374.3253173828125,299.2452697753906,164.21665954589844,60.044151306152344,34.74634552001953,93.32415008544922,183.77000427246094,19.853885650634766
2023-03-20,377.9247131347656,300.3072204589844,166.34576416015625,60.982627868652344,34.87568664550781,92.50313568115234,183.83999633789062,19.93267059326172
2023-03-21,382.8870544433594,304.5963439941406,169.41470336914062,61.90322494506836,35.189796447753906,91.70834350585938,180.3699951171875,20.002700805664062
2023-03-22,376.3601379394531,300.45452880859375,164.60989379882812,61.68870544433594,35.32837677001953,92.93109130859375,183.44000244140625,20.055225372314453
2023-03-23,377.3776550292969,304.017333984375,163.87925720214844,61.69765090942383,35.818023681640625,92.93109130859375,185.74000549316406,20.002700805664062
2023-03-24,379.8540344238281,305.13616943359375,165.3616485595703,61.50996398925781,35.72563552856445,93.32415008544922,183.64999389648438,20.0989933013916
2023-03-27,380.5643005371094,303.0456848144531,167.2001953125,62.090911865234375,35.531620025634766,91.1318588256836,181.9499969482422,20.475414276123047
2023-03-28,379.7099914550781,301.43597412109375,166.9595489501953,62.11772537231445,36.03974151611328,91.29783630371094,183.44000244140625,20.571706771850586
2023-03-29,385.2290954589844,306.93231201171875,168.85580444335938,62.868499755859375,36.14137268066406,91.11442565917969,182.52999877929688,20.440397262573242
2023-03-30,387.48468017578125,309.83758544921875,168.62478637695312,63.60139846801758,36.50167465209961,91.53364562988281,184.17999267578125,20.589214324951172
2023-03-31,392.9461364746094,314.99041748046875,171.7242889404297,63.92316818237305,36.455482482910156,92.90492248535156,183.22000122070312,20.781801223754883
2023-04-03,394.44342041015625,314.2248840332031,171.80130004882812,64.4326171875,36.529396057128906,93.34185791015625,184.5399932861328,21.123201370239258
2023-04-04,392.25506591796875,313.164794921875,168.7884063720703,64.44156646728516,36.529396057128906,93.8059310913086,187.97999572753906,21.096940994262695
2023-04-05,391.2280578613281,310.0731201171875,167.13278198242188,63.994659423828125,36.24299621582031,94.78663635253906,187.8300018310547,21.17572784423828
2023-04-06,392.754150390625,312.1636962890625,167.38307189941406,64.29854583740234,36.390811920166016,95.03179168701172,186.49000549316406,21.114450454711914
2023-04-10,393.1572570800781,311.9870300292969,169.1734619140625,64.25386047363281,36.427772521972656,93.49947357177734,185.11000061035156,21.114450454711914
2023-04-11,393.2629089355469,309.9847717285156,170.51144409179688,64.46836853027344,36.64949417114258,93.69210052490234,186.27999877929688,21.22825050354004
2023-04-12,391.6599426269531,307.2464294433594,169.26010131835938,64.87950134277344,36.390811920166016,93.59579467773438,187.19000244140625,21.394577026367188
2023-04-13,396.8622741699219,313.2630310058594,171.5029296875,65.71072387695312,36.88970184326172,92.8602523803711,189.72000122070312,21.394577026367188
2023-04-14,395.89288330078125,312.674072265625,169.905029296875,65.44258880615234,36.69568634033203,92.0108871459961,186.36000061035156,21.42083740234375
2023-04-17,397.3133850097656,312.9390869140625,172.09005737304688,65.3263931274414,36.85274124145508,90.91636657714844,185.52999877929688,21.33329963684082
2023-04-18,397.5724792480469,312.95867919921875,171.3585205078125,65.68391418457031,36.80655288696289,91.24034881591797,186.25,21.37706756591797
2023-04-19,397.50537109375,312.81146240234375,171.57994079589844,65.47834777832031,36.437007904052734,91.15277099609375,185.36000061035156,21.07943344116211
2023-04-20,395.3360900878906,310.42645263671875,170.69435119628906,65.47834777832031,36.38157653808594,91.93209838867188,186.08999633789062,20.895601272583008
2023-04-21,395.6431884765625,310.75030517578125,170.91575622558594,65.80903625488281,36.03974151611328,91.41547393798828,184.25,20.851831436157227
2023-04-24,396.0559997558594,310.10260009765625,170.80020141601562,65.9788589477539,35.95659637451172,92.29985809326172,184.80999755859375,21.018156051635742
2023-04-25,389.7690124511719,304.2529296875,166.58413696289062,65.05827331542969,35.28218460083008,93.65706634521484,185.75,20.720523834228516
2023-04-26,388.11810302734375,306.0980224609375,164.9766082763672,65.01358032226562,35.48542785644531,92.65884399414062,184.74000549316406,20.405380249023438
2023-04-27,395.8447570800781,314.421142578125,167.18092346191406,65.82691955566406,35.96583557128906,91.73946380615234,184.75,20.431642532348633
2023-04-28,399.22344970703125,316.5902404785156,168.64405822753906,65.80010223388672,36.15061569213867,93.21924591064453,184.8000030517578,20.624231338500977
2023-05-01,398.8202819824219,316.2270812988281,168.7402801513672,65.70178985595703,36.03050994873047,90.53131866455078,183.97000122070312,20.44915199279785
2023-05-02,394.3379211425781,313.4690856933594,165.27500915527344,65.0403823852539,35.679443359375,92.7873764038086,187.52000427246094,19.985193252563477
2023-05-03,391.6311340332031,311.4177551269531,165.88143920898438,65.21021270751953,35.6240119934082,93.30531311035156,189.11000061035156,19.73133087158203
2023-05-04,388.8572692871094,310.3184814453125,164.02365112304688,65.07613372802734,35.91040802001953,92.38355255126953,190.44000244140625,19.810115814208984
2023-05-05,396.0559997558594,316.9141540527344,167.922119140625,66.03247833251953,36.390811920166016,92.0763168334961,187.4600067138672,20.25656509399414
2023-05-08,396.1614990234375,317.6993103027344,167.53712463378906,66.05035400390625,36.40929412841797,90.78591918945312,187.69000244140625,20.35285758972168
2023-05-09,394.42425537109375,315.6872863769531,167.0364990234375,65.7822265625,36.18756866455078,90.46109771728516,189.02000427246094,20.414134979248047
2023-05-10,396.26715087890625,319.1225280761719,167.88360595703125,65.64815521240234,36.16908645629883,91.33892822265625,188.75,20.35285758972168
2023-05-11,395.5760498046875,320.1628723144531,166.59375,65.4872817993164,36.03974151611328,92.3045654296875,187.1300048828125,20.002700805664062
2023-05-12,395.0577392578125,319.0145568847656,166.2568359375,65.37109375,35.61477279663086,91.53205108642578,186.80999755859375,19.84513282775879
2023-05-15,396.4206848144531,320.7419128417969,168.2878875732422,65.87158966064453,36.27070999145508,90.5840072631836,187.2100067138672,20.07273292541504
2023-05-16,393.7716064453125,321.1051025390625,165.8333282470703,65.2459716796875,36.012027740478516,90.3118667602539,184.8699951171875,19.853885650634766
2023-05-17,398.5516052246094,324.9917907714844,169.52963256835938,65.54984283447266,36.17832565307617,90.04851531982422,184.22999572753906,20.090242385864258
2023-05-18,402.3908386230469,331.0279846191406,170.55958557128906,65.45153045654297,35.984317779541016,89.38135528564453,181.83999633789062,19.906410217285156
2023-05-19,401.805419921875,330.28204345703125,169.51998901367188,65.83585357666016,36.012027740478516,88.74933624267578,183.63999938964844,19.880146026611328
2023-05-22,401.9685363769531,331.39117431640625,171.5895538330078,65.8537368774414,36.30766677856445,88.43331909179688,183.2100067138672,19.897655487060547
2023-05-23,397.45733642578125,327.1904296875,170.7809600830078,64.88844299316406,35.744110107421875,88.6878433227539,183.42999267578125,19.976438522338867
2023-05-24,394.57781982421875,325.5119323730469,168.97134399414062,63.941036224365234,35.476200103759766,88.24893188476562,181.9499969482422,19.985193252563477
2023-05-25,397.99481201171875,333.4326477050781,167.652587890625,63.85166549682617,35.40228271484375,88.02948760986328,180.1999969482422,19.67005157470703
2023-05-26,403.1492004394531,341.95196533203125,169.5584716796875,64.477294921875,36.03050994873047,88.74054718017578,180.9199981689453,19.985193252563477
2023-05-30,403.30267333984375,343.5028076171875,168.93280029296875,63.82484817504883,35.61477279663086,89.62715148925781,182.0399932861328,19.521236419677734
2023-05-31,401.0662841796875,341.5495910644531,167.26756286621094,63.16344451904297,35.28218460083008,90.408447265625,182.32000732421875,19.302387237548828
2023-06-01,404.8768615722656,345.49517822265625,169.07720947265625,64.1019287109375,35.91040802001953,90.76315307617188,183.75999450683594,19.617528915405273
2023-06-02,410.7318420410156,348.08636474609375,175.2088623046875,64.93314361572266,36.529396057128906,89.7685546875,181.0500030517578,19.871395111083984
2023-06-05,409.9448547363281,348.33172607421875,172.8601531982422,64.55775451660156,36.52014923095703,89.60130310058594,182.13999938964844,19.81886863708496
2023-06-06,410.83740234375,348.2728271484375,177.4131317138672,65.09402465820312,36.843505859375,90.12940979003906,182.33999633789062,19.84513282775879
2023-06-07,409.4168395996094,342.3642578125,180.73263549804688,64.52151489257812,36.68522262573242,88.79157257080078,180.14999389648438,19.923917770385742
2023-06-08,411.8932189941406,346.6140441894531,180.0569610595703,65.20413970947266,36.9459228515625,89.83016204833984,182.52999877929688,19.95893096923828
2023-06-09,412.6322937011719,347.9390869140625,178.5994415283203,65.09492492675781,37.113525390625,89.70694732666016,182.0399932861328,19.83637809753418
2023-06-12,416.37567138671875,353.8182373046875,179.3426971435547,65.3770751953125,37.18800735473633,89.97101593017578,181.8800048828125,19.565006256103516
2023-06-13,419.1207275390625,356.5370178222656,181.3986358642578,65.99597930908203,37.56045150756836,89.08203125,180.5399932861328,19.82762336730957
2023-06-14,419.619873046875,359.1280822753906,179.4488525390625,66.24172973632812,37.839778900146484,89.7949447631836,180.63999938964844,19.871395111083984
2023-06-15,424.82220458984375,363.4074401855469,180.92567443847656,66.94256591796875,38.19359588623047,90.65752410888672,181.91000366210938,20.291582107543945
2023-06-16,423.3751525878906,361.12060546875,179.47779846191406,66.79693603515625,38.0632438659668,90.3054428100586,181.6300048828125,20.54544448852539
2023-06-20,421.1785888671875,360.6036071777344,178.6959991455078,65.91407775878906,37.318363189697266,90.93037414550781,179.75,20.36161231994629
2023-06-21,419.0206298828125,355.68939208984375,178.28089904785156,66.01420593261719,37.14145278930664,91.1504135131836,179.49000549316406,20.65924835205078
2023-06-22,420.5331726074219,359.8861083984375,176.95852661132812,65.60462188720703,37.01110076904297,90.05020904541016,177.7100067138672,20.27407455444336
2023-06-23,417.3538818359375,356.31842041015625,174.29444885253906,64.58523559570312,36.4710693359375,90.9479751586914,178.1999969482422,20.055225372314453
2023-06-26,415.64874267578125,351.5418395996094,174.46817016601562,64.66715240478516,36.59210968017578,91.0447998046875,178.50999450683594,20.08148765563965
2023-06-27,420.2055358886719,357.5862731933594,176.9874725341797,65.23146057128906,36.96455001831055,90.80713653564453,177.69000244140625,19.757591247558594
2023-06-28,420.41748046875,358.2840881347656,177.85618591308594,65.27696228027344,36.741085052490234,91.1944351196289,177.27999877929688,19.696313858032227
2023-06-29,422.0745849609375,357.5666198730469,179.9025421142578,65.18595123291016,36.545555114746094,89.54850006103516,177.08999633789062,19.705068588256836
2023-06-30,427.0553283691406,363.0802917480469,180.76158142089844,65.98688507080078,36.83419418334961,90.60470581054688,178.27000427246094,19.871395111083984
2023-07-03,427.54669189453125,363.9354248046875,181.12838745117188,65.91407775878906,37.24388122558594,90.091064453125,178.47000122070312,19.871395111083984
2023-07-05,426.9108581542969,363.92559814453125,179.32337951660156,65.17684936523438,37.02040481567383,89.23499298095703,177.83999633789062,19.993947982788086
2023-07-06,423.56787109375,361.1539611816406,176.42762756347656,64.04823303222656,36.266231536865234,87.97293853759766,177.30999755859375,19.950178146362305
2023-07-07,422.49847412109375,359.9548645019531,178.29058837890625,64.53062438964844,36.675907135009766,87.44341278076172,178.63999938964844,20.11650276184082
2023-07-10,423.56787109375,360.0728454589844,181.3407440185547,64.71265411376953,36.70383834838867,87.55813598632812,178.77999877929688,20.1602725982666
2023-07-11,426.2653503417969,361.8517761230469,183.2036590576172,65.295166015625,37.0762825012207,88.00824737548828,179.4499969482422,20.39662742614746
2023-07-12,429.695068359375,366.4220275878906,185.2017364501953,66.5420913696289,37.90495300292969,88.98786163330078,181.8800048828125,20.54544448852539
2023-07-13,433.1054382324219,372.6433410644531,186.69786071777344,67.60697174072266,38.398441314697266,89.92338562011719,182.00999450683594,20.834321975708008
2023-07-14,432.8357849121094,372.5647888183594,184.87356567382812,67.22471618652344,38.18428421020508,89.39383697509766,181.42999267578125,20.69426155090332
2023-07-17,434.3385925292969,376.04400634765625,186.85227966308594,67.14279174804688,38.23084259033203,89.4379653930664,181.55999755859375,20.527936935424805
2023-07-18,437.5660705566406,379.1202697753906,189.1592254638672,67.57967376708984,37.951507568359375,89.84393310546875,183.63999938964844,20.799306869506836
2023-07-19,438.5390319824219,379.0317687988281,189.96041870117188,67.54327392578125,37.87702178955078,90.8588638305664,183.6699981689453,20.913108825683594
2023-07-20,435.6295166015625,370.2944030761719,188.30018615722656,67.19740295410156,37.59769058227539,89.75568389892578,182.74000549316406,20.97438621520996
2023-07-21,435.6295166015625,369.18377685546875,187.7017059326172,67.33393859863281,37.54182815551758,89.78218078613281,182.17999267578125,21.08818817138672
2023-07-24,437.5756530761719,369.77349853515625,188.1650390625,67.17011260986328,38.05392837524414,89.45564270019531,181.39999389648438,21.4646053314209
2023-07-25,438.7702941894531,372.2796630859375,188.1457061767578,67.24291229248047,38.37050247192383,89.28792572021484,182.41000366210938,21.543392181396484
2023-07-26,438.83770751953125,371.04132080078125,189.63218688964844,67.42494201660156,38.59396743774414,89.37619018554688,183.3000030517578,21.438344955444336
2023-07-27,435.9282531738281,370.15679931640625,187.1804656982422,67.27023315429688,38.119102478027344,87.63755798339844,180.4199981689453,21.385820388793945
2023-07-28,440.1960754394531,376.8990173339844,189.60324096679688,67.75261688232422,39.0408935546875,88.0876693725586,181.86000061035156,21.51712989807129
2023-07-31,441.03424072265625,377.0956115722656,191.8040008544922,67.77080535888672,39.05951690673828,88.29949188232422,182.35000610351562,21.60466957092285
2023-08-01,439.772216796875,376.22088623046875,190.9256134033203,66.92435455322266,38.56603240966797,86.85254669189453,180.4600067138672,21.49086570739746
2023-08-02,433.65460205078125,367.965087890625,188.32911682128906,65.67743682861328,37.64424133300781,85.92327880859375,179.60000610351562,21.16697120666504
2023-08-03,432.4118347167969,367.3752746582031,187.79824829101562,65.4953842163086,37.79322052001953,83.94091796875,179.5399932861328,21.36831283569336
2023-08-04,430.45611572265625,365.6553955078125,187.4217987060547,65.67743682861328,37.74666976928711,85.42770385742188,180.19000244140625,21.403329849243164
2023-08-07,434.2133483886719,368.7513122558594,187.54727172851562,66.23262786865234,37.690799713134766,84.58696746826172,179.77999877929688,21.41208267211914
2023-08-08,432.3250732421875,365.6160583496094,186.36964416503906,65.83216094970703,37.23456954956055,85.56929779052734,178.63999938964844,21.385820388793945
2023-08-09,429.4349365234375,361.59625244140625,184.9121551513672,65.81394958496094,37.327674865722656,86.01181030273438,177.7899932861328,21.534637451171875
2023-08-10,429.58905029296875,362.2646179199219,184.09169006347656,66.09611511230469,37.383541107177734,84.59579467773438,177.60000610351562,21.42083740234375
2023-08-11,429.33856201171875,359.9548645019531,184.35231018066406,65.6501235961914,36.83419418334961,84.401123046875,177.60000610351562,21.385820388793945
2023-08-14,431.70849609375,363.9943542480469,184.03379821777344,65.35887908935547,36.657283782958984,84.21527862548828,177.05999755859375,21.280773162841797
2023-08-15,426.67962646484375,360.1318664550781,181.60134887695312,64.548828125,36.23828887939453,83.7020034790039,176.58999633789062,21.026912689208984
2023-08-16,423.548583984375,356.31842041015625,179.38125610351562,64.02092742919922,35.91240692138672,83.04708862304688,175.57000732421875,20.93937110900879
2023-08-17,420.3212585449219,352.4263000488281,177.2673797607422,63.565853118896484,35.99620819091797,82.69309997558594,175.3000030517578,20.99189567565918
2023-08-18,420.52349853515625,351.98406982421875,178.23265075683594,63.565853118896484,35.754127502441406,82.9851303100586,175.3300018310547,21.140708923339844
2023-08-21,423.2595520019531,357.655029296875,177.97203063964844,63.80249786376953,35.837921142578125,81.87889862060547,175.80999755859375,21.08818817138672
2023-08-22,422.11309814453125,357.14398193359375,177.441162109375,63.684181213378906,35.763427734375,82.50724792480469,176.10000610351562,21.096940994262695
2023-08-23,426.8144836425781,362.775634765625,179.33302307128906,64.37590789794922,36.33140563964844,84.55155944824219,177.88999938964844,21.140708923339844
2023-08-24,420.89923095703125,355.0210876464844,176.85235595703125,63.493045806884766,36.19173812866211,83.99401092529297,177.85000610351562,21.158218383789062
2023-08-25,423.8664245605469,357.7729797363281,177.60525512695312,63.92081832885742,36.22897720336914,84.26835632324219,177.6199951171875,21.36831283569336
2023-08-28,426.5543518066406,360.4659423828125,179.188232421875,64.5943374633789,36.58279800415039,84.35687255859375,178.1300048828125,21.33329963684082
2023-08-29,432.7201232910156,368.3384704589844,181.688232421875,65.3952865600586,37.048343658447266,85.23298645019531,179.8699951171875,21.41208267211914
2023-08-30,434.50238037109375,370.392578125,182.37356567382812,65.35887908935547,36.92729949951172,85.14451599121094,180.32000732421875,21.438344955444336
2023-08-31,433.8665466308594,371.5032958984375,182.05503845214844,65.10401916503906,36.4710693359375,85.5250473022461,180.02000427246094,21.525882720947266
2023-09-01,434.6758117675781,371.11016845703125,184.21717834472656,65.06761932373047,36.89936828613281,84.19271087646484,180.11000061035156,21.779747009277344
2023-09-05,432.797119140625,371.5819091796875,180.33688354492188,64.5033187866211,36.601417541503906,83.01213073730469,178.63999938964844,21.884794235229492
2023-09-06,429.8876953125,368.30908203125,179.66122436523438,64.36679077148438,36.396575927734375,83.21629333496094,177.8300018310547,21.93731689453125
2023-09-07,428.56781005859375,365.6750793457031,177.9237823486328,64.1574478149414,35.96827697753906,83.44709777832031,178.02000427246094,21.89354705810547
2023-09-08,429.2133483886719,366.18609619140625,177.5280303955078,64.06644439697266,36.042762756347656,83.76666259765625,178.0800018310547,21.93731689453125
2023-09-11,432.03607177734375,370.5007629394531,177.95272827148438,64.73086547851562,36.48968505859375,83.16304779052734,178.41000366210938,22.068626403808594
2023-09-12,429.6661376953125,366.3924865722656,177.77896118164062,64.4669189453125,36.377960205078125,83.64236450195312,177.49000549316406,22.147411346435547
2023-09-13,430.1671142578125,367.7880859375,176.61102294921875,64.26668548583984,36.33140563964844,83.6246109008789,177.0800018310547,22.217443466186523
2023-09-14,433.8761291503906,370.79559326171875,179.10137939453125,65.11312866210938,36.573482513427734,83.0210189819336,177.1699981689453,22.401275634765625
2023-09-15,428.648681640625,364.446533203125,177.2288055419922,64.96749877929688,36.4338264465332,82.51505279541016,178.33999633789062,22.348752975463867
2023-09-18,428.9000549316406,364.8263854980469,176.0511932373047,64.73995971679688,36.38726806640625,82.98551177978516,179.38999938964844,22.339998245239258
2023-09-19,428.0106201171875,364.048828125,175.36585998535156,64.7945785522461,36.17311477661133,82.37303924560547,179.22000122070312,22.357505798339844
2023-09-20,424.0757751464844,358.8027038574219,173.609130859375,64.63983917236328,36.024139404296875,82.63046264648438,179.35000610351562,22.173673629760742
2023-09-21,417.0665283203125,352.2278747558594,170.91610717773438,63.565853118896484,35.400306701660156,80.50899505615234,178.0500030517578,22.1036434173584
2023-09-22,416.1286926269531,352.277099609375,170.5299835205078,63.62046432495117,35.819297790527344,81.156982421875,178.6199951171875,22.121150970458984
2023-09-25,417.87860107421875,353.9502868652344,171.29254150390625,63.33830261230469,35.661014556884766,79.15977478027344,177.6999969482422,22.016101837158203
2023-09-26,411.739501953125,348.6352844238281,169.09014892578125,62.51915740966797,35.15822219848633,78.8846206665039,176.27999877929688,21.98984146118164
2023-09-27,411.9038391113281,349.45220947265625,170.67091369628906,62.40084457397461,35.21408462524414,78.47630310058594,174.10000610351562,22.112396240234375
2023-09-28,414.29180908203125,352.37554931640625,172.2128448486328,62.91053771972656,35.307193756103516,78.71598815917969,173.22999572753906,22.08613395690918
2023-09-29,413.2863464355469,352.6313781738281,171.3982391357422,62.72849655151367,35.33512878417969,78.72483825683594,171.4499969482422,21.849777221679688
2023-10-02,413.1219482421875,355.5743408203125,168.8089141845703,61.809242248535156,35.15822219848633,77.40695190429688,169.64999389648438,21.683454513549805
2023-10-03,407.5918884277344,349.3341979980469,165.9674835205078,61.03559875488281,34.692665100097656,75.7418212890625,169.16000366210938,21.587160110473633
2023-10-04,410.5599365234375,354.0880432128906,166.0450439453125,61.14480972290039,34.59025192260742,76.81034851074219,169.13999938964844,20.983139038085938
2023-10-05,410.4053039550781,353.04473876953125,166.17115783691406,61.68180847167969,34.72060775756836,76.42747497558594,168.8300018310547,20.860584259033203
2023-10-06,415.27789306640625,358.960205078125,167.77125549316406,62.36443328857422,35.2234001159668,75.50141143798828,169.6999969482422,20.93937110900879
2023-10-09,417.93658447265625,360.7909240722656,168.7410430908203,62.27341842651367,35.05580139160156,77.27338409423828,172.82000732421875,21.37706756591797
2023-10-10,420.1119079589844,362.7890319824219,170.65151977539062,63.12896728515625,35.558589935302734,77.16654968261719,172.52999877929688,21.324542999267578
2023-10-11,421.83282470703125,365.3775939941406,170.36056518554688,63.392921447753906,35.78205490112305,78.77825164794922,173.7899932861328,21.20198631286621
2023-10-12,419.2611083984375,364.10791015625,166.5105438232422,62.865020751953125,35.38167953491211,76.64117431640625,173.25999450683594,21.193233489990234
2023-10-13,417.1728820800781,359.53106689453125,165.123779296875,62.28251647949219,35.25132751464844,78.01248168945312,178.8300018310547,21.75348663330078
2023-10-16,421.5621032714844,363.5960998535156,167.79067993164062,62.73759841918945,35.51203918457031,76.75694274902344,177.9600067138672,21.683454513549805
2023-10-17,421.542724609375,362.4051208496094,169.66232299804688,62.774017333984375,35.41892623901367,75.91101837158203,178.2899932861328,21.744731903076172
2023-10-18,415.9256591796875,357.651123046875,166.17115783691406,61.68180847167969,34.87888717651367,75.24317932128906,180.8699951171875,21.93731689453125
2023-10-19,412.2712097167969,354.3046569824219,163.52365112304688,61.135711669921875,34.674049377441406,73.70270538330078,183.08999633789062,22.164920806884766
2023-10-20,407.2052001953125,349.0191345214844,161.40956115722656,60.58961486816406,34.25505447387695,74.1211929321289,183.58999633789062,21.998594284057617
2023-10-23,406.4993896484375,350.0723571777344,160.04214477539062,60.6351318359375,34.227115631103516,75.01165771484375,182.97000122070312,21.858531951904297
2023-10-24,409.56414794921875,353.4779052734375,161.43862915039062,60.98099136352539,34.66473388671875,76.00005340576172,182.9499969482422,21.622177124023438
2023-10-25,403.6860046386719,344.82623291015625,158.77174377441406,60.54410171508789,34.208499908447266,74.30819702148438,183.72000122070312,21.779747009277344
2023-10-26,398.85205078125,338.25140380859375,159.17906188964844,60.10723114013672,34.0409049987793,75.44798278808594,184.00999450683594,21.595914840698242
2023-10-27,397.0440979003906,339.8753662109375,157.3074188232422,59.925193786621094,34.01296615600586,75.1274185180664,186.14999389648438,21.884794235229492
2023-10-30,401.7910461425781,343.70416259765625,158.18019104003906,60.689735412597656,34.36678695678711,74.78900909423828,185.10000610351562,21.534637451171875
2023-10-31,404.3144836425781,345.3478698730469,159.54757690429688,60.908164978027344,34.171260833740234,74.4239730834961,184.08999633789062,21.455852508544922
2023-11-01,408.6263427734375,351.34197998046875,160.4591827392578,61.48158264160156,34.48782730102539,76.03763580322266,183.50999450683594,21.49086570739746
2023-11-02,416.4573669433594,357.72003173828125,164.73590087890625,62.73759841918945,35.09304428100586,77.77103424072266,184.1199951171875,21.718469619750977
2023-11-03,420.25689697265625,361.9228210449219,169.21621704101562,63.40202713012695,35.80998611450195,78.29820251464844,184.7899932861328,21.60466957092285
2023-11-06,421.2237243652344,363.39923095703125,167.10211181640625,63.08346939086914,36.098628997802734,77.53871154785156,183.35000610351562,21.692209243774414
2023-11-07,422.4224853515625,366.834228515625,166.5105438232422,62.701194763183594,36.033451080322266,78.68242645263672,182.58999633789062,21.22825050354004
2023-11-08,422.73193359375,367.0704650878906,164.73590087890625,62.61927795410156,35.79136276245117,80.02265930175781,180.77000427246094,20.99189567565918
2023-11-09,419.43511962890625,364.2456970214844,162.1853790283203,62.61017990112305,35.45616912841797,78.18206024169922,181.49000549316406,20.93937110900879
2023-11-10,425.9803161621094,372.4347839355469,163.99884033203125,62.89232635498047,35.70756912231445,78.61988067626953,179.50999450683594,21.044418334960938
2023-11-13,425.57427978515625,371.2733459472656,164.05702209472656,63.0561637878418,35.6982536315918,78.44116973876953,180.50999450683594,21.350805282592773
2023-11-14,433.830810546875,379.2654724121094,173.0662384033203,64.66715240478516,36.64797592163086,80.21924591064453,182.1199951171875,21.3157901763916
2023-11-15,434.74920654296875,379.5509338378906,173.3668670654297,64.5670394897461,36.95523452758789,79.09345245361328,181.63999938964844,21.17572784423828
2023-11-16,435.28094482421875,379.87579345703125,170.564208984375,64.52151489257812,36.601417541503906,80.0762939453125,183.69000244140625,20.668001174926758
2023-11-17,435.8223571777344,379.96441650390625,172.90139770507812,65.3952865600586,36.64797592163086,80.45155334472656,183.6699981689453,20.965635299682617
2023-11-20,439.1771240234375,384.59039306640625,173.9099578857422,65.64103698730469,37.10421371459961,80.94300842285156,183.3699951171875,21.22825050354004
2023-11-21,438.22003173828125,382.35614013671875,171.66978454589844,65.38617706298828,36.87143325805664,80.90724182128906,185.35000610351562,21.350805282592773
2023-11-22,439.9118347167969,383.9211120605469,172.74624633789062,65.54090881347656,36.79695129394531,81.19320678710938,184.55999755859375,21.16697120666504
2023-11-24,440.1825866699219,383.3797302246094,173.9099578857422,66.04149627685547,36.81557846069336,80.23713684082031,185.52000427246094,21.026912689208984
2023-11-27,439.38983154296875,383.0450439453125,173.32810974121094,65.81394958496094,36.66659927368164,81.577392578125,186.77000427246094,20.88684844970703
2023-11-28,439.8249206542969,384.0490417480469,172.658935546875,65.83216094970703,36.973854064941406,81.73822021484375,189.25999450683594,21.140708923339844
2023-11-29,439.5155029296875,383.67498779296875,173.57052612304688,65.96868896484375,36.759708404541016,82.76573944091797,189.5399932861328,21.289527893066406
2023-11-30,441.24603271484375,382.7104187011719,174.23001098632812,65.91407775878906,36.83419418334961,81.8096923828125,188.75,20.930618286132812
2023-12-01,443.85638427734375,383.80291748046875,179.32130432128906,66.60579681396484,36.99247741699219,83.35051727294922,192.00999450683594,20.834321975708008
2023-12-04,441.5264892578125,380.23992919921875,181.24147033691406,66.08700561523438,36.573482513427734,83.01886749267578,187.86000061035156,20.69426155090332
2023-12-05,441.4394226074219,381.19464111328125,178.81698608398438,65.8503646850586,36.35002517700195,84.80257415771484,187.14999389648438,20.51042938232422
2023-12-06,439.6605224609375,378.9899597167969,178.4969940185547,66.05059814453125,36.30347442626953,85.93196868896484,187.83999633789062,20.011455535888672
2023-12-07,443.01531982421875,384.2852478027344,179.78680419921875,66.36914825439453,36.480377197265625,85.4389877319336,188.14999389648438,20.046470642089844
2023-12-08,444.91986083984375,385.99786376953125,181.15419006347656,66.56939697265625,36.322086334228516,84.73985290527344,185.63999938964844,20.134010314941406
2023-12-11,446.6504211425781,389.295166015625,181.5323944091797,66.73322296142578,36.53623962402344,84.56056213378906,183.58999633789062,20.06397819519043
2023-12-12,448.6904296875,392.3955383300781,181.34812927246094,66.8515396118164,36.545555114746094,84.81153869628906,183.49000549316406,19.757591247558594
2023-12-13,454.8779296875,397.3858337402344,187.48681640625,67.82540893554688,36.90868377685547,86.80142974853516,187.6300048828125,19.985193252563477
2023-12-14,456.3377685546875,397.04132080078125,192.70420837402344,68.32601165771484,37.44872283935547,89.05937957763672,188.72999572753906,20.317842483520508
2023-12-15,455.58642578125,398.9606018066406,191.08468627929688,67.66158294677734,37.225250244140625,89.15827178955078,187.0,20.35285758972168
2023-12-18,458.14910888671875,401.4734802246094,191.152587890625,67.82540893554688,37.206634521484375,88.44789123535156,187.85000610351562,20.498884201049805
2023-12-19,460.93505859375,403.52484130859375,194.8571319580078,68.3988265991211,37.5232048034668,88.92448425292969,189.1300048828125,20.655014038085938
2023-12-20,454.54779052734375,397.5285949707031,191.04554748535156,67.70854949951172,36.84772872924805,89.5269775390625,188.10000610351562,20.416229248046875
2023-12-21,458.8577575683594,402.1540222167969,194.29649353027344,68.80524444580078,37.540279388427734,88.96044921875,189.42999267578125,20.452964782714844
2023-12-22,459.77984619140625,402.75567626953125,196.1068572998047,68.86975860595703,37.36003112792969,88.55579376220703,190.27000427246094,20.416229248046875
2023-12-26,461.7213439941406,405.2211608886719,198.6570281982422,69.18309020996094,37.65412521362305,88.80757904052734,191.72000122070312,20.61827850341797
2023-12-27,462.55621337890625,406.04608154296875,199.3577880859375,69.55171966552734,37.87232971191406,90.38124084472656,192.58999633789062,20.526437759399414
2023-12-28,462.7309265136719,405.8487243652344,198.59860229492188,69.36739349365234,38.16643142700195,89.72480773925781,191.47000122070312,20.351940155029297
2023-12-29,461.3912353515625,404.09228515625,195.35740661621094,69.44112396240234,38.14745330810547,88.91548156738281,191.1699981689453,20.241731643676758
2024-01-02,458.8091735839844,397.25421142578125,194.1991729736328,68.66699981689453,37.701560974121094,88.4029312133789,190.72000122070312,20.076417922973633
2024-01-03,455.062255859375,393.0506896972656,189.02101135253906,68.15091705322266,37.49284744262695,88.77162170410156,189.1300048828125,20.33357048034668
2024-01-04,453.59649658203125,391.02777099609375,188.65118408203125,68.30758666992188,37.36951446533203,87.42276000976562,189.32000732421875,20.223363876342773
2024-01-05,454.21771240234375,391.4916076660156,188.09634399414062,68.3536605834961,37.41695022583008,86.58648681640625,189.35000610351562,20.324386596679688
2024-01-08,460.7021179199219,399.5829162597656,191.48355102539062,69.08171844482422,37.52130889892578,87.44075012207031,187.8699951171875,20.03049659729004
2024-01-09,460.003173828125,400.372314453125,189.77049255371094,68.4642562866211,36.99003982543945,86.88323974609375,187.92999267578125,20.177440643310547
2024-01-10,462.6047058105469,403.0858459472656,189.87757873535156,68.90660858154297,36.90464782714844,86.47858428955078,187.5,20.03968048095703
2024-01-11,462.40087890625,403.9245910644531,188.3883514404297,68.89739990234375,37.05644226074219,86.96417236328125,187.8699951171875,20.18662452697754
2024-01-12,462.7212219238281,404.1318359375,188.07687377929688,69.18309020996094,37.18925857543945,86.79332733154297,189.7100067138672,20.260099411010742
2024-01-16,461.0224304199219,404.09228515625,185.7506561279297,68.02188873291016,36.28799057006836,85.2646484375,187.91000366210938,20.085601806640625
2024-01-17,458.4597473144531,401.8129577636719,184.4269256591797,67.37678527832031,35.74722671508789,85.12975311279297,185.83999633789062,20.058048248291016
2024-01-18,462.53680419921875,407.5163269042969,185.51702880859375,67.97581481933594,36.04132843017578,84.33841705322266,187.3699951171875,20.18662452697754
2024-01-19,468.3028259277344,415.59783935546875,187.2982177734375,68.13247680664062,36.420806884765625,84.60820007324219,187.92999267578125,20.149890899658203
2024-01-22,469.29296875,416.1405334472656,191.298583984375,68.34445190429688,36.09824752807617,85.11176300048828,187.22000122070312,20.232547760009766
2024-01-23,470.66168212890625,417.8673400878906,190.7438201904297,68.15091705322266,36.411319732666016,84.43734741210938,187.9499969482422,20.342754364013672
2024-01-24,471.1761779785156,420.1861877441406,189.17674255371094,68.66699981689453,36.81926727294922,83.9427490234375,186.39999389648438,20.517253875732422
2024-01-25,473.73883056640625,420.6993408203125,190.7438201904297,68.86053466796875,36.866703033447266,84.49127960205078,187.13999938964844,20.673383712768555
2024-01-26,473.1369934082031,418.19293212890625,190.7535400390625,69.1646499633789,36.89516067504883,84.32942962646484,187.00999450683594,20.76522445678711
2024-01-29,476.8839416503906,422.47540283203125,194.09205627441406,69.57015228271484,36.91413116455078,85.30061340332031,188.3300018310547,20.59072494506836
2024-01-30,476.51507568359375,419.6631774902344,192.4374237060547,69.47798919677734,36.620033264160156,86.07396697998047,188.58999633789062,20.728487014770508
2024-01-31,468.73968505859375,411.443603515625,187.73619079589844,69.12779235839844,36.420806884765625,86.91920471191406,188.4499969482422,20.50806999206543
2024-02-01,474.8746337890625,416.28857421875,190.22796630859375,69.80976104736328,36.77183151245117,88.62421417236328,190.41000366210938,20.260099411010742
2024-02-02,479.8737487792969,423.32403564453125,189.2254180908203,69.2568130493164,36.66747283935547,86.66663360595703,188.61000061035156,20.03049659729004
2024-02-05,478.12652587890625,422.77142333984375,186.82127380371094,68.88817596435547,36.714908599853516,84.91651153564453,187.57000732421875,20.1131534576416
2024-02-06,479.5145568847656,421.9228210449219,188.50514221191406,69.3121109008789,37.54977035522461,85.7464599609375,188.5500030517578,20.18662452697754
2024-02-07,483.513916015625,426.2645263671875,188.067138671875,69.27523803710938,37.597206115722656,85.33149719238281,188.5,20.278467178344727
2024-02-08,483.7275390625,427.0539245605469,190.9189910888672,69.15543365478516,37.388492584228516,84.83531188964844,188.3300018310547,20.3886775970459
2024-02-09,486.5231628417969,431.2574462890625,194.02394104003906,69.39505004882812,37.54977035522461,84.66390991210938,187.60000610351562,20.44378089904785
2024-02-12,486.3096008300781,429.5701599121094,197.5474395751953,69.51486206054688,37.84386444091797,84.76315307617188,187.11000061035156,20.452964782714844
2024-02-13,479.61163330078125,422.8701171875,189.4200897216797,68.44581604003906,37.1323356628418,83.31074523925781,184.52999877929688,20.33357048034668
2024-02-14,483.97021484375,427.4781799316406,193.81954956054688,69.21073150634766,37.663612365722656,83.73473358154297,184.4199981689453,20.14070701599121
2024-02-15,487.3094787597656,428.7510681152344,198.98794555664062,69.99407958984375,37.84386444091797,84.16776275634766,185.66000366210938,20.18662452697754
2024-02-16,484.8826904296875,424.8633728027344,196.28208923339844,70.10467529296875,38.02412414550781,83.68061828613281,186.33999633789062,20.232547760009766
2024-02-20,482.2132263183594,421.65643310546875,193.5762176513672,70.3903579711914,38.0810432434082,83.7527847290039,187.47000122070312,20.122337341308594
2024-02-21,482.6499938964844,419.9691162109375,192.6613006591797,70.4456558227539,38.14745330810547,83.15736389160156,187.47999572753906,20.204994201660156
2024-02-22,492.638671875,432.2639465332031,194.1212921142578,71.23821258544922,38.53642272949219,83.56333923339844,187.55999755859375,20.260099411010742
2024-02-23,492.9783935546875,430.99102783203125,194.5592803955078,71.33036804199219,38.51744842529297,84.68196105957031,188.6199951171875,19.966209411621094
2024-02-26,491.1728820800781,430.76409912109375,195.78565979003906,71.22898864746094,38.3466796875,84.42935943603516,188.1999969482422,20.149890899658203
2024-02-27,492.0853576660156,431.8001403808594,198.55966186523438,71.42253112792969,38.422576904296875,83.83395385742188,188.0,20.306018829345703
2024-02-28,491.4350280761719,429.50103759765625,196.9244842529297,71.00782775878906,37.919761657714844,84.3662109375,188.33999633789062,20.223363876342773
2024-02-29,493.20166015625,433.18157958984375,198.296875,71.19213104248047,37.93873977661133,84.96160888671875,189.30999755859375,20.195810317993164
2024-03-01,497.83197021484375,439.7039794921875,200.39927673339844,71.88331604003906,38.403602600097656,85.49100494384766,192.88999938964844,20.29683494567871
2024-03-04,497.298095703125,438.1350402832031,200.21432495117188,71.69901275634766,38.31821823120117,85.14710998535156,196.00999450683594,20.36112403869629
2024-03-05,492.3280334472656,430.2707214355469,198.296875,71.56998443603516,37.9766845703125,86.35977172851562,197.19000244140625,20.204994201660156
2024-03-06,494.8227844238281,432.97442626953125,199.77633666992188,72.4178466796875,38.52693176269531,86.86654663085938,198.80999755859375,20.37030792236328
2024-03-07,499.734619140625,439.546142578125,201.4407196044922,73.27490997314453,38.76411437988281,86.78510284423828,199.94000244140625,20.425413131713867
2024-03-08,496.735107421875,433.2012939453125,201.314208984375,73.0353012084961,38.72616195678711,86.6312484741211,201.6300048828125,20.36112403869629
2024-03-11,496.3080139160156,431.5929870605469,199.71795654296875,72.6205825805664,38.811546325683594,86.58601379394531,202.0,20.53562355041504
2024-03-12,501.64697265625,437.77984619140625,199.4453887939453,73.20118713378906,39.238460540771484,85.86202239990234,199.7899932861328,20.48051643371582
2024-03-13,500.860595703125,434.4150695800781,200.22406005859375,73.21040344238281,39.11513137817383,85.44576263427734,201.19000244140625,20.76522445678711
2024-03-14,499.8705749511719,433.31982421875,196.64219665527344,72.67587280273438,38.9159049987793,84.13357543945312,200.35000610351562,20.829513549804688
2024-03-15,496.4381103515625,428.16900634765625,197.01210021972656,72.70352935791016,38.67873001098633,84.10641479492188,199.7100067138672,20.902984619140625
2024-03-18,499.3885192871094,432.2525939941406,195.88299560546875,72.68508911132812,38.74513244628906,83.85305786132812,200.02999877929688,21.095849990844727
2024-03-19,502.1637268066406,433.3295593261719,196.71035766601562,72.81411743164062,38.555397033691406,84.08832550048828,199.8000030517578,21.086666107177734
2024-03-20,506.80841064453125,438.4674072265625,200.60365295410156,73.5882339477539,38.991798400878906,84.0611801147461,202.17999267578125,21.03156089782715
2024-03-21,508.4831848144531,440.54229736328125,202.9085235595703,73.55138397216797,39.039241790771484,84.24217987060547,201.97000122070312,21.004011154174805
2024-03-22,507.5191650390625,441.0462341308594,200.1079864501953,73.39470672607422,38.76411437988281,85.04759216308594,200.35000610351562,20.857065200805664
2024-03-25,506.1170349121094,439.4456481933594,200.56658935546875,73.238037109375,38.792572021484375,84.62227630615234,200.99000549316406,21.03156089782715
2024-03-26,505.18231201171875,438.0227966308594,200.20553588867188,73.32099151611328,38.76411437988281,84.85753631591797,201.63999938964844,20.866249084472656
2024-03-27,509.427734375,439.51470947265625,204.5673828125,73.76335144042969,38.83052062988281,85.69915771484375,203.10000610351562,20.847881317138672
2024-03-28,509.3302917480469,438.70452880859375,205.21144104003906,73.59746551513672,38.97282791137695,85.62676239013672,205.72000122070312,21.095849990844727
2024-04-01,508.4442138671875,439.63336181640625,203.27932739257812,73.28412628173828,39.039241790771484,84.03057861328125,207.82000732421875,21.196874618530273
2024-04-02,505.21148681640625,435.8392333984375,199.5419921875,72.7680435180664,39.162567138671875,83.56754302978516,210.88999938964844,21.38974380493164
2024-04-03,505.76654052734375,436.8173522949219,200.8495635986328,73.17353820800781,39.1910285949707,83.54938507080078,212.74000549316406,21.646896362304688
2024-04-04,499.5930480957031,430.1381530761719,198.8394317626953,72.54685974121094,39.04872512817383,84.14859771728516,211.52000427246094,21.70199966430664
2024-04-05,504.8122863769531,435.20684814453125,199.50296020507812,72.7772445678711,39.13410568237305,82.97737121582031,215.13999938964844,21.812210083007812
2024-04-08,505.0946044921875,435.3352966308594,200.59585571289062,73.13666534423828,39.3902587890625,82.96827697753906,216.47999572753906,21.80302619934082
2024-04-09,505.67889404296875,436.94586181640625,201.38624572753906,73.12744140625,39.65589141845703,83.74003601074219,217.6699981689453,21.68363380432129
2024-04-10,500.6154479980469,433.1319580078125,196.068115234375,72.15979766845703,39.11513137817383,81.9150619506836,215.61000061035156,21.793840408325195
2024-04-11,504.3935241699219,440.0483093261719,197.39523315429688,72.35331726074219,39.35231018066406,81.54280090332031,219.8000030517578,21.757104873657227
2024-04-12,497.4313659667969,433.03314208984375,193.88235473632812,71.18291473388672,38.45103454589844,81.9786148071289,216.88999938964844,21.784656524658203
2024-04-15,491.199462890625,425.9092712402344,191.04275512695312,70.97095489501953,38.204376220703125,80.70747375488281,220.9499969482422,21.812210083007812
2024-04-16,490.30364990234375,425.9488220214844,190.34014892578125,70.27054595947266,37.701560974121094,80.17181396484375,221.22000122070312,21.77547264099121
2024-04-17,487.4018859863281,420.751708984375,188.33001708984375,70.31664276123047,37.673095703125,81.06159210205078,219.58999633789062,21.4356632232666
2024-04-18,486.39892578125,418.3507080078125,188.1738739013672,70.12309265136719,37.824893951416016,80.65302276611328,220.33999633789062,21.42647933959961
2024-04-19,482.1534729003906,409.6954040527344,188.4666290283203,70.15074920654297,37.673095703125,80.94355010986328,221.02999877929688,21.527503967285156
2024-04-22,486.59368896484375,413.8155822753906,190.5743865966797,70.97095489501953,38.0810432434082,80.80735778808594,215.57000732421875,21.527503967285156
2024-04-23,492.367919921875,419.9908447265625,193.7652587890625,71.74507904052734,38.39411926269531,80.8345947265625,215.0399932861328,21.61934471130371
2024-04-24,492.13421630859375,421.4136657714844,192.89675903320312,71.6068344116211,38.52693176269531,80.26258850097656,214.63999938964844,21.591793060302734
2024-04-25,490.2646789550781,419.3782958984375,191.72579956054688,71.27507019042969,38.61231994628906,79.69966125488281,215.9199981689453,21.711185455322266
2024-04-26,494.9093933105469,425.85003662109375,193.56033325195312,71.84644317626953,39.05820846557617,80.1173095703125,216.6199951171875,21.72955322265625
2024-04-29,496.66204833984375,427.5791015625,195.12161254882812,72.1229248046875,39.43769454956055,80.7892074584961,216.17999267578125,21.711185455322266
2024-04-30,488.79437255859375,419.5166015625,191.15985107421875,71.21055603027344,38.8874397277832,80.09917449951172,211.8699951171875,21.4356632232666
2024-05-01,487.2071533203125,416.4832763671875,191.5599365234375,71.05388641357422,38.925392150878906,80.68958282470703,213.7899932861328,21.123403549194336
2024-05-02,491.7641906738281,421.7989807128906,195.08255004882812,72.01233673095703,39.93102264404297,81.03579711914062,213.1300048828125,21.196874618530273
2024-05-03,497.8597717285156,430.27655029296875,197.0146484375,72.73117065429688,40.291526794433594,81.85582733154297,212.9600067138672,21.224428176879883
2024-05-06,503.0011291503906,434.989501953125,199.56149291992188,73.22882843017578,40.32947540283203,82.17471313476562,215.1999969482422,21.463214874267578
2024-05-07,503.55609130859375,435.0586242675781,200.0103759765625,73.42236328125,40.10178756713867,82.67584228515625,214.2100067138672,21.444847106933594
2024-05-08,503.6048278808594,434.80181884765625,198.8491668701172,73.33941650390625,40.111270904541016,82.17471313476562,213.5800018310547,21.334636688232422
2024-05-09,506.50653076171875,435.750244140625,200.8788604736328,73.90158081054688,40.2346076965332,82.57561492919922,216.9499969482422,21.417293548583984
2024-05-10,507.158935546875,436.7778625488281,199.36634826660156,74.0398178100586,40.31998825073242,82.11093139648438,218.7100067138672,21.380558013916016
2024-05-13,507.22705078125,437.7856750488281,199.7859649658203,74.0398178100586,40.62357711791992,82.32050323486328,216.25999450683594,21.518320083618164
2024-05-14,509.5544128417969,440.60162353515625,201.85462951660156,74.59276580810547,40.84177780151367,82.78517150878906,218.08999633789062,21.42647933959961
2024-05-15,515.8641357421875,447.4883117675781,204.37222290039062,75.38533782958984,41.27817916870117,83.91497802734375,220.88999938964844,21.499950408935547
2024-05-16,514.8026733398438,446.5792541503906,202.8987579345703,74.97982788085938,41.36356735229492,83.83296966552734,220.02999877929688,21.555055618286133
2024-05-17,515.5427856445312,446.3619689941406,203.04513549804688,75.23787689208984,41.543819427490234,83.26807403564453,223.66000366210938,21.77547264099121
2024-05-20,516.1368408203125,449.47430419921875,203.49400329589844,75.29315948486328,41.39202880859375,83.02206420898438,224.55999755859375,21.968339920043945
2024-05-21,517.4024658203125,450.3536682128906,203.298828125,75.1733627319336,41.13587951660156,83.45030212402344,224.22999572753906,21.87649917602539
2024-05-22,515.912841796875,450.2647399902344,201.5814208984375,74.4637451171875,41.00305938720703,83.5505142211914,220.11000061035156,21.564239501953125
2024-05-23,512.1444091796875,448.2392578125,198.2734375,74.08589172363281,40.6994743347168,83.01296997070312,215.72000122070312,21.454030990600586
2024-05-24,515.5330810546875,452.47802734375,200.46900939941406,74.69414520263672,40.813316345214844,83.25896453857422,215.9199981689453,21.600975036621094
2024-05-28,515.893310546875,454.187255859375,200.19578552246094,74.66649627685547,40.75638961791992,82.06539916992188,218.19000244140625,21.98670768737793
2024-05-29,512.2808837890625,450.98602294921875,197.2390899658203,73.48686981201172,40.14921951293945,81.072265625,216.16000366210938,21.757104873657227
2024-05-30,508.8823547363281,446.1544189453125,199.11265563964844,74.10433959960938,40.035377502441406,81.85582733154297,216.57000732421875,21.472396850585938
2024-05-31,513.5174560546875,445.3244934082031,200.79103088378906,74.8139419555664,39.64640808105469,82.41162109375,215.3000030517578,21.371374130249023
2024-06-03,513.9360961914062,447.715576171875,199.65908813476562,75.02590942382812,40.063838958740234,83.74459075927734,217.22000122070312,21.06829833984375
2024-06-04,514.5106201171875,448.94073486328125,197.08297729492188,74.93375396728516,39.50410079956055,84.7228012084961,215.27000427246094,20.857065200805664
2024-06-05,520.6255493164062,457.99127197265625,200.0981903076172,75.45905303955078,40.139732360839844,85.34449768066406,217.82000732421875,20.930538177490234
2024-06-06,520.6160278320312,457.8332214355469,198.6637725830078,75.71710205078125,40.338966369628906,85.21649932861328,219.42999267578125,21.2060604095459
2024-06-07,519.9829711914062,457.4281005859375,196.3315887451172,74.89688873291016,39.88358688354492,83.65316009521484,211.60000610351562,20.902984619140625
2024-06-10,521.589599609375,459.2757873535156,197.00489807128906,74.84159851074219,40.120758056640625,83.09547424316406,213.5399932861328,21.2060604095459
2024-06-11,522.8457641601562,462.4276428222656,196.33169555664062,73.99114227294922,39.987022399902344,83.95484161376953,214.14999389648438,21.17850685119629
2024-06-12,527.139892578125,468.48443603515625,199.34556579589844,74.86315155029297,40.38823318481445,84.5856704711914,214.72000122070312,21.25197982788086
2024-06-13,528.2013549804688,471.0236511230469,197.60377502441406,73.79422760009766,40.29270935058594,85.82904815673828,212.97000122070312,21.270349502563477
2024-06-14,528.5225830078125,473.4642333984375,194.4626922607422,72.97845458984375,40.34046936035156,86.5512924194336,215.72999572753906,21.18769073486328
2024-06-17,532.7291259765625,479.2640380859375,196.09683227539062,73.26913452148438,40.598388671875,85.6919174194336,214.61000061035156,21.261165618896484
2024-06-18,534.0826416015625,479.4123229980469,196.4393310546875,73.55980682373047,40.970943450927734,86.47815704345703,215.47000122070312,21.4356632232666
2024-06-20,532.6317749023438,475.7168884277344,195.60755920410156,73.606689453125,40.90407180786133,85.90217590332031,218.16000366210938,21.481582641601562
2024-06-21,531.9176025390625,474.44232177734375,196.0479278564453,73.09097290039062,40.760780334472656,85.90217590332031,214.77999877929688,21.307085037231445
2024-06-24,530.1885986328125,469.0409851074219,196.89923095703125,73.67232513427734,40.760780334472656,86.24958801269531,215.6300048828125,21.481582641601562
2024-06-25,532.230224609375,474.4047546386719,196.25340270996094,73.8504867553711,40.66525650024414,86.39588928222656,214.55999755859375,21.27953338623047
2024-06-26,532.8946533203125,475.3844909667969,195.7347869873047,73.30663299560547,40.579280853271484,85.16165161132812,212.5800018310547,21.316267013549805
2024-06-27,533.7346801757812,476.611572265625,197.72122192382812,73.36289978027344,40.60793685913086,85.49992370605469,214.99000549316406,21.42647933959961
2024-06-28,531.6343994140625,474.1375427246094,198.5333709716797,73.4472885131836,40.68436050415039,83.90913391113281,215.00999450683594,21.334636688232422
2024-07-01,532.728515625,476.91839599609375,196.86988830566406,73.57855987548828,40.779884338378906,82.46097564697266,215.57000732421875,21.61016082763672
2024-07-02,536.3135986328125,481.9259033203125,197.54507446289062,73.75672149658203,40.90407180786133,83.10295104980469,215.55999755859375,21.637710571289062
2024-07-03,538.7069702148438,485.9437561035156,197.49612426757812,74.60061645507812,41.505882263183594,84.19438171386719,217.99000549316406,21.757104873657227
2024-07-05,541.8134765625,491.0106201171875,196.55674743652344,75.09757232666016,41.677825927734375,84.89140319824219,220.92999267578125,21.839763641357422
2024-07-08,542.438720703125,492.1783447265625,197.9364776611328,74.7225112915039,41.687381744384766,85.0748519897461,218.19000244140625,21.54587173461914
2024-07-09,542.9661254882812,492.6038818359375,197.0753631591797,74.4224624633789,41.85932540893555,84.69879913330078,218.55999755859375,21.39892578125
2024-07-10,548.3389282226562,497.7400207519531,199.00306701660156,75.47264862060547,42.098140716552734,84.96477508544922,219.36000061035156,21.39892578125
2024-07-11,543.61083984375,486.8244934082031,206.15609741210938,75.68830871582031,42.34650802612305,85.79019927978516,223.25,21.472396850585938
2024-07-12,547.0397338867188,489.6845397949219,208.56326293945312,76.49469757080078,42.51845169067383,86.15708923339844,223.11000061035156,21.38974380493164
2024-07-15,548.5440673828125,491.0007019042969,212.52630615234375,75.81957244873047,42.069480895996094,85.16654968261719,223.8300018310547,21.233613967895508
2024-07-16,551.797119140625,491.1887512207031,219.77720642089844,76.18527221679688,42.30830001831055,86.3680419921875,228.2899932861328,21.17850685119629
2024-07-17,544.0602416992188,476.7699279785156,217.47764587402344,75.78207397460938,41.620513916015625,86.38634490966797,227.22999572753906,21.17850685119629
2024-07-18,539.879150390625,474.51361083984375,213.2699737548828,75.03193664550781,41.22885513305664,85.72600555419922,225.77999877929688,21.022377014160156
2024-07-19,536.2940673828125,470.3077087402344,212.1837921142578,74.5724868774414,40.8276481628418,85.2215805053711,221.72999572753906,20.7376708984375
2024-07-22,541.8233032226562,477.3142395019531,215.55975341796875,75.3601303100586,41.17154312133789,84.97394561767578,221.8000030517578,20.792776107788086
2024-07-23,540.973388671875,475.63189697265625,217.84950256347656,74.93817138671875,40.80854415893555,84.85472106933594,222.5800018310547,20.599910736083984
2024-07-24,528.7135009765625,458.57080078125,213.17213439941406,73.99114227294922,40.21628189086914,83.93757629394531,221.8000030517578,20.59072494506836
2024-07-25,525.958740234375,453.51385498046875,215.833740234375,73.52230834960938,40.05389404296875,84.62542724609375,218.3300018310547,20.636646270751953
2024-07-26,531.8491821289062,458.16510009765625,219.40536499023438,74.45996856689453,40.46465301513672,85.2857894897461,220.6300048828125,20.425413131713867
2024-07-29,532.1619262695312,459.08538818359375,216.96881103515625,74.13177490234375,40.33091735839844,85.74437713623047,220.32000732421875,20.33357048034668
2024-07-30,529.4657592773438,452.781494140625,217.79078674316406,74.3005599975586,40.149417877197266,86.07453155517578,222.52000427246094,20.269283294677734
2024-07-31,538.0718994140625,466.18096923828125,219.05307006835938,75.35074615478516,41.02825164794922,86.9549789428711,226.5500030517578,20.7376708984375
2024-08-01,530.4523315429688,454.889404296875,211.9293975830078,73.35352325439453,40.31181335449219,87.70496368408203,225.77000427246094,20.489700317382812
2024-08-02,520.5762939453125,444.09271240234375,204.43389892578125,72.2001953125,39.7386589050293,90.43798065185547,225.33999633789062,20.1131534576416
2024-08-05,505.4151306152344,430.85150146484375,197.8582000732422,70.62491607666016,38.61145782470703,90.91648864746094,222.47999572753906,20.076417922973633
2024-08-06,510.07476806640625,434.9683532714844,200.01095581054688,70.7468032836914,38.8311653137207,88.88282012939453,220.6999969482422,19.911104202270508
2024-08-07,506.66546630859375,430.2577209472656,197.64291381835938,71.0843734741211,39.06998062133789,88.25709533691406,220.5500030517578,20.094785690307617
2024-08-08,518.3782958984375,443.41973876953125,202.4474639892578,72.27520751953125,39.95836639404297,87.71417236328125,224.00999450683594,20.278467178344727
2024-08-09,520.6640625,445.7354431152344,202.02674865722656,72.55650329589844,40.178077697753906,88.57916259765625,224.55999755859375,20.397859573364258
2024-08-12,520.9376831054688,446.6953430175781,200.2066650390625,72.4908676147461,40.31181335449219,88.90123748779297,228.41000366210938,20.682567596435547
2024-08-13,529.5047607421875,457.7790832519531,203.50428771972656,73.73796081542969,40.760780334472656,89.51776123046875,228.05999755859375,20.489700317382812
2024-08-14,531.1752319335938,457.9276123046875,202.24197387695312,74.0098876953125,40.54106903076172,90.07909393310547,226.1999969482422,20.36112403869629
2024-08-15,540.2797241210938,469.49627685546875,207.4868927001953,74.91004943847656,40.990047454833984,89.35211944580078,226.91000366210938,20.526437759399414
2024-08-16,541.4910888671875,470.0998840332031,208.03488159179688,75.32261657714844,41.46767044067383,89.66500091552734,231.99000549316406,20.397859573364258
2024-08-19,546.66845703125,476.275146484375,210.57904052734375,76.24152374267578,41.86887741088867,90.07909393310547,231.61000061035156,20.28765296936035
2024-08-20,545.7794799804688,475.2756652832031,208.12294006347656,76.0071029663086,41.54409408569336,90.796875,232.4600067138672,20.204994201660156
2024-08-21,547.655029296875,477.4923400878906,210.83346557617188,76.7103500366211,41.706485748291016,90.85206604003906,232.14999389648438,20.10396957397461
2024-08-22,543.3568725585938,469.9217834472656,208.97425842285156,76.26028442382812,41.19064712524414,89.95027923583984,229.3699951171875,20.085601806640625
2024-08-23,549.1303100585938,475.0183410644531,215.6478271484375,77.65740203857422,41.8784294128418,90.5392074584961,232.02000427246094,20.44378089904785
2024-08-26,547.8211059570312,470.40667724609375,215.71630859375,77.31046295166016,41.52499008178711,90.30914306640625,232.75999450683594,20.655014038085938
2024-08-27,548.5734252929688,471.8119812011719,214.04302978515625,77.66677856445312,41.582305908203125,90.15271759033203,233.38999938964844,20.55398941040039
2024-08-28,545.3887329101562,466.45806884765625,212.5948028564453,77.39485168457031,41.324378967285156,90.04226684570312,231.75,20.306018829345703
2024-08-29,545.4375610351562,465.7752380371094,214.1115264892578,77.68553924560547,41.34348678588867,89.74781799316406,232.9499969482422,20.53562355041504
2024-08-30,550.6443481445312,471.3270568847656,215.354248046875,77.80742645263672,41.42945861816406,88.79081726074219,231.2899932861328,20.306018829345703
2024-09-03,539.3126831054688,457.0171203613281,208.76878356933594,76.5790786743164,40.60793685913086,90.24301147460938,230.2899932861328,19.901918411254883
2024-09-04,538.2088012695312,455.82952880859375,208.41648864746094,76.24152374267578,40.598388671875,91.40624237060547,230.42999267578125,19.754974365234375
2024-09-05,536.899658203125,456.2550964355469,207.37924194335938,76.26028442382812,40.655704498291016,91.9232406616211,232.35000610351562,19.800893783569336
2024-09-06,527.8637084960938,444.03326416015625,203.43577575683594,74.82565307617188,39.91059875488281,91.91400146484375,230.6300048828125,19.534557342529297
2024-09-09,533.773681640625,449.743408203125,204.00332641601562,75.57579040527344,40.24494934082031,92.31097412109375,231.60000610351562,19.58966064453125
2024-09-10,536.0985717773438,453.8998107910156,203.83700561523438,75.20072174072266,40.09210205078125,92.95721435546875,232.6199951171875,19.304954528808594
2024-09-11,541.5985717773438,463.7564392089844,204.43389892578125,75.65079498291016,40.38823318481445,92.88336181640625,232.25,19.479450225830078
2024-09-12,546.1604614257812,468.3086853027344,207.0661163330078,76.26966094970703,40.722572326660156,92.449462890625,236.3300018310547,19.856000900268555
2024-09-13,549.012939453125,470.40667724609375,212.17404174804688,76.44781494140625,40.91362762451172,92.69873046875,238.67999267578125,19.89273452758789
2024-09-16,549.8238525390625,468.32843017578125,212.9373016357422,77.06666564941406,41.047359466552734,93.54808807373047,238.66000366210938,20.03968048095703
2024-09-17,550.0484619140625,468.5758972167969,214.69863891601562,76.63534545898438,41.095123291015625,93.0956802368164,237.33999633789062,20.177440643310547
2024-09-18,548.4171142578125,466.54718017578125,214.73779296875,76.39155578613281,40.95183181762695,91.94168853759766,235.50999450683594,20.048864364624023
2024-09-19,557.7755126953125,478.34344482421875,219.1607208251953,77.90119934082031,41.82111358642578,91.63704681396484,239.1699981689453,20.40704345703125
2024-09-20,556.8113403320312,477.4330139160156,216.812255859375,77.13231658935547,41.73514175415039,91.2862319946289,242.2100067138672,20.40704345703125
2024-09-23,558.2027587890625,478.69854736328125,216.01962280273438,77.42298889160156,42.05992889404297,91.09236907958984,242.67999267578125,20.416229248046875
2024-09-24,559.7999267578125,481.0075988769531,216.3817138671875,77.88243865966797,43.49281311035156,91.07389831542969,246.07000732421875,20.756040573120117
2024-09-25,558.5652465820312,481.45355224609375,213.74244689941406,77.46049499511719,43.0342903137207,90.3168716430664,245.72999572753906,20.58154296875
2024-09-26,560.7798461914062,485.0706787109375,214.88140869140625,79.16704559326172,44.61046600341797,90.52920532226562,246.97999572753906,20.397859573364258
2024-09-27,559.9664916992188,482.37518310546875,216.33457946777344,78.68883514404297,44.52449035644531,91.00003051757812,245.02000427246094,20.498884201049805
2024-09-30,562.21044921875,483.6833190917969,216.88441467285156,78.41690826416016,43.808048248291016,90.56611633300781,243.05999755859375,20.452964782714844
2024-10-01,557.1738891601562,476.9444274902344,213.93882751464844,77.83555603027344,44.12328338623047,91.22000122070312,245.61000061035156,20.81114387512207
2024-10-02,557.4090576171875,477.6183166503906,213.64425659179688,77.67615509033203,44.99256896972656,90.4512939453125,245.66000366210938,20.98564338684082
2024-10-03,556.3900756835938,477.26153564453125,212.21075439453125,76.95415496826172,44.45762634277344,89.59918975830078,245.49000549316406,21.28871726989746
2024-10-04,561.4461059570312,482.9400634765625,215.1759796142578,77.40423583984375,44.868385314941406,88.49702453613281,245.0,21.343820571899414
2024-10-07,556.3704223632812,477.7669677734375,213.48716735839844,76.97290802001953,45.240928649902344,87.83015441894531,244.1699981689453,21.637710571289062
2024-10-08,561.63232421875,484.9022521972656,213.63446044921875,76.85100555419922,44.12328338623047,87.97838592529297,242.3699951171875,21.132587432861328
2024-10-09,565.5223999023438,488.7176818847656,214.1057586669922,76.86976623535156,43.88446807861328,87.47822570800781,241.0500030517578,20.94890594482422
2024-10-10,564.5327758789062,488.16265869140625,212.91769409179688,76.77599334716797,43.97044372558594,87.13553619384766,242.82000732421875,21.36219024658203
2024-10-11,567.913330078125,488.9257507324219,217.2477264404297,77.1698226928711,44.28567886352539,86.78357696533203,245.47000122070312,21.380558013916016
2024-10-14,572.5579223632812,493.028564453125,218.84815979003906,77.39485168457031,44.10417556762695,86.84841918945312,245.07000732421875,21.049930572509766
2024-10-15,568.1092529296875,486.4383239746094,219.02491760253906,76.1102523803711,43.168025970458984,87.9042739868164,245.9199981689453,20.645830154418945
2024-10-16,570.5784912109375,486.4978332519531,222.6283416748047,76.3071517944336,43.50236892700195,88.27474212646484,247.14999389648438,20.59072494506836
2024-10-17,570.62744140625,486.8346862792969,222.01959228515625,76.31654357910156,43.43549728393555,86.87620544433594,248.6300048828125,20.61827850341797
2024-10-18,572.8223876953125,490.0258483886719,221.55810546875,76.83226013183594,43.86536407470703,86.94103240966797,251.27000427246094,20.50806999206543
2024-10-21,571.8817749023438,490.9672546386719,218.07249450683594,75.92272186279297,43.5596809387207,85.42210388183594,251.22000122070312,20.572359085083008
2024-10-22,571.5780639648438,491.50238037109375,217.2477264404297,75.49139404296875,43.46415710449219,85.50545501708984,253.92999267578125,20.930538177490234
2024-10-23,566.355224609375,483.97064208984375,215.26434326171875,74.73188781738281,43.20623779296875,85.27389526367188,250.8699951171875,20.81114387512207
2024-10-24,567.5802001953125,487.8951110839844,215.7356414794922,75.15383911132812,43.13936996459961,85.82036590576172,252.8000030517578,20.801959991455078
2024-10-25,567.3840942382812,490.8681640625,214.92068481445312,74.90066528320312,43.101158142089844,85.33872985839844,253.32000732421875,20.94890594482422
2024-10-28,569.1382446289062,490.9473876953125,218.4259796142578,75.50077056884766,43.29220962524414,85.10721588134766,253.3300018310547,20.3886775970459
2024-10-29,570.0592041015625,495.6646728515625,217.71902465820312,75.22885131835938,43.15847396850586,85.23684692382812,256.0899963378906,20.351940155029297
2024-10-30,568.3346557617188,491.91864013671875,217.42446899414062,74.74126434326172,42.738162994384766,85.48690795898438,257.5,20.609094619750977
2024-10-31,557.1934814453125,479.50128173828125,213.81118774414062,74.28181457519531,42.46113967895508,85.6258544921875,253.50999450683594,20.746854782104492
2024-11-01,559.545166015625,483.049072265625,215.00904846191406,74.43183135986328,42.49934768676758,84.41865539550781,252.47000122070312,20.526437759399414
2024-11-04,558.3399047851562,481.641845703125,216.09893798828125,74.48810577392578,42.738162994384766,85.72899627685547,252.8300018310547,20.87543296813965
2024-11-05,565.0912475585938,487.78607177734375,220.1638641357422,75.22885131835938,43.320865631103516,86.18436431884766,253.39999389648438,21.004011154174805
2024-11-06,579.142578125,501.03594970703125,232.91831970214844,74.14115905761719,42.78592300415039,83.82390594482422,245.6999969482422,20.7744083404541
2024-11-07,583.6205444335938,508.9243469238281,232.09353637695312,75.266357421875,43.731624603271484,84.87405395507812,249.64999389648438,20.98564338684082
2024-11-08,586.1486206054688,509.51904296875,233.80198669433594,74.22555541992188,42.652191162109375,85.9520492553711,247.9600067138672,20.664199829101562
2024-11-11,586.7071533203125,509.2216796875,237.31707763671875,74.24430084228516,42.3274040222168,85.53385925292969,242.13999938964844,20.33357048034668
2024-11-12,584.8846435546875,508.3000183105469,233.1539764404297,72.86593627929688,41.52499008178711,84.25138092041016,240.0500030517578,20.223363876342773
2024-11-13,585.1688232421875,507.6459655761719,230.84657287597656,72.43460845947266,41.257511138916016,83.45218658447266,237.6300048828125,20.159074783325195
2024-11-14,581.4060668945312,504.1180114746094,227.7340545654297,72.58463287353516,41.02825164794922,83.93541717529297,237.00999450683594,20.14070701599121
2024-11-15,573.9590454101562,492.1069030761719,224.3367919921875,72.32208251953125,41.02825164794922,83.71240234375,236.58999633789062,20.03968048095703
2024-11-18,576.310791015625,495.5259094238281,224.77862548828125,72.71591186523438,41.4963264465332,83.86107635498047,241.08999633789062,20.498884201049805
2024-11-19,578.4175415039062,498.9349670410156,226.4478302001953,72.62213897705078,41.46767044067383,84.28856658935547,243.25,20.563173294067383
2024-11-20,578.6134033203125,498.6476135253906,226.7423553466797,72.42523193359375,41.4199104309082,84.01907348632812,244.6199951171875,20.55398941040039
2024-11-21,581.7196044921875,500.4413146972656,230.188720703125,72.44400024414062,41.33393478393555,83.95401763916016,246.66000366210938,20.700937271118164
2024-11-22,583.5226440429688,501.24407958984375,234.44021606445312,72.72528076171875,41.34348678588867,84.00048828125,249.83999633789062,20.719303131103516
2024-11-25,585.5020141601562,502.0368957519531,238.00437927246094,73.10034942626953,41.37214279174805,86.17507934570312,242.47999572753906,20.425413131713867
2024-11-26,588.5592041015625,504.7323913574219,236.2566375732422,72.67839813232422,41.200199127197266,85.84053039550781,242.9499969482422,20.425413131713867
2024-11-27,586.7758178710938,500.7584228515625,236.58067321777344,73.07222747802734,41.257511138916016,86.43528747558594,243.49000549316406,20.315204620361328
2024-11-29,590.4209594726562,505.15850830078125,237.4839630126953,74.0473861694336,41.324378967285156,87.32742309570312,245.58999633789062,20.33357048034668
2024-12-02,591.4791870117188,510.6585998535156,237.36614990234375,74.2536849975586,41.486778259277344,87.53724670410156,243.44000244140625,20.18662452697754
2024-12-03,591.7535400390625,512.2244873046875,235.67733764648438,74.67562866210938,41.572750091552734,86.78189849853516,243.92999267578125,20.416229248046875
2024-12-04,595.427978515625,518.5570678710938,236.52174377441406,74.73188781738281,41.677825927734375,87.71442413330078,244.6699981689453,20.306018829345703
2024-12-05,594.4481201171875,517.1199951171875,233.76271057128906,75.09757232666016,41.95484924316406,87.8916015625,242.86000061035156,20.278467178344727
2024-12-06,595.5750122070312,521.7481689453125,234.59727478027344,75.08820343017578,41.88798522949219,88.02215576171875,242.9499969482422,20.122337341308594
2024-12-09,592.5079956054688,517.6848754882812,233.4190673828125,75.04132080078125,42.74771499633789,87.21085357666016,245.36000061035156,20.315204620361328
2024-12-10,590.6658325195312,515.9209594726562,232.4077606201172,74.36619567871094,42.05992889404297,86.800537109375,248.58999633789062,20.36112403869629
2024-12-11,595.2321166992188,525.1571655273438,233.4583282470703,74.83502960205078,42.231876373291016,85.97990417480469,250.9600067138672,20.61827850341797
2024-12-12,592.1651000976562,521.7678833007812,230.4243621826172,74.17866516113281,42.02172088623047,84.93546295166016,247.27999877929688,20.53562355041504
2024-12-13,592.0474853515625,525.76171875,228.8435516357422,73.97238159179688,42.05992889404297,84.0682144165039,244.2899932861328,20.526437759399414
2024-12-16,594.5755615234375,533.3330078125,230.188720703125,73.72858428955078,41.83066940307617,84.32000732421875,244.8800048828125,20.416229248046875
2024-12-17,592.1257934570312,530.9843139648438,227.55345153808594,73.61167907714844,41.730613708496094,84.5251693725586,243.94000244140625,20.278467178344727
2024-12-18,574.4784545898438,511.8280029296875,217.47914123535156,71.80584716796875,40.75923156738281,83.46822357177734,239.25999450683594,20.094785690307617
2024-12-19,574.302001953125,509.5486755371094,216.5140380859375,71.5777359008789,40.895225524902344,82.20439147949219,239.60000610351562,20.094785690307617
2024-12-20,581.1998901367188,513.9983520507812,218.5426788330078,71.37814331054688,41.06036376953125,82.67247009277344,242.10000610351562,20.223363876342773
2024-12-23,584.6803588867188,519.006103515625,218.0404510498047,71.84386444091797,41.29349136352539,81.91419219970703,240.9600067138672,20.238842010498047
2024-12-24,591.1790161132812,526.0437622070312,219.99032592773438,72.10047912597656,41.41977310180664,82.26055908203125,241.44000244140625,20.354934692382812
2024-12-26,591.2184448242188,525.6863403320312,222.24546813964844,72.44264221191406,41.274070739746094,82.21375274658203,243.07000732421875,20.296886444091797
2024-12-27,584.9949340820312,518.6983642578125,219.00552368164062,72.33809661865234,41.08950424194336,81.53971099853516,241.39999389648438,20.393630981445312
2024-12-30,578.3192749023438,511.7997741699219,217.32156372070312,71.86287689208984,40.75923156738281,82.19503021240234,240.6300048828125,20.57744598388672
2024-12-31,576.2152709960938,507.4521484375,217.59730529785156,71.86287689208984,40.62323760986328,81.75504302978516,242.1300048828125,20.683862686157227
2025-01-02,574.799560546875,506.45947265625,217.7745819091797,71.61576080322266,40.56495666503906,81.97972869873047,245.4199981689453,20.887025833129883
2025-01-03,581.9865112304688,514.7477416992188,221.01449584960938,71.92940521240234,40.94380187988281,81.71759796142578,243.49000549316406,20.780607223510742
2025-01-06,585.3390502929688,520.6637573242188,221.10311889648438,72.61372375488281,41.08950424194336,81.35250091552734,243.19000244140625,20.819305419921875
2025-01-07,578.7223510742188,511.3728942871094,219.33053588867188,72.55668640136719,40.79808807373047,80.43504333496094,244.55999755859375,20.91604995727539
2025-01-08,579.56787109375,511.4623107910156,218.3358917236328,72.44264221191406,40.60381317138672,80.53803253173828,245.86000061035156,20.877351760864258
2025-01-10,570.7192993164062,503.44195556640625,213.53016662597656,71.34012603759766,39.91413116455078,80.00440216064453,248.2100067138672,21.438467025756836
2025-01-13,571.6043090820312,501.8240051269531,213.94378662109375,71.14053344726562,39.642147064208984,79.97632598876953,245.74000549316406,21.5932559967041
2025-01-14,572.3906860351562,501.3475646972656,216.3761749267578,71.39715576171875,40.0889778137207,79.84528350830078,247.02999877929688,21.583581924438477
2025-01-15,582.802490234375,512.8817138671875,220.6304168701172,72.30957794189453,40.613529205322266,81.22145080566406,248.8800048828125,21.931861877441406
2025-01-16,581.6817626953125,509.2884521484375,221.07359313964844,72.68025207519531,40.56495666503906,81.4835433959961,250.60000610351562,21.83511734008789
2025-01-17,587.5216674804688,517.8843994140625,222.02883911132812,72.97488403320312,40.88551330566406,81.62399291992188,249.27000427246094,21.738372802734375
2025-01-21,592.8995971679688,520.9218139648438,226.2929229736328,74.44806671142578,41.322635650634766,82.35417175292969,253.1300048828125,21.631956100463867
2025-01-22,596.232666015625,527.5822143554688,224.8157501220703,74.2770004272461,41.351776123046875,81.92355346679688,254.42999267578125,21.612606048583984
2025-01-23,599.4869384765625,528.7039184570312,225.83993530273438,74.8852767944336,41.448909759521484,81.28695678710938,254.07000732421875,21.53521156311035
2025-01-24,597.7367553710938,525.7161254882812,225.20965576171875,75.30347442626953,41.72090530395508,81.65208435058594,255.64999389648438,21.544885635375977
2025-01-27,589.2816162109375,510.4100646972656,223.05300903320312,75.30347442626953,40.96322250366211,82.6163101196289,252.99000549316406,21.21595573425293
2025-01-28,594.3449096679688,517.953857421875,223.29920959472656,75.20841979980469,41.26435470581055,82.56014251708984,255.17999267578125,21.235305786132812
2025-01-29,591.6805419921875,516.981201171875,222.78707885742188,75.19892120361328,41.274070739746094,82.39164733886719,254.1999969482422,21.274002075195312
2025-01-30,594.8561401367188,519.1846923828125,225.05209350585938,76.02580261230469,41.97346115112305,82.7005615234375,258.04998779296875,21.293350219726562
2025-01-31,591.6903686523438,518.4302978515625,223.03329467773438,75.31297302246094,41.49748229980469,82.15760040283203,258.55999755859375,21.25465202331543
2025-02-03,587.70849609375,514.28125,220.42364501953125,74.42906188964844,41.196353912353516,82.82653045654297,259.94000244140625,21.419116973876953
2025-02-04,591.6510620117188,520.59423828125,223.4764404296875,75.29396057128906,41.934608459472656,83.08019256591797,262.5,21.47716522216797
2025-02-05,594.0498657226562,522.9566650390625,225.9088592529297,76.02580261230469,41.827754974365234,84.45185852050781,264.1300048828125,21.34172248840332
2025-02-06,596.1146240234375,525.6863403320312,225.1702423095703,76.38697814941406,42.00260543823242,84.4142837524414,263.42999267578125,21.351396560668945
2025-02-07,590.6580200195312,519.0556640625,222.56060791015625,75.66463470458984,41.963748931884766,83.86935424804688,263.8999938964844,21.36107063293457
2025-02-10,594.6693725585938,525.3389282226562,223.56507873535156,76.1778793334961,42.4688720703125,83.61570739746094,268.3699951171875,21.670652389526367
2025-02-11,595.1215209960938,524.0882568359375,222.2651824951172,76.5390396118164,42.303733825683594,83.08019256591797,267.3900146484375,21.83511734008789
2025-02-12,593.2044067382812,524.3958740234375,220.21681213378906,76.82417297363281,42.536865234375,81.95279693603516,267.6700134277344,21.5932559967041
2025-02-13,599.4671630859375,531.9398193359375,222.698486328125,77.75560760498047,42.8088493347168,83.31505584716797,270.30999755859375,21.699676513671875
2025-02-14,599.437744140625,534.1732177734375,222.5310516357422,77.86965942382812,43.139122009277344,83.75663757324219,266.2900085449219,21.7093505859375
2025-02-18,601.1975708007812,535.3840942382812,223.752197265625,78.430419921875,43.411109924316406,82.77015686035156,270.70001220703125,22.02860450744629
2025-02-19,602.61328125,535.5330810546875,222.98403930664062,77.62254333496094,43.343109130859375,82.87348937988281,270.8500061035156,22.20274543762207
2025-02-20,600.106201171875,533.2599487304688,220.8470916748047,77.98371124267578,43.74137878417969,83.18353271484375,270.989990234375,22.231767654418945
2025-02-21,589.8419799804688,522.1923217773438,214.4853973388672,77.49899291992188,43.61510467529297,84.18878936767578,270.739990234375,21.92218589782715
2025-02-24,587.157958984375,516.0283203125,212.93927001953125,77.45146179199219,42.944847106933594,84.43305969238281,272.2099914550781,21.844791412353516
2025-02-25,584.2378540039062,509.52667236328125,212.1317596435547,78.15479278564453,42.9739875793457,85.8892822265625,268.6199951171875,21.60293197631836
2025-02-26,584.5328979492188,510.7575378417969,212.3976593017578,78.25933837890625,43.40139389038086,86.3966293334961,269.0299987792969,21.419116973876953
2025-02-27,575.20263671875,496.57305908203125,209.15771484375,77.37542724609375,42.55629348754883,85.78594207763672,264.92999267578125,21.44814109802246
2025-02-28,584.1788940429688,504.41473388671875,211.38331604003906,77.5370101928711,41.97346115112305,86.83819580078125,263.2699890136719,21.283676147460938
2025-03-03,573.9441528320312,493.37689208984375,205.60267639160156,78.39240264892578,41.60434341430664,87.24346923828125,266.739990234375,21.148235321044922
2025-03-04,567.1504516601562,491.8879699707031,203.27859497070312,78.3733901977539,41.95403289794922,86.16905975341797,269.05999755859375,21.21595573425293
2025-03-05,573.2461547851562,498.3002624511719,205.29739379882812,80.24576568603516,43.20711898803711,85.48104858398438,269.6199951171875,21.157909393310547
2025-03-06,563.0702514648438,484.59228515625,202.1559295654297,79.41887664794922,42.93513488769531,85.19831085205078,268.25,21.051490783691406
2025-03-07,566.2262573242188,488.1557922363281,202.81573486328125,80.24576568603516,43.148834228515625,84.92501831054688,268.3900146484375,21.235305786132812
2025-03-10,551.1444702148438,469.2366638183594,197.71456909179688,78.35438537597656,42.11916732788086,85.81092071533203,266.0400085449219,21.099863052368164
2025-03-11,546.5629272460938,468.114990234375,197.69488525390625,78.08826446533203,42.4688720703125,85.19831085205078,269.1600036621094,21.21595573425293
2025-03-12,549.4631958007812,473.3956604003906,198.03955078125,78.6490249633789,42.70199966430664,84.68939971923828,270.3299865722656,21.21595573425293
2025-03-13,542.1386108398438,464.8790588378906,195.085205078125,78.12627410888672,42.52714920043945,85.43391418457031,275.1300048828125,21.138561248779297
2025-03-14,553.3369140625,476.11541748046875,199.80230712890625,79.56143951416016,43.304256439208984,84.9815673828125,275.239990234375,21.25465202331543
2025-03-17,557.6039428710938,479.202392578125,202.32333374023438,80.45486450195312,44.04250717163086,85.4056625366211,276.7300109863281,21.399770736694336
2025-03-18,551.5770263671875,471.0332336425781,200.5665283203125,80.44535827636719,43.819091796875,85.490478515625,279.9599914550781,21.351396560668945
2025-03-19,557.5842895507812,477.3363342285156,203.6853790283203,80.68296813964844,43.925941467285156,85.93344116210938,281.1099853515625,21.48683738708496
2025-03-20,555.9718017578125,475.7183532714844,202.39242553710938,80.00814819335938,43.51796340942383,85.98999786376953,280.75,21.525535583496094
2025-03-21,556.1553344726562,477.28668212890625,201.13894653320312,79.51392364501953,43.304256439208984,85.48104858398438,278.489990234375,21.399770736694336
2025-03-24,566.1151123046875,487.76043701171875,206.1429901123047,79.5044174194336,43.498531341552734,84.60455322265625,277.25,21.47716522216797
2025-03-25,567.4760131835938,490.5438537597656,204.99810791015625,79.94161987304688,43.372257232666016,84.59515380859375,278.4700012207031,21.506187438964844
2025-03-26,560.7013549804688,481.51751708984375,202.91554260253906,78.9056396484375,43.109981536865234,84.03910064697266,278.239990234375,21.47716522216797
2025-03-27,559.2122192382812,478.77386474609375,201.9482879638672,79.07672119140625,43.32368469238281,83.7940673828125,281.9700012207031,21.53521156311035
2025-03-28,547.95068359375,466.16876220703125,197.8424072265625,78.3733901977539,42.51743698120117,84.9532699584961,284.05999755859375,21.467491149902344
2025-03-31,551.6289672851562,466.1488952636719,196.8948974609375,77.67957305908203,42.449440002441406,85.79208374023438,288.1400146484375,21.767396926879883
2025-04-01,553.1870727539062,469.9065856933594,196.91461181640625,77.79362487792969,42.58543395996094,86.53550720214844,287.57000732421875,21.777070999145508
2025-04-02,556.6878051757812,473.336181640625,200.02366638183594,77.97420501708984,42.643714904785156,86.47876739501953,288.1600036621094,21.912511825561523
2025-04-03,529.2537841796875,447.99676513671875,187.18289184570312,76.33944702148438,41.740333557128906,86.87600708007812,286.4200134277344,21.032142639160156
2025-04-04,498.2696838378906,420.1722106933594,178.83294677734375,71.30210876464844,39.41872787475586,87.82184600830078,279.7200012207031,20.267866134643555
2025-04-07,497.38214111328125,421.1861572265625,177.2142791748047,69.5818099975586,37.951934814453125,85.1734848022461,273.7099914550781,19.948610305786133
2025-04-08,489.591796875,413.60125732421875,172.5458221435547,69.34420013427734,37.41767501831055,83.56554412841797,275.20001220703125,19.50358772277832
2025-04-09,541.0083618164062,463.24615478515625,187.21250915527344,74.69517517089844,40.01126480102539,84.05738830566406,285.3800048828125,20.20981788635254
2025-04-10,517.3019409179688,443.54327392578125,179.34619140625,73.22200775146484,39.32158660888672,81.74005126953125,292.3500061035156,19.958282470703125
2025-04-11,526.5320434570312,451.71466064453125,181.96170043945312,75.05635833740234,40.55524444580078,82.18460845947266,297.92999267578125,20.248516082763672
2025-04-14,531.64013671875,454.7764892578125,184.1034698486328,75.8642349243164,40.92436981201172,82.77102661132812,296.2300109863281,20.258190155029297
2025-04-15,530.1510620117188,455.2834777832031,184.33050537109375,76.54854583740234,40.88551330566406,83.06424713134766,297.7799987792969,20.20981788635254
2025-04-16,518.366943359375,441.5550842285156,182.56378173828125,76.25390625,40.40953826904297,83.52770233154297,307.4700012207031,20.46135139465332
2025-04-17,519.1065063476562,441.4755859375,184.0541229248047,77.0807876586914,40.720375061035156,82.78993225097656,306.1199951171875,20.674190521240234
2025-04-21,506.7503356933594,430.5505065917969,180.36279296875,76.66261291503906,40.710662841796875,81.34278869628906,315.5899963378906,20.500049591064453
2025-04-22,519.9349365234375,441.85333251953125,185.03126525878906,78.24983978271484,41.322635650634766,81.79681396484375,311.1099853515625,20.59679412841797
2025-04-23,527.9915161132812,451.8737487792969,187.7751007080078,78.56349182128906,41.798614501953125,82.59132385253906,303.6499938964844,20.44200325012207
2025-04-24,539.1051635742188,464.58819580078125,191.5355224609375,79.60896301269531,42.284305572509766,83.46149444580078,308.07000732421875,20.625816345214844
2025-04-25,543.0003662109375,469.7673645019531,191.59475708007812,79.95113372802734,42.20659255981445,84.07630157470703,304.7300109863281,20.65484046936035
2025-04-28,543.2073974609375,469.61822509765625,192.40408325195312,80.4833755493164,42.284305572509766,84.6059799194336,309.07000732421875,20.538747787475586
2025-04-29,546.6292724609375,472.7198486328125,193.53912353515625,80.64494323730469,42.40087127685547,85.31535339355469,306.05999755859375,20.277538299560547
2025-04-30,546.8462524414062,472.6601867675781,192.3251190185547,80.5499038696289,42.50772476196289,84.62489318847656,303.7699890136719,19.900236129760742
2025-05-01,550.7217407226562,478.8334655761719,193.51937866210938,80.29328918457031,42.498008728027344,84.19580078125,297.4599914550781,19.996980667114258
2025-05-02,558.8966674804688,485.9411926269531,197.8720245361328,81.83300018310547,43.71223831176758,83.28446197509766,297.9800109863281,20.08405113220215
2025-05-05,555.6917724609375,483.058349609375,196.35205078125,81.9755630493164,44.04250717163086,82.81926727294922,306.8800048828125,19.967958450317383
2025-05-06,551.047119140625,478.5650634765625,194.21026611328125,81.87101745605469,43.86766052246094,83.09456634521484,315.4800109863281,20.267866134643555
2025-05-07,553.3645629882812,480.4438781738281,194.851806640625,81.59538269042969,43.36254119873047,83.4458236694336,310.75,20.01633071899414
2025-05-08,557.2202758789062,485.4044189453125,198.56289672851562,81.31026458740234,43.33340072631836,82.51549530029297,304.6300048828125,20.277538299560547
2025-05-09,556.51025390625,485.0863037109375,198.1977081298828,81.70944213867188,43.62481689453125,82.638916015625,306.8399963378906,20.432329177856445
2025-05-12,574.9015502929688,504.8488464355469,205.1658935546875,82.12763977050781,44.56705856323242,81.86995697021484,298.19000244140625,20.567771911621094
2025-05-13,578.6981201171875,512.5431518554688,205.91600036621094,82.232177734375,44.6447639465332,81.53766632080078,299.4599914550781,20.887025833129883
2025-05-14,579.4376831054688,515.6148071289062,204.09005737304688,81.83300018310547,44.9847526550293,80.9965591430664,293.1600036621094,20.780607223510742
2025-05-15,582.267822265625,516.1815185546875,205.42250061035156,82.7264175415039,44.96532440185547,81.70855712890625,297.8399963378906,20.57744598388672
2025-05-16,585.9559326171875,518.4280395507812,207.12013244628906,82.91650390625,44.936180114746094,81.92691040039062,294.239990234375,20.500049591064453
2025-05-19,586.5969848632812,518.9251098632812,206.2515869140625,83.70537567138672,45.03331756591797,81.68959045410156,298.0299987792969,20.471027374267578
2025-05-20,584.6246948242188,517.1954345703125,206.36013793945312,84.10455322265625,44.9847526550293,81.10098266601562,303.5799865722656,20.732234954833984
2025-05-21,574.7733154296875,510.0081481933594,200.5665283203125,83.6103286743164,44.86818313598633,79.71498107910156,305.82000732421875,20.70321273803711
2025-05-22,575.0001831054688,510.9624938964844,200.55661010742188,83.56280517578125,44.722476959228516,80.13269805908203,303.1099853515625,20.59679412841797
2025-05-23,571.0753173828125,506.2306213378906,199.92495727539062,83.67686462402344,44.907039642333984,80.26558685302734,309.75,20.712886810302734
2025-05-27,582.9483032226562,518.1397705078125,204.99810791015625,84.89341735839844,44.80018615722656,81.38579559326172,304.5,20.529071807861328
2025-05-28,579.57568359375,515.8434448242188,202.83657836914062,83.91445922851562,44.596195220947266,81.0345458984375,303.80999755859375,20.46135139465332
2025-05-29,581.8635864257812,516.8574829101562,203.43862915039062,84.28514099121094,44.76133346557617,81.78451538085938,305.6099853515625,20.354934692382812
2025-05-30,581.2128295898438,516.042236328125,202.40231323242188,84.40869140625,44.21735763549805,81.90790557861328,303.6000061035156,20.20014190673828
2025-06-02,584.4867553710938,520.1181030273438,203.0339813232422,85.3116226196289,44.53791046142578,81.1456298828125,311.6700134277344,20.625816345214844
2025-06-03,587.8197631835938,524.183837890625,206.31080627441406,84.66531372070312,44.6447639465332,81.00271606445312,308.9100036621094,20.76125717163086
2025-06-04,587.6619873046875,525.6452026367188,205.7284698486328,85.04550170898438,45.19845199584961,82.31764221191406,310.8999938964844,20.683862686157227
2025-06-05,584.8218994140625,521.688720703125,205.81729125976562,84.98845672607422,45.43158721923828,82.37482452392578,309.3299865722656,20.780607223510742
2025-06-06,590.8274536132812,526.7883911132812,209.1434783935547,85.29261016845703,45.577293395996094,81.32667541503906,305.17999267578125,20.945072174072266
2025-06-09,591.3599853515625,527.5638427734375,210.58447265625,85.28311157226562,45.96584701538086,81.41243743896484,306.6199951171875,20.964420318603516
2025-06-10,594.712890625,531.0530395507812,211.719482421875,85.39715576171875,46.228118896484375,81.83169555664062,306.7099914550781,20.91604995727539
2025-06-11,593.0166625976562,529.2636108398438,210.8509521484375,85.25457763671875,46.422401428222656,82.0794448852539,308.3699951171875,21.25465202331543
2025-06-12,595.3734741210938,530.5062866210938,210.01202392578125,85.91039276123047,46.50010681152344,83.06087493896484,312.20001220703125,21.25465202331543
2025-06-13,588.7171020507812,523.8458862304688,206.17262268066406,84.8078842163086,45.76185989379883,82.2604751586914,316.2900085449219,21.912511825561523
2025-06-16,594.318359375,531.132568359375,208.60336303710938,85.1259994506836,46.32286834716797,81.4314956665039,311.7799987792969,21.8641414642334
2025-06-17,589.2398681640625,525.9533081054688,206.40618896484375,84.08174133300781,45.714778900146484,82.42247009277344,311.94000244140625,22.328510284423828
2025-06-18,589.1510009765625,525.8638305664062,207.494873046875,84.22677612304688,45.7049674987793,82.56539154052734,310.260009765625,22.38655662536621
2025-06-20,587.767333984375,523.7167358398438,207.05941772460938,83.47259521484375,45.44015884399414,82.41293334960938,310.1300048828125,22.50265121459961
2025-06-23,593.5730590820312,529.1017456054688,209.5930938720703,84.10108184814453,45.8128547668457,82.67973327636719,311.0799865722656,21.670652389526367
2025-06-24,600.13037109375,537.1928100585938,212.26531982421875,85.1259994506836,46.99961471557617,83.28003692626953,306.19000244140625,21.148235321044922
2025-06-25,600.4666748046875,538.566162109375,209.79103088378906,84.66188049316406,47.038848876953125,83.38485717773438,307.1199951171875,21.119211196899414
2025-06-26,605.1646118164062,543.6018676757812,213.19566345214844,85.60944366455078,47.35270309448242,83.80411529541016,306.7799987792969,21.196605682373047
2025-06-27,608.1712646484375,545.4629516601562,213.2649383544922,86.3829574584961,47.166351318359375,83.2705078125,301.2200012207031,21.090187072753906
2025-06-30,611.0790405273438,548.9959716796875,213.57174682617188,86.43130493164062,47.313472747802734,84.0899658203125,304.8299865722656,21.099863052368164
2025-07-01,610.8812866210938,544.3682250976562,215.76895141601562,86.2862777709961,47.4017448425293,84.2984619140625,307.54998779296875,21.21595573425293
2025-07-02,613.6505737304688,548.1599731445312,218.7578887939453,86.53767395019531,47.60771179199219,83.76287841796875,309.25,21.564233779907227
2025-07-03,618.4869995117188,553.5538940429688,220.7868194580078,86.5570068359375,47.823482513427734,83.1794662475586,307.1400146484375,21.5545597076416
2025-07-07,613.8780517578125,549.3841552734375,217.4712371826172,85.61911010742188,47.14673614501953,82.38565063476562,307.3699951171875,21.53521156311035
2025-07-08,613.5418090820312,549.6925659179688,218.97564697265625,86.24759674072266,47.440975189208984,82.28042602539062,304.1600036621094,21.60293197631836
2025-07-09,617.2210083007812,553.5838623046875,221.35096740722656,86.89542388916016,47.36251449584961,83.14122009277344,305.5199890136719,21.564233779907227
2025-07-10,618.9617919921875,552.7876586914062,222.48915100097656,86.83740997314453,47.490013122558594,83.19857788085938,306.20001220703125,21.496511459350586
2025-07-11,616.7858276367188,551.5436401367188,219.4210205078125,86.00587463378906,47.33308792114258,82.05089569091797,309.1400146484375,21.777070999145508
2025-07-14,617.9627075195312,553.5440063476562,220.8957061767578,86.00587463378906,47.4017448425293,81.87872314453125,308.010009765625,21.5932559967041
2025-07-15,615.322021484375,554.051513671875,216.57061767578125,85.10665893554688,47.745018005371094,81.3049087524414,306.7300109863281,21.5545597076416
2025-07-16,617.3792114257812,554.6187744140625,218.7480010986328,85.45474243164062,47.970603942871094,81.4196548461914,308.260009765625,21.583581924438477
2025-07-17,621.1573486328125,559.1072387695312,221.61819458007812,85.67713165283203,48.24522399902344,81.40052795410156,307.5899963378906,21.757720947265625
2025-07-18,620.7024536132812,558.5698852539062,220.04452514648438,85.4354019165039,48.1373405456543,81.52487182617188,308.3900146484375,21.796419143676758
2025-07-21,621.87939453125,561.4658203125,219.15377807617188,85.88984680175781,48.45119094848633,82.2517318725586,313.1300048828125,21.748046875
2025-07-22,621.9684448242188,558.5598754882812,220.97486877441406,86.3636245727539,48.480613708496094,82.74907684326172,316.1000061035156,21.7093505859375
2025-07-23,627.2598266601562,561.1075439453125,224.34982299804688,88.51014709472656,48.971012115478516,82.28998565673828,312.17999267578125,21.651302337646484
2025-07-24,627.4674682617188,562.3018798828125,221.2519989013672,87.8526611328125,48.706199645996094,82.14652252197266,310.2699890136719,21.670652389526367
2025-07-25,630.1181030273438,563.6553955078125,222.07347106933594,87.74629211425781,48.55907440185547,82.66300964355469,307.3999938964844,21.44814109802246
2025-07-28,629.9598999023438,565.4168701171875,221.81614685058594,86.3346176147461,48.235416412353516,82.12741088867188,305.4100036621094,21.670652389526367
2025-07-29,628.2982788085938,564.5410766601562,220.40084838867188,86.16057586669922,48.255035400390625,83.51421356201172,306.25,21.951210021972656
2025-07-30,627.5070190429688,565.2974853515625,219.28244018554688,85.54176330566406,47.901947021484375,83.08382415771484,300.9599914550781,21.9028377532959
2025-07-31,625.1531982421875,562.3018798828125,217.13475036621094,84.62320709228516,47.62732696533203,83.13164520263672,302.9599914550781,21.719024658203125
2025-08-01,614.9065551757812,551.2252197265625,212.71070861816406,84.40081787109375,47.27424240112305,84.31349182128906,309.1099853515625,21.370746612548828
2025-08-04,624.2530517578125,561.3961181640625,217.4712371826172,85.52242279052734,47.7646369934082,84.54389953613281,310.9100036621094,21.293350219726562
2025-08-05,621.0880737304688,557.5845336914062,218.5797576904297,85.51275634765625,47.901947021484375,84.80313110351562,311.1600036621094,21.10953712463379
2025-08-06,625.8455200195312,564.600830078125,218.292724609375,86.07355499267578,48.12752914428711,84.31349182128906,310.5,21.06116485595703
2025-08-07,625.3212280273438,566.511474609375,217.58010864257812,86.84707641601562,48.5296516418457,84.16947937011719,313.1199951171875,21.12888526916504
2025-08-08,630.1972045898438,571.796142578125,218.05520629882812,87.37887573242188,48.490421295166016,83.80464172363281,313.04998779296875,21.12888526916504
2025-08-11,628.9510498046875,570.104248046875,218.00570678710938,87.01144409179688,48.353111267089844,83.9006576538086,308.54998779296875,21.157909393310547
2025-08-12,635.6469116210938,577.269775390625,224.47848510742188,88.07503509521484,48.94158935546875,83.47822570800781,308.2699890136719,21.07084083557129
2025-08-13,637.8228149414062,577.558349609375,228.8431396484375,88.6068344116211,49.53006362915039,84.16947937011719,309.2099914550781,21.04181671142578
2025-08-14,637.882080078125,577.1105346679688,225.89378356933594,88.61650848388672,48.921974182128906,83.54541778564453,307.25,21.12888526916504
2025-08-15,636.388671875,574.57275390625,224.79519653320312,89.13863372802734,48.98081970214844,82.95018005371094,307.42999267578125,21.06116485595703
2025-08-18,636.2501220703125,574.34375,225.61666870117188,89.04193878173828,49.26525115966797,82.71017456054688,306.95001220703125,21.080514907836914
2025-08-19,632.79833984375,566.5514526367188,223.88465881347656,89.0516128540039,48.86312484741211,83.1902084350586,305.2699890136719,20.91604995727539
2025-08-20,631.1170043945312,563.1876220703125,223.09286499023438,89.37068939208984,48.794471740722656,83.37262725830078,308.3599853515625,21.148235321044922
2025-08-21,628.5850830078125,560.5801391601562,223.64712524414062,88.80988311767578,48.68658447265625,82.95979309082031,307.2900085449219,21.274002075195312
2025-08-22,638.2381591796875,569.2284545898438,232.41603088378906,90.14421844482422,49.657569885253906,83.5742416381836,310.5799865722656,21.36107063293457
2025-08-25,635.42919921875,567.58642578125,229.97142028808594,88.95492553710938,49.373138427734375,83.33421325683594,309.8299865722656,21.467491149902344
2025-08-26,638.0897827148438,569.8654174804688,231.8717041015625,88.85823059082031,49.245635986328125,83.28620910644531,312.0799865722656,21.30302619934082
2025-08-27,639.543701171875,570.7412109375,233.51463317871094,88.6455078125,48.95139694213867,83.1902084350586,312.7099914550781,21.32237434387207
2025-08-28,641.8085327148438,574.3140258789062,233.79176330566406,88.97425842285156,49.13774490356445,83.73743438720703,315.0299987792969,21.457815170288086
2025-08-29,637.9810180664062,567.666015625,232.75253295898438,88.45214080810547,48.90235900878906,83.14219665527344,318.07000732421875,21.48683738708496
2025-09-02,633.2533569335938,562.9088745117188,231.49559020996094,87.58192443847656,48.86312484741211,82.52349853515625,325.5899963378906,21.83511734008789
2025-09-03,636.6853637695312,567.3375854492188,231.2679443359375,87.71729278564453,49.04947280883789,83.42939758300781,328.1400146484375,21.641630172729492
2025-09-04,642.00634765625,572.4728393554688,234.15794372558594,88.35543823242188,48.892547607421875,84.06544494628906,326.69000244140625,21.48683738708496
2025-09-05,640.14697265625,573.298828125,235.32582092285156,88.75187683105469,49.48102569580078,85.3471908569336,331.04998779296875,21.312700271606445
2025-09-08,641.7195434570312,576.0953979492188,235.80087280273438,89.64141845703125,49.93218994140625,86.48438262939453,334.82000732421875,21.457815170288086
2025-09-09,643.203125,577.7275390625,234.415283203125,89.34168243408203,50.206809997558594,85.99288940429688,334.05999755859375,21.51586151123047
2025-09-10,645.0625610351562,577.9166870117188,233.9995880126953,89.32234191894531,50.55009078979492,86.48438262939453,335.260009765625,21.66097640991211
2025-09-11,650.4231567382812,581.2804565429688,238.3246612548828,90.26990509033203,51.28568649291992,87.0626220703125,334.760009765625,21.496511459350586
2025-09-12,650.2055053710938,583.8480224609375,235.8899688720703,89.91215515136719,51.25625991821289,86.686767578125,335.4200134277344,21.62228012084961
2025-09-15,653.6671752929688,588.843994140625,236.8895721435547,90.51163482666016,51.62895965576172,86.88915252685547,338.9100036621094,21.815767288208008
2025-09-16,652.7671508789062,588.3463745117188,236.49951171875,90.26023864746094,52.011470794677734,87.07225799560547,339.5899963378906,22.038280487060547
2025-09-17,651.9561157226562,587.1720581054688,237.10494995117188,89.92182159423828,52.23705291748047,86.85060119628906,336.9700012207031,21.806095123291016
2025-09-18,655.0023803710938,592.4666137695312,243.010498046875,90.26990509033203,52.109554290771484,85.954345703125,335.6199951171875,21.7093505859375
2025-09-19,658.2465209960938,596.4772338867188,241.16436767578125,89.92182159423828,51.99185562133789,85.79051971435547,339.17999267578125,21.53521156311035
2025-09-22,661.3606567382812,600.0083618164062,242.56385803222656,90.21189880371094,52.24686050415039,85.48212432861328,345.04998779296875,21.53521156311035
2025-09-23,657.7606201171875,596.0228881835938,242.01795959472656,90.03785705566406,52.276283264160156,86.07962036132812,346.4599914550781,21.757720947265625
2025-09-24,655.6677856445312,593.9305419921875,239.79470825195312,89.51573181152344,52.0997428894043,85.75196075439453,343.32000732421875,21.9028377532959
2025-09-25,652.6429443359375,591.3699340820312,237.501953125,88.8775634765625,51.79569625854492,85.75196075439453,344.75,22.057626724243164
2025-09-26,656.3819580078125,593.8009643554688,239.53663635253906,89.56407165527344,51.69761657714844,85.67485809326172,346.739990234375,22.067302703857422
2025-09-29,658.2266845703125,596.5509643554688,239.81454467773438,89.91215515136719,52.16839599609375,86.37837982177734,352.4599914550781,21.88348960876465
2025-09-30,660.7061157226562,598.1849975585938,240.1520233154297,90.27957916259766,52.374366760253906,86.12781524658203,355.4700012207031,21.796419143676758
2025-10-01,662.95751953125,601.0545043945312,240.67803955078125,91.02409362792969,52.78629684448242,86.3502426147461,356.0299987792969,21.757720947265625
2025-10-02,663.7210693359375,603.5255126953125,242.19662475585938,91.16912841796875,53.031494140625,86.60167694091797,354.7900085449219,21.612606048583984
2025-10-03,663.7112426757812,600.9848022460938,243.9930877685547,91.93297576904297,53.18842315673828,86.43727111816406,357.6400146484375,21.680326461791992
2025-10-06,666.0914916992188,605.498291015625,244.96575927734375,92.14569854736328,53.43362045288086,85.75065612792969,364.3800048828125,21.9028377532959
2025-10-07,663.6219482421875,602.3099975585938,242.3355712890625,91.34317016601562,53.021690368652344,86.2438735961914,366.260009765625,21.989906311035156
2025-10-08,667.5791625976562,609.2147216796875,244.87644958496094,91.61389923095703,53.44343185424805,86.31155395507812,372.29998779296875,22.018930435180664
2025-10-09,665.6452026367188,608.4774169921875,243.29832458496094,90.85972595214844,52.89418411254883,86.2438735961914,365.42999267578125,21.815767288208008
2025-10-10,647.6542358398438,587.3545532226562,236.01315307617188,89.18697357177734,50.942405700683594,87.63644409179688,369.1199951171875,21.351396560668945
2025-10-13,657.5919189453125,599.8190307617188,242.5836944580078,89.9024887084961,52.423404693603516,87.58808135986328,378.0899963378906,21.62228012084961
2025-10-14,656.78857421875,595.8236694335938,246.04762268066406,90.30859375,51.9526252746582,87.8685531616211,380.7900085449219,21.380420684814453
2025-10-15,659.7044067382812,600.0282592773438,248.45947265625,90.74369049072266,52.80591583251953,87.6751480102539,387.3900146484375,21.457815170288086
2025-10-16,655.2117309570312,597.806396484375,243.22885131835938,91.21746826171875,53.14918899536133,88.33273315429688,396.45001220703125,21.419116973876953
2025-10-17,658.9308471679688,601.7320556640625,241.5911865234375,91.38184356689453,53.139381408691406,88.19735717773438,388.989990234375,21.399770736694336
2025-10-20,665.7840576171875,609.3143310546875,246.3056640625,92.13602447509766,53.865169525146484,88.53583526611328,403.1499938964844,21.612606048583984
2025-10-21,665.7741088867188,609.1549072265625,245.14443969726562,91.45919799804688,53.26689147949219,88.97101593017578,377.239990234375,21.390094757080078
2025-10-22,662.3128051757812,603.286376953125,241.52169799804688,91.3238296508789,53.21784591674805,89.02903747558594,377.2799987792969,21.728696823120117
2025-10-23,666.2402954101562,608.35791015625,244.5786895751953,91.749267578125,53.688629150390625,88.41978454589844,378.7900085449219,22.096324920654297
2025-10-24,671.6851806640625,614.8540649414062,247.56617736816406,91.89430236816406,54.04171371459961,88.45845794677734,377.5199890136719,22.106000900268555
2025-10-27,679.6094970703125,625.80419921875,248.4296875,92.53245544433594,54.63999938964844,88.75826263427734,367.010009765625,22.057626724243164
2025-10-28,681.41455078125,630.6165161132812,247.09970092773438,92.49378204345703,54.62038040161133,88.9903564453125,364.3800048828125,21.85446548461914
2025-10-29,681.7418823242188,633.4561767578125,244.9955291748047,91.97166442871094,54.934234619140625,88.0909652709961,363.0,21.970558166503906
2025-10-30,674.2439575195312,623.7715454101562,243.02041625976562,91.5655517578125,54.36537551879883,87.57841491699219,370.1300048828125,21.98023223876953
2025-10-31,676.4556274414062,626.7805786132812,244.3900909423828,91.36250305175781,54.23787307739258,87.31731414794922,368.1199951171875,22.13502311706543
2025-11-03,677.7251586914062,629.7796630859375,243.60601806640625,91.40118408203125,54.581153869628906,87.09893035888672,368.7799987792969,22.299488067626953
2025-11-04,669.6917114257812,616.996337890625,239.39768981933594,90.46328735351562,53.58074188232422,87.29306030273438,362.32000732421875,22.144697189331055
2025-11-05,672.0125122070312,621.0116577148438,242.8516845703125,91.0434341430664,54.06132888793945,86.34188079833984,366.510009765625,22.076976776123047
2025-11-06,664.8021850585938,609.44384765625,238.55404663085938,90.84037780761719,53.659202575683594,87.11835479736328,366.07000732421875,22.106000900268555
2025-11-07,665.4567260742188,607.5209350585938,239.80462646484375,91.17880249023438,53.50227737426758,86.9339370727539,368.30999755859375,22.15437126159668
2025-11-10,675.8407592773438,620.9617919921875,242.20652770996094,92.13602447509766,54.4438362121582,86.9145278930664,378.3800048828125,22.39623260498047
2025-11-11,677.3878784179688,619.307861328125,242.4149932861328,92.81285858154297,54.502685546875,87.31246185302734,379.8699951171875,22.54134750366211
2025-11-12,677.7647705078125,618.8196411132812,241.81944274902344,93.3639907836914,54.51249313354492,87.4677505493164,385.989990234375,22.289813995361328
2025-11-13,666.5179443359375,606.1858520507812,235.0206298828125,92.36808013916016,53.87498092651367,86.74952697753906,382.8699951171875,22.173721313476562
2025-11-14,666.408935546875,606.64404296875,235.70547485351562,92.10702514648438,53.90440368652344,86.2545394897461,375.9599914550781,22.222091674804688
2025-11-17,660.2002563476562,601.4630126953125,231.020751953125,90.90806579589844,53.26689147949219,86.46806335449219,371.6499938964844,22.193069458007812
2025-11-18,654.65625,594.1397705078125,231.72544860839844,89.72844696044922,53.002071380615234,86.43894958496094,374.3500061035156,22.376882553100586
2025-11-19,657.185302734375,597.6868286132812,231.6857452392578,89.45770263671875,52.81571960449219,86.26423645019531,374.9599914550781,22.15437126159668
2025-11-20,647.1683349609375,583.5385131835938,227.3980255126953,88.22007751464844,52.089935302734375,86.60395050048828,374.8500061035156,21.94153594970703
2025-11-21,653.6148681640625,587.9224853515625,233.83953857421875,89.58341217041016,52.08012771606445,86.86599731445312,374.2699890136719,21.796419143676758
2025-11-24,663.2351684570312,602.9575805664062,238.10739135742188,89.6607666015625,52.629371643066406,87.36099243164062,380.20001220703125,21.9028377532959
2025-11-25,669.4734497070312,606.674072265625,243.29832458496094,90.73401641845703,52.81571960449219,87.584228515625,380.0799865722656,21.786745071411133
2025-11-26,674.09521484375,612.034423828125,245.4521026611328,91.72993469238281,53.19823455810547,87.97246551513672,383.1199951171875,22.018930435180664
2025-11-28,677.7747192382812,616.996337890625,246.8912811279297,92.03934478759766,53.276695251464844,87.55510711669922,387.8800048828125,22.309162139892578
2025-12-01,674.6803588867188,614.923828125,243.78466796875,91.58489227294922,53.237464904785156,86.46515655517578,389.75,22.367210388183594
2025-12-02,675.9300537109375,619.7362670898438,243.33802795410156,91.89430236816406,53.257080078125,86.50411987304688,387.239990234375,22.270465850830078
2025-12-03,678.2706298828125,621.2507934570312,247.7646942138672,92.3874282836914,53.29631423950195,86.74762725830078,386.8800048828125,22.376882553100586
2025-12-04,678.7665405273438,620.6728515625,249.93832397460938,92.6388168334961,53.28650665283203,86.28009796142578,387.1300048828125,22.4349308013916
2025-12-05,680.0557861328125,623.2036743164062,248.89617919921875,92.6388168334961,53.688629150390625,85.88074493408203,386.44000244140625,22.570371627807617
2025-12-08,678.0127563476562,622.0079956054688,248.99542236328125,92.34874725341797,53.57093048095703,85.5982666015625,385.4200134277344,22.289813995361328
2025-12-09,677.4275512695312,622.7752075195312,249.51153564453125,92.22305297851562,53.482662200927734,85.6859359741211,387.3999938964844,22.24144172668457
2025-12-10,681.92041015625,625.3258666992188,252.90597534179688,93.24796295166016,54.0809440612793,86.01709747314453,389.04998779296875,22.376882553100586
2025-12-11,683.5072021484375,623.3033447265625,255.87364196777344,93.7990951538086,53.8259391784668,85.90022277832031,393.239990234375,22.357534408569336
2025-12-12,676.1580810546875,611.3867797851562,251.95315551757812,93.30597686767578,53.19823455810547,85.0722885131836,395.44000244140625,22.173721313476562
2025-12-15,675.1365356445312,608.3179931640625,250.04750061035156,93.87644958496094,53.04130554199219,85.1307373046875,395.79998779296875,22.067302703857422
2025-12-16,673.2918701171875,609.5235595703125,248.8644256591797,93.44133758544922,52.70604705810547,85.5982666015625,395.8900146484375,21.844791412353516
2025-12-17,665.8832397460938,598.2247924804688,246.2154541015625,92.68333435058594,52.32801055908203,85.52034759521484,399.2900085449219,22.106000900268555
2025-12-18,670.9114990234375,606.8931884765625,247.6793670654297,93.3428955078125,52.92491149902344,85.929443359375,398.57000732421875,21.951210021972656
2025-12-19,676.9923095703125,614.8042602539062,249.750732421875,93.9729232788086,53.442222595214844,85.60871887207031,399.0199890136719,22.106000900268555
2025-12-22,681.2098388671875,617.7513427734375,252.52919006347656,94.20918273925781,53.73072052001953,85.42292785644531,408.2300109863281,22.389999389648438
2025-12-23,684.3233032226562,620.6444702148438,251.035400390625,94.79000091552734,54.029170989990234,85.55982208251953,413.6400146484375,22.639999389648438
2025-12-24,686.7305297851562,622.460205078125,251.6627960205078,94.90813446044922,54.13859939575195,86.07806396484375,411.92999267578125,22.6299991607666
2025-12-26,686.660888671875,622.4203491210938,250.37814331054688,95.06563568115234,54.51663589477539,85.79450225830078,416.739990234375,22.700000762939453
2025-12-29,684.2138671875,619.4074096679688,248.8445281982422,94.7801513671875,54.37736129760742,86.11717987060547,398.6000061035156,22.489999771118164
2025-12-30,683.3782958984375,617.9707641601562,247.00218200683594,94.93766021728516,54.596221923828125,85.91183471679688,398.8900146484375,22.639999389648438
2025-12-31,678.3152465820312,612.8628540039062,245.1399383544922,94.53404235839844,54.427101135253906,85.22736358642578,396.30999755859375,22.360000610351562
2026-01-02,679.55859375,611.6756591796875,247.7490692138672,95.52831268310547,55.94919204711914,85.1002426147461,398.2799987792969,22.389999389648438
2026-01-05,684.0845947265625,616.5341796875,251.68270874023438,96.62102508544922,56.565982818603516,85.52071380615234,408.760009765625,22.809999465942383
2026-01-06,688.1529541015625,621.951416015625,255.01881408691406,96.76869201660156,56.98381042480469,85.34468841552734,413.17999267578125,22.799999237060547
2026-01-07,685.9347534179688,622.550048828125,254.4213104248047,96.40444946289062,56.556034088134766,85.84339141845703,409.2300109863281,22.59000015258789
2026-01-08,685.8651123046875,619.0083618164062,257.1997375488281,96.41429901123047,56.575931549072266,85.41314697265625,411.489990234375,22.8799991607666
2026-01-09,690.4010009765625,625.173828125,259.1516418457031,97.27073669433594,56.84453582763672,85.98029327392578,414.4700012207031,22.899999618530273
2026-01-12,691.4852294921875,625.6925659179688,260.4163513183594,97.86139678955078,57.64039611816406,85.72604370117188,422.2300109863281,23.190000534057617
2026-01-13,690.1026000976562,624.7647705078125,260.2669982910156,97.3002700805664,57.21261978149414,85.87273406982422,421.6300048828125,23.3700008392334
2026-01-14,686.7105712890625,618.0905151367188,262.099365234375,97.75311279296875,57.45138168334961,86.37142181396484,425.94000244140625,23.389999389648438
2026-01-15,688.5806884765625,620.3153076171875,264.4097595214844,97.71372985839844,57.78962326049805,86.35185241699219,423.3299865722656,23.200000762939453
2026-01-16,688.0037231445312,619.7965087890625,264.6587219238281,97.97952270507812,57.57075881958008,85.8531723022461,421.2900085449219,23.15999984741211
2026-01-20,673.9981689453125,606.6276245117188,261.49188232421875,96.4930419921875,57.01365661621094,84.72867584228516,437.2300109863281,23.479999542236328
2026-01-21,681.77685546875,614.8282470703125,266.6802978515625,97.48731231689453,57.958744049072266,85.37403106689453,443.6000061035156,23.75
2026-01-22,685.3379516601562,619.2976684570312,268.6720275878906,97.8712387084961,58.39646911621094,85.74561309814453,451.7900085449219,23.739999771118164
2026-01-23,685.5865478515625,621.2530517578125,263.712646484375,98.41267395019531,58.764556884765625,85.98029327392578,458.0,24.18000030517578
2026-01-26,689.068115234375,623.9866333007812,262.8861083984375,98.9048843383789,58.864036560058594,86.3909683227539,464.70001220703125,24.290000915527344
2026-01-27,691.8134765625,629.6432495117188,263.63299560546875,100.49964141845703,60.02798843383789,85.8531723022461,476.1000061035156,24.6200008392334
2026-01-28,691.7438354492188,631.728271484375,262.2088928222656,99.43647003173828,60.43586730957031,85.65760040283203,494.55999755859375,24.940000534057617
2026-01-29,690.3711547851562,627.9472045898438,262.27862548828125,100.10588073730469,60.127471923828125,85.67716217041016,495.8999938964844,25.299999237060547
2026-01-30,688.3121337890625,620.405029296875,258.57403564453125,99.17066955566406,58.79439926147461,85.1980209350586,444.95001220703125,24.43000030517578
2026-02-02,691.73388671875,624.6650390625,261.0935363769531,99.82039642333984,58.97346878051758,84.95459747314453,427.1300048828125,23.540000915527344
2026-02-03,685.885009765625,615.0676879882812,261.6910705566406,99.86961364746094,59.291812896728516,85.16072845458984,454.2900085449219,24.149999618530273
2026-02-04,682.5626831054688,604.322998046875,259.4404296875,100.19447326660156,58.49595260620117,84.94479370117188,453.9700012207031,24.190000534057617
2026-02-05,674.0379638671875,595.6235961914062,254.76986694335938,98.7670669555664,58.22734832763672,85.86746215820312,441.8800048828125,23.760000228881836
2026-02-06,686.96923828125,608.2138671875,263.9217834472656,101.01154327392578,59.75938415527344,85.92635345458984,455.4599914550781,24.010000228881836
2026-02-09,690.2816162109375,612.8728637695312,265.7740783691406,102.37004089355469,60.19710922241211,85.9067153930664,467.0299987792969,24.25
2026-02-10,688.4613037109375,610.029541015625,265.0570373535156,102.61614990234375,60.286643981933594,86.89810180664062,462.3999938964844,24.139999389648438
2026-02-11,688.3021850585938,611.6657104492188,263.8520812988281,103.30525207519531,61.24168014526367,86.43675994873047,467.6300048828125,24.3700008392334
2026-02-12,677.668701171875,599.22509765625,258.4645080566406,102.52755737304688,60.5452995300293,87.58519744873047,451.3900146484375,23.799999237060547
2026-02-13,678.1461181640625,600.5020141601562,261.8703308105469,102.61614990234375,60.803955078125,88.066162109375,462.6199951171875,23.8799991607666
2026-02-17,679.2402954101562,599.8834838867188,261.95001220703125,102.59646606445312,60.55524826049805,88.2134017944336,448.20001220703125,23.59000015258789
2026-02-18,682.662109375,604.3629760742188,262.89605712890625,102.71459197998047,60.873592376708984,87.87966918945312,458.2799987792969,24.209999084472656
2026-02-19,680.8616943359375,602.04833984375,263.5035095214844,102.42911529541016,60.724369049072266,87.96800994873047,459.55999755859375,24.43000030517578
2026-02-20,685.7855834960938,607.3757934570312,263.51348876953125,103.265869140625,62.01764678955078,87.76188659667969,468.6199951171875,24.600000381469727
2026-02-23,678.7827758789062,599.9932250976562,259.4105224609375,102.84256744384766,61.331214904785156,88.0857925415039,481.2799987792969,24.75
2026-02-24,683.7164916992188,606.4380493164062,262.23876953125,103.02960968017578,62.296199798583984,88.24285125732422,474.6099853515625,24.719999313354492
2026-02-25,689.4859008789062,615.227294921875,263.48358154296875,104.0140380859375,62.98263168334961,88.2526626586914,473.4200134277344,24.75
2026-02-26,685.6561889648438,607.8048095703125,264.88775634765625,103.92543029785156,62.38573455810547,88.60602569580078,477.4800109863281,24.760000228881836
2026-02-27,682.3637084960938,605.8594360351562,260.3267517089844,103.73838806152344,62.25640869140625,89.14588928222656,483.75,25.100000381469727
2026-03-02,682.7516479492188,606.6575317382812,262.716796875,101.6907958984375,61.18199157714844,88.25067901611328,490.0,25.809999465942383
2026-03-03,676.7337036132812,600.162841796875,258.16571044921875,98.53079986572266,58.117916107177734,88.07341003417969,468.1400146484375,25.90999984741211
2026-03-04,681.50830078125,609.3112182617188,260.67529296875,99.80070495605469,58.744659423828125,87.79766082763672,471.79998779296875,26.139999389648438
2026-03-05,677.7084350585938,607.4755859375,255.69601440429688,97.61529541015625,57.33200454711914,87.44312286376953,466.1300048828125,26.520000457763672
2026-03-06,668.8256225585938,598.337158203125,249.850341796875,96.74899291992188,57.02360534667969,87.11811828613281,473.510009765625,27.510000228881836
2026-03-09,674.6845092773438,606.3283081054688,252.5690155029297,97.44793701171875,58.147762298583984,87.8764419555664,472.5299987792969,27.139999389648438
2026-03-10,673.6002807617188,606.3383178710938,252.31008911132812,97.67435455322266,58.37657165527344,86.94085693359375,477.8599853515625,27.600000381469727
2026-03-11,672.7548217773438,606.2584228515625,251.80223083496094,97.4676284790039,58.52579879760742,85.8181381225586,476.239990234375,28.1299991607666
2026-03-12,662.5390625,595.85302734375,246.384765625,95.9417724609375,56.655517578125,85.65071868896484,466.8800048828125,28.860000610351562
2026-03-13,658.7890014648438,592.3213500976562,245.56814575195312,94.79984283447266,56.50629425048828,85.22724914550781,460.8399963378906,28.709999084472656
2026-03-16,665.493408203125,598.9656982421875,247.8885040283203,96.5718002319336,58.078125,85.8870849609375,460.42999267578125,28.309999465942383
2026-03-17,667.2440185546875,601.8887939453125,249.45677185058594,96.83760070800781,58.44620895385742,86.12344360351562,459.2699890136719,28.760000228881836
2026-03-18,657.9335327148438,593.4986572265625,245.43634033203125,95.18376922607422,57.262367248535156,85.64087677001953,444.739990234375,29.270000457763672
2026-03-19,656.3121337890625,591.623046875,247.04251098632812,95.01641082763672,57.322052001953125,86.16283416748047,426.4100036621094,28.84000015258789
2026-03-20,646.9034423828125,580.6888427734375,241.64535522460938,92.1320571899414,55.352291107177734,84.52801513671875,413.3800048828125,28.940000534057617
2026-03-23,653.6959228515625,587.3545532226562,246.86293029785156,94.34700012207031,57.01365661621094,85.07952117919922,404.0400085449219,27.75
2026-03-24,651.5015869140625,583.3389282226562,248.18978881835938,93.78588104248047,56.22774124145508,84.70529174804688,404.1300048828125,28.239999771118164
2026-03-25,655.1322021484375,587.1747436523438,251.2225799560547,95.15423583984375,57.123085021972656,85.52269744873047,416.2900085449219,28.170000076293945
2026-03-26,643.432373046875,573.1600952148438,246.85296630859375,93.18539428710938,55.18317413330078,84.80377197265625,400.6400146484375,28.440000534057617
2026-03-27,632.4606323242188,561.9624633789062,242.5232696533203,92.33879089355469,54.91456985473633,84.34089660644531,414.70001220703125,29.100000381469727
2026-03-30,630.3460693359375,557.6671752929688,239.04153442382812,92.60457611083984,54.466896057128906,85.46360778808594,414.5799865722656,29.260000228881836
2026-03-31,648.6688842773438,576.54638671875,247.41163635253906,95.61690521240234,56.49634552001953,85.37496948242188,430.2900085449219,28.950000762939453
2026-04-01,653.5562744140625,583.6685791015625,248.96792602539062,97.07386016845703,56.9340705871582,85.29092407226562,437.82000732421875,28.68000030517578
2026-04-02,654.144775390625,584.3378295898438,250.69381713867188,96.47335815429688,56.29737854003906,85.81497192382812,429.4100036621094,29.329999923706055
2026-04-06,657.23681640625,587.85400390625,251.76129150390625,96.95572662353516,56.814693450927734,85.67654418945312,427.6499938964844,29.479999542236328
2026-04-07,657.5260009765625,587.9439086914062,252.3099822998047,96.81790161132812,57.01365661621094,85.66665649414062,431.80999755859375,29.3700008392334
2026-04-08,674.27294921875,605.4246826171875,259.85205078125,100.59809112548828,60.127471923828125,85.94351196289062,434.5299987792969,28.559999465942383
2026-04-09,678.162841796875,609.5202026367188,261.3385009765625,100.36182403564453,59.968299865722656,85.72598266601562,437.9100036621094,28.709999084472656
2026-04-10,677.7140502929688,610.3992309570312,260.6800537109375,100.58824157714844,60.24685287475586,85.51834106445312,437.1300048828125,28.5
2026-04-13,684.3369750976562,616.7122802734375,264.4411315917969,101.20842742919922,60.754215240478516,85.77542114257812,435.3599853515625,28.959999084472656
2026-04-14,692.675537109375,627.909912109375,268.0824890136719,102.02549743652344,61.91816711425781,86.23025512695312,445.0899963378906,28.84000015258789
2026-04-15,698.1414184570312,636.7003173828125,268.75091552734375,101.70063781738281,61.87837219238281,85.85453033447266,440.4599914550781,28.889999389648438
2026-04-16,699.8569946289062,639.7669067382812,269.3095703125,101.40531158447266,62.127079010009766,85.31069946289062,440.0799865722656,29.110000610351562
2026-04-17,708.3152465820312,648.1376953125,275.125732421875,102.69490814208984,63.3109245300293,86.0918197631836,445.92999267578125,28.290000915527344
2026-04-20,706.8988037109375,646.0799560546875,276.6920166015625,102.29129791259766,62.85330581665039,86.07205200195312,442.0899963378906,28.670000076293945
2026-04-21,702.2708129882812,643.6226806640625,273.8587646484375,100.04680633544922,61.9281120300293,85.5974349975586,429.57000732421875,29.209999084472656
2026-04-22,709.3825073242188,654.390869140625,275.8240661621094,100.38151550292969,63.052268981933594,85.7655258178711,435.260009765625,29.510000228881836
2026-04-23,706.6295776367188,650.7048950195312,274.8663330078125,99.66288757324219,62.02759552001953,85.57766723632812,431.0400085449219,29.889999389648438
2026-04-24,712.10546875,663.1512451171875,275.99365234375,100.18462371826172,63.41040802001953,85.73587036132812,433.25,29.860000610351562
2026-04-27,713.332275390625,663.5008544921875,276.4825134277344,99.80070495605469,63.3109245300293,85.31069946289062,429.8900146484375,30.09000015258789
2026-04-28,709.8612060546875,656.8281860351562,273.2601623535156,99.38724517822266,62.66428756713867,85.39969635009766,421.9100036621094,30.34000015258789
2026-04-29,709.7515258789062,660.84375,271.4344787597656,98.373291015625,62.36583709716797,84.73722076416016,417.4100036621094,31.079999923706055
2026-04-30,716.8132934570312,667.0069580078125,277.310546875,100.72605895996094,63.65911865234375,84.65811157226562,423.6600036621094,31.100000381469727
2026-05-01,718.7982177734375,673.4099731445312,278.617431640625,100.50949096679688,63.79838943481445,84.96080017089844,423.17999267578125,30.809999465942383
2026-05-04,716.1649780273438,672.141357421875,277.22076416015625,99.13129425048828,63.7685432434082,84.31572723388672,414.7099914550781,31.329999923706055
2026-05-05,721.9102172851562,680.8617553710938,281.8896484375,100.45042419433594,65.06182861328125,84.78216552734375,418.2699890136719,31.200000762939453
2026-05-06,731.9443359375,695.0062255859375,286.11956787109375,103.1772689819336,67.1410140991211,85.42723846435547,430.9599914550781,30.209999084472656
2026-05-07,729.7001342773438,694.1771240234375,281.5903625488281,101.28718566894531,66.24566650390625,85.00050354003906,431.67999267578125,30.25
2026-05-08,735.724609375,710.44921875,283.495849609375,102.34051513671875,67.58869171142578,85.42723846435547,433.7699890136719,30.299999237060547
2026-05-11,737.4002685546875,712.5069580078125,284.6530456542969,102.12393951416016,67.53894805908203,84.91117858886719,434.6499938964844,31.059999465942383
2026-05-12,736.2831420898438,706.463623046875,281.8996276855469,101.53328704833984,65.47965240478516,84.34550476074219,432.92999267578125,31.690000534057617
2026-05-13,740.4025268554688,713.9254760742188,281.9993896484375,102.21253967285156,66.86246490478516,84.15695190429688,430.5,31.3700008392334
2026-05-14,746.2474975585938,718.9998168945312,283.7751770019531,101.84830474853516,67.03158569335938,84.27603149414062,427.2099914550781,31.149999618530273
2026-05-15,737.2706298828125,708.1517944335938,276.94140625,100.13540649414062,64.73352813720703,83.02558898925781,417.2900085449219,31.190000534057617
2026-05-18,736.751953125,705.1051025390625,275.3152770996094,101.0607681274414,64.63404846191406,82.92634582519531,418.42999267578125,31.3799991607666
2026-05-19,731.8446044921875,700.7599487304688,272.3523254394531,100.33229064941406,63.9277229309082,82.39044189453125,411.5,31.610000610351562
2026-05-20,739.3452758789062,712.3671875,279.2060241699219,102.00581359863281,65.12151336669922,83.27369689941406,417.3999938964844,30.8799991607666
2026-05-21,740.8114624023438,713.7256469726562,281.8197937011719,102.56693267822266,65.68856811523438,83.58134460449219,416.989990234375,30.700000762939453
2026-05-22,743.7239990234375,716.7523193359375,284.4435729980469,102.3602066040039,65.53933715820312,84.03784942626953,413.82000732421875,30.540000915527344
2026-05-26,748.6613159179688,729.4783935546875,289.82080078125,103.4922866821289,68.04631042480469,84.45466613769531,414.0,30.030000686645508
2026-05-27,748.5316162109375,728.6492919921875,289.6811218261719,103.13789367675781,68.03636169433594,84.65315246582031,408.489990234375,29.489999771118164
2026-05-28,752.6609497070312,734.79248046875,291.3371887207031,103.05914306640625,68.2552261352539,85.08981323242188,412.7699890136719,29.719999313354492
2026-05-29,754.5361328125,737.49951171875,289.740966796875,103.16743469238281,68.24527740478516,85.10967254638672,417.1199951171875,29.479999542236328
2026-06-01,756.5908203125,741.9246826171875,288.29443359375,102.81304168701172,69.7176284790039,85.1554946899414,411.260009765625,29.989999771118164
2026-06-02,757.6182250976562,745.3408813476562,290.9680480957031,103.38399505615234,70.43390655517578,85.3348388671875,411.95001220703125,30.1200008392334
2026-06-03,752.3018798828125,743.39306640625,286.9875183105469,102.4980239868164,69.5584487915039,84.99608612060547,407.8699951171875,30.290000915527344
2026-06-04,755.1445922851562,739.7969970703125,291.3172302246094,103.3150863647461,68.74269104003906,85.18538665771484,411.2699890136719,29.8799991607666
2026-06-05,735.65478515625,704.2860107421875,280.9817810058594,100.66699981689453,64.25601196289062,84.74700164794922,396.239990234375,29.229999542236328
2026-06-08,737.3204345703125,715.283935546875,283.4359436035156,101.27733612060547,65.4100112915039,84.30862426757812,397.2699890136719,29.469999313354492
2026-06-09,735.1560668945312,707.052978515625,284.3437805175781,101.29702758789062,65.47965240478516,84.8067855834961,390.7799987792969,29.06999969482422
2026-06-10,723.56591796875,692.9285278320312,281.3808288574219,99.98774719238281,64.32565307617188,84.56766510009766,374.5799865722656,29.170000076293945
2026-06-11,735.8642578125,716.332763671875,289.72100830078125,103.09852600097656,67.15096282958984,85.66361999511719,386.32000732421875,28.850000381469727
2026-06-12,739.843994140625,720.5481567382812,292.2550048828125,103.38399505615234,67.52899932861328,85.45439147949219,386.5400085449219,28.549999237060547
2026-06-15,752.890380859375,743.1832885742188,294.6400146484375,104.08000183105469,69.75,85.40457916259766,396.54998779296875,28.219999313354492
2026-06-16,748.4019775390625,729.0587768554688,292.0799865722656,104.30999755859375,68.63999938964844,85.87284851074219,397.6300048828125,27.899999618530273
2026-06-17,739.0560302734375,721.7168579101562,289.8800048828125,103.77999877929688,68.55999755859375,86.01233673095703,388.6000061035156,27.709999084472656
2026-06-18,746.739990234375,739.8070068359375,295.5899963378906,104.41000366210938,70.79000091552734,86.4307861328125,387.1199951171875,27.6299991607666
2026-06-22,744.3900146484375,737.9500122070312,298.17999267578125,104.58000183105469,71.20999908447266,85.77320861816406,384.5899963378906,27.40999984741211
2026-06-23,733.5800170898438,713.6500244140625,295.32000732421875,102.45999908447266,67.16999816894531,85.88280487060547,377.32000732421875,27.1200008392334
2026-06-24,733.239990234375,710.6199951171875,296.69000244140625,102.26000213623047,67.25,87.05846405029297,365.9200134277344,26.450000762939453
2026-06-25,734.2999877929688,716.3800048828125,298.9100036621094,103.1500015258789,67.95999908447266,87.02857971191406,369.4599914550781,26.93000030517578
2026-06-26,728.989990234375,706.52001953125,299.8299865722656,102.54000091552734,67.19000244140625,87.03854370117188,373.6300048828125,26.56999969482422
2026-06-29,741.0,724.0800170898438,298.9700012207031,103.44999694824219,67.43000030517578,87.12820434570312,368.5799865722656,26.559999465942383
2026-06-30,746.77001953125,736.4000244140625,300.45001220703125,103.87999725341797,68.41000366210938,86.10199737548828,368.3800048828125,26.65999984741211
2026-07-01,745.760009765625,725.1699829101562,299.32000732421875,103.0199966430664,66.4800033569336,85.5199966430664,370.6000061035156,26.450000762939453
2026-07-02,744.780029296875,712.5999755859375,297.5799865722656,104.37000274658203,65.69999694824219,85.51000213623047,378.1300048828125,26.56999969482422
2026-07-06,751.280029296875,722.8200073242188,298.8999938964844,105.45999908447266,67.56999969482422,85.44999694824219,382.1300048828125,27.0
2026-07-07,747.7100219726562,709.4299926757812,296.19000244140625,104.16000366210938,65.72000122070312,84.55000305175781,377.489990234375,27.350000381469727
2026-07-08,745.4000244140625,711.4400024414062,293.4800109863281,103.36000061035156,66.2300033569336,84.36000061035156,374.45001220703125,27.799999237060547
2026-07-09,751.7100219726562,723.280029296875,297.239990234375,103.91999816894531,66.77999877929688,84.48999786376953,378.17999267578125,27.579999923706055
2026-07-10,754.9500122070312,725.510009765625,295.989990234375,104.33000183105469,66.9000015258789,84.47000122070312,377.010009765625,27.520000457763672
2026-07-13,749.1699829101562,711.739990234375,293.4800109863281,103.23999786376953,64.5,83.97000122070312,367.1300048828125,28.329999923706055
2026-07-14,751.8300170898438,719.6900024414062,294.510009765625,103.95999908447266,65.66999816894531,84.08000183105469,372.1499938964844,28.6299991607666
2026-07-15,754.8099975585938,717.739990234375,295.7699890136719,104.6500015258789,65.56999969482422,84.23999786376953,372.3500061035156,28.790000915527344
2026-07-16,750.719970703125,705.9400024414062,295.5899963378906,103.80999755859375,64.19000244140625,84.20999908447266,364.9599914550781,28.459999084472656
2026-07-17,743.2899780273438,695.3300170898438,294.0400085449219,103.33000183105469,63.290000915527344,84.5199966430664,368.4100036621094,28.979999542236328
2026-07-20,742.0900268554688,696.0599975585938,292.30999755859375,102.56999969482422,63.560001373291016,83.88999938964844,367.6000061035156,29.139999389648438
2026-07-21,748.280029296875,708.969970703125,296.5400085449219,104.05999755859375,65.33999633789062,83.66000366210938,374.80999755859375,29.56999969482422
2026-07-22,747.4099731445312,705.3499755859375,293.7900085449219,104.25,64.98999786376953,83.44000244140625,379.1199951171875,29.860000610351562
2026-07-23,738.1799926757812,691.9600219726562,292.0899963378906,102.9000015258789,64.5999984741211,83.16999816894531,371.5199890136719,30.309999465942383
2026-07-24,738.9299926757812,684.22998046875,291.1700134277344,103.41000366210938,63.33000183105469,83.25,371.8999938964844,30.100000381469727
2026-07-27,739.0900268554688,682.1199951171875,292.9100036621094,103.91000366210938,63.619998931884766,83.75,374.6300048828125,29.010000228881836
2026-07-28,740.8599853515625,675.489990234375,293.3699951171875,103.88999938964844,62.36000061035156,84.23999786376953,369.3699951171875,28.600000381469727
2026-07-29,729.4600219726562,661.72998046875,288.57000732421875,103.37000274658203,61.06999969482422,82.8499984741211,371.0799865722656,29.420000076293945
2026-07-30,741.6900024414062,683.5499877929688,292.5899963378906,106.23999786376953,63.59000015258789,82.80000305175781,377.1600036621094,29.31999969482422
